{"type":"FeatureCollection","features":[{"type":"Feature","properties":{"name":"La Rioja"},"geometry":{"type":"Polygon","coordinates":[[[-66.8264291,-31.7616844],[-66.8649395,-31.6825479],[-66.8666436,-31.6333585],[-66.9499682,-31.6333162],[-67.0289853,-31.5995486],[-67.0210574,-31.5164057],[-67.0798139,-31.4609294],[-67.0999903,-31.3833306],[-67.0666284,-31.0833422],[-67.1165982,-31.0166348],[-67.0797017,-30.9303102],[-67.0796035,-30.886167],[-67.1811303,-30.7251259],[-67.3559141,-30.5577738],[-67.5789278,-30.3995355],[-67.5896606,-30.298484],[-67.9042648,-30.0649399],[-67.9894699,-29.9887408],[-68.0537064,-29.9002577],[-68.158947,-29.8861198],[-68.1617405,-29.8626572],[-68.184282,-29.8481744],[-68.1934183,-29.7857788],[-68.2538611,-29.7806961],[-68.2678056,-29.7585614],[-68.2584888,-29.7468842],[-68.3399105,-29.7049023],[-68.4851814,-29.6493497],[-68.6828779,-29.6463842],[-68.7181081,-29.6245566],[-68.8631199,-29.6354611],[-68.8868521,-29.6211736],[-68.8892364,-29.6013481],[-68.9005696,-29.618541],[-68.9356408,-29.6237185],[-68.937541,-29.6509404],[-69.01326,-29.6481911],[-69.0318473,-29.5283884],[-68.9739473,-29.4550536],[-68.9783758,-29.4244655],[-69.0017836,-29.4021604],[-68.9732546,-29.3663919],[-68.9847055,-29.324058],[-68.960317,-29.301623],[-68.964082,-29.2830835],[-68.9897973,-29.2731223],[-68.9782632,-29.2315486],[-69.0002,-29.1844],[-68.9751295,-29.1476251],[-68.9550223,-29.168717],[-68.9351287,-29.1672432],[-68.9377983,-29.1279989],[-68.9146938,-29.1142149],[-68.9277465,-29.1014186],[-68.9173878,-29.0707811],[-68.93695,-29.0171287],[-68.9284705,-28.9910021],[-68.9616998,-28.9409677],[-68.9310271,-28.9050314],[-68.9296193,-28.8402082],[-69.1611378,-28.7653936],[-69.2096344,-28.6826125],[-69.2165995,-28.6060391],[-69.2026419,-28.5959705],[-69.3160391,-28.4116372],[-69.3745365,-28.4476128],[-69.4301178,-28.4510378],[-69.4701867,-28.4149695],[-69.5184895,-28.4312427],[-69.5559321,-28.4054093],[-69.6060949,-28.4191953],[-69.6349847,-28.3840807],[-69.5970315,-28.3920799],[-69.5827621,-28.3524434],[-69.5235765,-28.3296625],[-69.5026606,-28.2642933],[-69.4744223,-28.237174],[-69.4784081,-28.206994],[-69.4562852,-28.183591],[-69.3912839,-28.2265015],[-69.381929,-28.1819644],[-69.3359292,-28.1638433],[-69.307428,-28.1289166],[-69.3013662,-28.0713271],[-69.2631984,-28.0468244],[-69.2673035,-28.0102869],[-69.2363063,-27.9675571],[-69.1773578,-27.9721509],[-69.1558572,-27.9484749],[-69.0952099,-27.7947586],[-68.7990046,-27.7556903],[-68.7254691,-27.7885739],[-68.7160278,-27.8152039],[-68.6242533,-27.7916871],[-68.5823894,-27.8197206],[-68.543315,-27.7097658],[-68.5401178,-27.7811323],[-68.5146904,-27.838393],[-68.4583426,-27.8520347],[-68.4402967,-27.8736416],[-68.4567976,-28.0154684],[-68.4400177,-28.0253942],[-68.3969307,-28.0040639],[-68.3515692,-28.0172301],[-68.3357764,-28.0376108],[-68.286295,-28.0263981],[-68.2954574,-28.0684397],[-68.2747293,-28.0950386],[-68.2462335,-28.0711283],[-68.1829977,-28.0859522],[-68.1645441,-28.1107298],[-68.1412196,-28.1017961],[-68.1074453,-28.173396],[-68.0536938,-28.1397591],[-68.0249405,-28.1393996],[-68.0224514,-28.1247913],[-67.9148948,-28.1140892],[-67.9302693,-28.1722611],[-67.8988981,-28.2120995],[-67.8941882,-28.2590958],[-67.8407757,-28.3137864],[-67.8463586,-28.3755085],[-67.8155512,-28.3759369],[-67.8061083,-28.348498],[-67.7557279,-28.352621],[-67.7606856,-28.329947],[-67.695856,-28.311741],[-67.3766953,-28.3841853],[-67.1558015,-28.3835458],[-67.075075,-28.2704035],[-67.0154272,-28.2543122],[-66.5707738,-28.2885086],[-66.51402,-28.4681254],[-66.5309006,-28.5315101],[-66.4962849,-28.5313414],[-66.4963637,-28.6217549],[-66.3977977,-28.6753017],[-66.378607,-28.7135051],[-66.3514598,-28.7212667],[-66.3887805,-28.8016401],[-66.4114268,-28.8150853],[-66.3965357,-28.8651071],[-66.0993784,-28.9440161],[-65.814712,-29.180995],[-65.8145658,-29.2695518],[-65.7483859,-29.2698732],[-65.7173476,-29.3284881],[-65.7191772,-29.4118577],[-65.4230855,-30.1195591],[-65.5206985,-30.4841023],[-65.7713258,-31.0439796],[-65.7700878,-31.8886425],[-65.8922878,-31.9106552],[-65.9792486,-31.8891634],[-66.0705453,-31.936728],[-66.0785691,-31.9701349],[-66.141267,-31.9384699],[-66.1610467,-31.93942],[-66.1584343,-31.9636445],[-66.2995556,-31.9305098],[-66.3327097,-31.9380801],[-66.3499703,-31.9982346],[-66.3690969,-31.9968104],[-66.5686971,-31.9494488],[-66.6049825,-31.9230227],[-66.6612706,-31.923595],[-66.7128876,-31.8461283],[-66.8151598,-31.7868389],[-66.8264291,-31.7616844]]]}},{"type":"Feature","properties":{"name":"San Luis"},"geometry":{"type":"Polygon","coordinates":[[[-65.2291418,-32.1999945],[-65.2458732,-32.0888966],[-65.3128077,-32.0418591],[-65.6276184,-31.898895],[-65.7795668,-31.88813],[-65.901231,-31.9104411],[-65.9792486,-31.8891634],[-66.0705453,-31.936728],[-66.0785691,-31.9701349],[-66.141267,-31.9384699],[-66.1610467,-31.93942],[-66.1584343,-31.9636445],[-66.2995556,-31.9305098],[-66.3378412,-31.9440181],[-66.3499703,-31.9982346],[-66.5686971,-31.9494488],[-66.6049825,-31.9230227],[-66.7897099,-31.9172599],[-67.137,-31.8338],[-67.2389011,-31.8808074],[-67.4672,-31.8599],[-67.438,-31.9415],[-67.44,-32.0047],[-67.4756,-32.1212],[-67.4301,-32.1994],[-67.2782,-32.2923],[-67.2655,-32.3598],[-67.330252,-32.3608684],[-67.3107741,-32.4243866],[-67.2891856,-32.4430061],[-67.3016289,-32.4706705],[-67.2832171,-32.5129581],[-67.2973673,-32.5360331],[-67.2627548,-32.5528892],[-67.2688663,-32.5701636],[-67.2440856,-32.6031596],[-67.2568513,-32.6257232],[-67.2375459,-32.6345554],[-67.2248716,-32.6823101],[-67.1878156,-32.6975246],[-67.1664716,-32.758743],[-67.1859461,-32.7695618],[-67.177892,-32.8202304],[-67.2310547,-32.8619365],[-67.2323306,-32.8866116],[-67.1794633,-33.0035545],[-67.1833665,-33.0392643],[-67.1979368,-33.0439303],[-67.1740424,-33.0770522],[-67.1847103,-33.0923558],[-67.1674242,-33.1637548],[-67.1801385,-33.2521088],[-67.1522046,-33.3265888],[-67.1454809,-33.4396081],[-67.0962044,-33.5034792],[-67.0927602,-33.5389143],[-67.0654968,-33.5503852],[-67.0689704,-33.5663247],[-67.03785,-33.6063632],[-66.998523,-33.6328052],[-67.0044625,-33.6676101],[-66.9491916,-33.7315958],[-66.8833767,-33.7689655],[-66.8731087,-33.8332639],[-66.8010226,-33.8629958],[-66.7227124,-33.9358333],[-66.6757294,-33.9416115],[-66.666134,-33.959117],[-66.663152,-33.986251],[-66.7079216,-34.0243144],[-66.6989915,-34.0459547],[-66.7155776,-34.0575357],[-66.7117428,-34.101072],[-66.7334186,-34.1368795],[-66.7110976,-34.1477692],[-66.7303061,-34.1821621],[-66.7188332,-34.212211],[-66.7477162,-34.2221436],[-66.7463299,-34.2357794],[-66.785475,-34.2337153],[-66.8013514,-34.2572984],[-66.7756861,-34.2980799],[-66.8023462,-34.3051359],[-66.7991635,-34.3353535],[-66.8120083,-34.3450831],[-66.7864393,-34.3782531],[-66.7640225,-34.3793392],[-66.7750045,-34.4099575],[-66.7950991,-34.4114269],[-66.7543086,-34.4429178],[-66.7652542,-34.5513844],[-66.7292037,-34.584852],[-66.7261765,-34.610727],[-66.7028998,-34.6195594],[-66.7121014,-34.6289134],[-66.6906984,-34.6906191],[-66.6396892,-34.7191684],[-66.6504272,-34.7577541],[-66.6066912,-34.774623],[-66.6020747,-34.8029389],[-66.5631387,-34.8287033],[-66.5448648,-34.8811488],[-66.5547266,-34.9107873],[-66.5251101,-34.9434525],[-66.5455842,-34.968177],[-66.5405095,-35.015552],[-66.5223805,-35.0203902],[-66.5266907,-35.0492954],[-66.5141743,-35.052235],[-66.5070395,-35.0903759],[-66.4876468,-35.095719],[-66.4982043,-35.1073751],[-66.4778557,-35.1409015],[-66.496806,-35.1727046],[-66.4841469,-35.2406455],[-66.5198457,-35.274958],[-66.4954029,-35.3112849],[-66.5294477,-35.442803],[-66.5170535,-35.4712167],[-66.5249954,-35.538946],[-66.5704417,-35.5811728],[-66.5476563,-35.6383218],[-66.5805579,-35.7050478],[-66.5889382,-35.7938374],[-66.6225152,-35.8504545],[-66.6185487,-35.9647332],[-66.6377828,-36.0006312],[-65.1170426,-35.9995712],[-65.1174343,-33.950752],[-65.1429875,-33.1959693],[-65.0707098,-33.1381556],[-65.0442446,-33.0631149],[-64.9996984,-33.0026712],[-65.0223094,-32.9730419],[-64.9914962,-32.944491],[-64.9651623,-32.8651516],[-64.9706447,-32.8049692],[-64.9446273,-32.7673029],[-64.9481785,-32.7228333],[-64.9161865,-32.6791802],[-64.9241352,-32.6147071],[-64.8827541,-32.5707944],[-64.8954999,-32.485185],[-64.9197847,-32.4667254],[-64.9244034,-32.3287995],[-64.9414194,-32.2983333],[-64.977267,-32.3215085],[-65.2115025,-32.3254002],[-65.2084921,-32.248909],[-65.2291418,-32.1999945]]]}},{"type":"Feature","properties":{"name":"San Juan"},"geometry":{"type":"Polygon","coordinates":[[[-67.3319058,-32.3504698],[-67.4728654,-32.3067192],[-67.5235429,-32.2208833],[-67.5468551,-32.2403296],[-67.597144,-32.246021],[-67.6069072,-32.2321321],[-67.6475752,-32.2399996],[-67.6759366,-32.225171],[-67.7108217,-32.2459137],[-67.7365438,-32.2229291],[-67.772201,-32.2355427],[-67.7965292,-32.2192185],[-67.8318056,-32.2261347],[-67.8835505,-32.1806843],[-67.9164988,-32.1753039],[-67.9385744,-32.113721],[-67.9597745,-32.1211178],[-67.9710255,-32.0960409],[-68.0523208,-32.0709563],[-68.0730044,-32.098873],[-68.0806219,-32.0845662],[-68.151981,-32.1193286],[-68.1884681,-32.10917],[-68.2060849,-32.1277979],[-68.2478299,-32.091599],[-68.3010745,-32.137918],[-68.4630444,-32.1378415],[-68.4629,-32.2377],[-68.6655808,-32.3367521],[-68.916882,-32.3367765],[-68.916687,-32.1314806],[-69.0100511,-32.1172613],[-69.0847542,-32.0538328],[-69.1150634,-32.0033076],[-69.1840013,-31.9993876],[-69.2444984,-32.0161073],[-69.276803,-32.0700205],[-69.3142091,-32.0911287],[-69.4137704,-32.0670937],[-69.4556492,-32.0746346],[-69.4771279,-32.1109616],[-69.505656,-32.1135913],[-69.5310236,-32.1408922],[-69.5968412,-32.1414471],[-69.603767,-32.2108687],[-69.6309275,-32.2628413],[-69.7301584,-32.3299212],[-69.7358795,-32.3944952],[-69.704655,-32.4025458],[-69.6877498,-32.4275551],[-69.7022881,-32.441685],[-69.7047799,-32.4964821],[-69.7544671,-32.5093177],[-69.7893136,-32.5464061],[-69.8243399,-32.5454061],[-69.8322732,-32.5683514],[-70.0030432,-32.5291273],[-70.0622483,-32.6258254],[-70.0885513,-32.622404],[-70.0909141,-32.6018771],[-70.1262554,-32.5757671],[-70.1229537,-32.5354171],[-70.1489925,-32.4658474],[-70.2363896,-32.4289437],[-70.2178556,-32.3329289],[-70.2619779,-32.2918444],[-70.3229177,-32.2678206],[-70.3009236,-32.2071774],[-70.3170759,-32.1772062],[-70.3040725,-32.136083],[-70.3415591,-32.1097462],[-70.3497076,-32.087915],[-70.3353792,-32.0702245],[-70.388251,-32.0437959],[-70.3785521,-32.0254783],[-70.3538919,-32.0255511],[-70.3287113,-32.0486703],[-70.2887571,-32.0514347],[-70.2485347,-32.0237319],[-70.2501333,-31.9933182],[-70.2082372,-31.9780393],[-70.2094603,-31.9608191],[-70.2803993,-31.8837026],[-70.3748882,-31.8859528],[-70.460515,-31.8434773],[-70.4508242,-31.8100318],[-70.4722524,-31.7588965],[-70.4580474,-31.7332864],[-70.4677034,-31.7001478],[-70.5132473,-31.6896589],[-70.5069494,-31.6519841],[-70.5669129,-31.6001585],[-70.5518121,-31.5110247],[-70.5696166,-31.4734926],[-70.5485022,-31.4482981],[-70.5602932,-31.4200663],[-70.5324626,-31.4081724],[-70.527581,-31.3663165],[-70.5470646,-31.3144515],[-70.5272591,-31.2789176],[-70.5140412,-31.1971095],[-70.5243301,-31.1891616],[-70.4973364,-31.122156],[-70.4563093,-31.0843446],[-70.4322767,-31.1018283],[-70.4014528,-31.1677007],[-70.3608924,-31.1351559],[-70.3693146,-31.1111981],[-70.3218126,-31.0443167],[-70.2690697,-31.0434021],[-70.2769554,-31.0215819],[-70.2972865,-31.0203452],[-70.2931559,-30.9703879],[-70.3232771,-30.9297462],[-70.2796483,-30.8311386],[-70.2884942,-30.7878893],[-70.2461904,-30.7286162],[-70.2591562,-30.6999024],[-70.239383,-30.6681116],[-70.2471185,-30.6346811],[-70.2083123,-30.5607181],[-70.1897085,-30.5516363],[-70.1968753,-30.5382198],[-70.1792264,-30.5124349],[-70.1951733,-30.4916928],[-70.13578,-30.4583756],[-70.1171869,-30.4310201],[-70.1542658,-30.3461068],[-70.1063883,-30.3522406],[-70.0631511,-30.3947084],[-69.9551761,-30.3857499],[-69.9348772,-30.3576751],[-69.8919511,-30.3506713],[-69.9081302,-30.3199887],[-69.8788421,-30.2576581],[-69.8856897,-30.2187294],[-69.835333,-30.2190507],[-69.8168067,-30.1882363],[-69.8312195,-30.1618448],[-69.8090862,-30.1563598],[-69.817959,-30.1293891],[-69.8995098,-30.1062153],[-69.9371318,-30.1199739],[-69.9437584,-30.0945613],[-69.9655442,-30.0852109],[-69.9102735,-30.0289064],[-69.9259473,-30.0003001],[-69.8986187,-29.9581478],[-69.8961921,-29.9362958],[-69.9093359,-29.9352607],[-69.8881927,-29.9037563],[-69.8967147,-29.8781134],[-69.877303,-29.8627913],[-69.8983727,-29.8470372],[-69.8929439,-29.821499],[-69.9133716,-29.8005722],[-69.8797184,-29.7246182],[-69.9400328,-29.6535516],[-69.9314819,-29.5843646],[-69.9556432,-29.5349029],[-69.9490342,-29.4860147],[-69.981427,-29.4521543],[-69.9667686,-29.4146286],[-70.0215894,-29.3835259],[-70.0229054,-29.3573963],[-70.0106148,-29.3548917],[-70.0203769,-29.3302574],[-69.9964859,-29.285201],[-69.9383366,-29.2505244],[-69.9525185,-29.1890485],[-69.9236315,-29.1862646],[-69.8745772,-29.1383577],[-69.7871134,-29.1300549],[-69.7928148,-29.0506346],[-69.7846609,-29.0156074],[-69.7546201,-28.9843597],[-69.7654482,-28.9003302],[-69.692879,-28.7726865],[-69.7293246,-28.7360553],[-69.7298242,-28.6783173],[-69.6934491,-28.5958484],[-69.6646573,-28.5814724],[-69.6698371,-28.5550703],[-69.6512057,-28.5323842],[-69.6805018,-28.4706247],[-69.6384716,-28.4412893],[-69.6325332,-28.4294349],[-69.6559328,-28.4127478],[-69.6374416,-28.3888237],[-69.6060949,-28.4191953],[-69.5559321,-28.4054093],[-69.5184895,-28.4312427],[-69.468785,-28.4153108],[-69.4301178,-28.4510378],[-69.3745365,-28.4476128],[-69.3160391,-28.4116372],[-69.2026419,-28.5959705],[-69.2165995,-28.6060391],[-69.2096344,-28.6826125],[-69.1611378,-28.7653936],[-68.9296193,-28.8402082],[-68.9310271,-28.9050314],[-68.9616998,-28.9409677],[-68.9284705,-28.9910021],[-68.93695,-29.0171287],[-68.9173878,-29.0707811],[-68.9277465,-29.1014186],[-68.9146938,-29.1142149],[-68.9377983,-29.1279989],[-68.9351287,-29.1672432],[-68.9550223,-29.168717],[-68.9751295,-29.1476251],[-69.0002,-29.1844],[-68.9782632,-29.2315486],[-68.9897973,-29.2731223],[-68.964082,-29.2830835],[-68.960317,-29.301623],[-68.9847055,-29.324058],[-68.9732546,-29.3663919],[-69.0017836,-29.4021604],[-68.9783758,-29.4244655],[-68.9739473,-29.4550536],[-69.0318473,-29.5283884],[-69.01326,-29.6481911],[-68.937541,-29.6509404],[-68.9356408,-29.6237185],[-68.9005696,-29.618541],[-68.8892364,-29.6013481],[-68.8868521,-29.6211736],[-68.8631199,-29.6354611],[-68.7181081,-29.6245566],[-68.6828779,-29.6463842],[-68.4851814,-29.6493497],[-68.2584888,-29.7468842],[-68.2678056,-29.7585614],[-68.2538611,-29.7806961],[-68.1989701,-29.7810774],[-68.184282,-29.8481744],[-68.1617405,-29.8626572],[-68.158947,-29.8861198],[-68.0537064,-29.9002577],[-67.9894699,-29.9887408],[-67.9042648,-30.0649399],[-67.5896606,-30.298484],[-67.5789278,-30.3995355],[-67.3559141,-30.5577738],[-67.1811303,-30.7251259],[-67.0796035,-30.886167],[-67.0797017,-30.9303102],[-67.1165982,-31.0166348],[-67.0666284,-31.0833422],[-67.0999715,-31.3854994],[-67.0796914,-31.4613221],[-67.0210574,-31.5164057],[-67.0340758,-31.5897276],[-66.9706463,-31.6283787],[-66.8666436,-31.6333585],[-66.8649395,-31.6825479],[-66.8171128,-31.7850579],[-66.716642,-31.8426599],[-66.6612706,-31.923595],[-66.7897099,-31.9172599],[-67.137,-31.8338],[-67.2389011,-31.8808074],[-67.4672,-31.8599],[-67.438,-31.9415],[-67.44,-32.0047],[-67.4756,-32.1212],[-67.4301,-32.1994],[-67.2782,-32.2923],[-67.2655,-32.3598],[-67.3319058,-32.3504698]]]}},{"type":"Feature","properties":{"name":"Mendoza"},"geometry":{"type":"Polygon","coordinates":[[[-69.5692519,-32.133035],[-69.5976923,-32.1430138],[-69.603767,-32.2108687],[-69.6309275,-32.2628413],[-69.6905322,-32.3096621],[-69.7252096,-32.3166313],[-69.7363985,-32.3932768],[-69.704655,-32.4025458],[-69.6877498,-32.4275551],[-69.7022881,-32.441685],[-69.7052756,-32.4971774],[-69.7544671,-32.5093177],[-69.7893136,-32.5464061],[-69.8243399,-32.5454061],[-69.8359685,-32.5693836],[-70.0030432,-32.5291273],[-70.0625666,-32.626001],[-70.093684,-32.6195884],[-70.0909141,-32.6018771],[-70.1260878,-32.5763374],[-70.150809,-32.58253],[-70.1721347,-32.6212105],[-70.1512692,-32.6366243],[-70.1476026,-32.7281042],[-70.1080069,-32.8002976],[-70.055214,-32.8314787],[-70.0446954,-32.8699649],[-69.9899458,-32.8980429],[-70.001323,-32.9460921],[-70.0286043,-32.9692235],[-70.0194065,-33.0062525],[-70.0359213,-33.0234984],[-70.0806928,-33.0287697],[-70.0941361,-33.0519108],[-70.0675285,-33.0875235],[-70.0756207,-33.1213607],[-70.0513172,-33.1371873],[-70.0668204,-33.1558405],[-70.0647551,-33.2052771],[-70.0548148,-33.2261955],[-70.0262225,-33.2359685],[-70.0388074,-33.2702978],[-70.0062937,-33.286037],[-70.0012136,-33.3229264],[-69.9170887,-33.2672905],[-69.9174803,-33.2447489],[-69.9046487,-33.2730943],[-69.8593891,-33.2832253],[-69.840222,-33.2720089],[-69.8002034,-33.2877724],[-69.7692347,-33.3452012],[-69.7851992,-33.3912209],[-69.8153955,-33.3909298],[-69.7954774,-33.422232],[-69.8200196,-33.43248],[-69.8151123,-33.4693047],[-69.8352599,-33.5153551],[-69.8715234,-33.5388684],[-69.8653527,-33.585524],[-69.8807937,-33.6184369],[-69.8703765,-33.6519355],[-69.88478,-33.6832442],[-69.8642038,-33.7166803],[-69.9043429,-33.7724856],[-69.8989999,-33.8474116],[-69.8554006,-33.8923201],[-69.8899341,-33.9201842],[-69.9054748,-33.9647007],[-69.8838562,-33.9766414],[-69.8542178,-33.9639666],[-69.8393616,-34.0070491],[-69.8213768,-34.0157394],[-69.854486,-34.0558505],[-69.833774,-34.0870266],[-69.8730522,-34.1326679],[-69.7966576,-34.2089097],[-69.8076332,-34.2480025],[-69.8959127,-34.2648666],[-69.9099316,-34.2917449],[-69.9724227,-34.2497141],[-70.0312221,-34.2878218],[-70.0126773,-34.4126852],[-70.0420475,-34.4240095],[-70.082227,-34.4722412],[-70.129804,-34.485167],[-70.1444864,-34.5325988],[-70.2168685,-34.6109766],[-70.21586,-34.6834315],[-70.2475691,-34.6937134],[-70.2592796,-34.7301727],[-70.3062773,-34.7473516],[-70.3087717,-34.7697623],[-70.2479446,-34.7989861],[-70.2795088,-34.8524988],[-70.2765423,-34.8755586],[-70.3312004,-34.9367837],[-70.3337807,-34.9904748],[-70.3643899,-35.0059157],[-70.361343,-35.0351312],[-70.3764868,-35.0500157],[-70.3578226,-35.0992096],[-70.374341,-35.1704538],[-70.4722443,-35.203537],[-70.5363438,-35.1991382],[-70.567429,-35.2237199],[-70.5836284,-35.2665315],[-70.5655825,-35.2995581],[-70.4995465,-35.3215858],[-70.4321775,-35.3181126],[-70.4180121,-35.3544945],[-70.452286,-35.3915646],[-70.4383117,-35.4137071],[-70.4521841,-35.4267301],[-70.4322124,-35.4457515],[-70.4466212,-35.4635231],[-70.4144454,-35.4886292],[-70.3951442,-35.485742],[-70.3679305,-35.5211938],[-70.4121548,-35.526123],[-70.3843725,-35.605507],[-70.4237734,-35.6400741],[-70.397687,-35.663433],[-70.3991461,-35.6863372],[-70.3742766,-35.7003833],[-70.3582585,-35.7490723],[-70.3798127,-35.7661891],[-70.3787506,-35.7875886],[-70.3126717,-35.8133196],[-70.3690839,-35.8416688],[-70.3830957,-35.8681257],[-70.4217625,-35.8764804],[-70.423522,-35.9152565],[-70.3658491,-35.923641],[-70.4231009,-35.9721455],[-70.3748077,-35.9946613],[-70.3700012,-36.040732],[-70.398615,-36.0529199],[-70.383208,-36.1078956],[-70.3986579,-36.1227535],[-70.394581,-36.1951399],[-70.3707764,-36.2236789],[-70.3722328,-36.2812835],[-70.3424442,-36.334803],[-70.3031659,-36.3405416],[-70.2473277,-36.3214703],[-70.2200335,-36.3323052],[-70.1954484,-36.4232076],[-70.2017006,-36.4538465],[-70.1779926,-36.4954235],[-70.1383871,-36.5267042],[-70.1228088,-36.5705449],[-70.0756341,-36.6065452],[-70.0456739,-36.6566326],[-70.0219739,-36.6659103],[-70.011937,-36.695608],[-69.987486,-36.6928422],[-69.9474996,-36.7215319],[-69.9437767,-36.7450786],[-69.919948,-36.7623696],[-69.9220026,-36.794513],[-69.8735941,-36.8114579],[-69.8503876,-36.8463324],[-69.7593612,-36.8722921],[-69.7521329,-36.8862971],[-69.7790408,-36.9171018],[-69.7762426,-36.9913262],[-69.755666,-37.0687429],[-69.7113588,-37.1017226],[-69.5299646,-37.1743613],[-69.4295027,-37.1596984],[-69.3968366,-37.1718742],[-69.2682288,-37.144733],[-69.2206854,-37.1764194],[-69.1723573,-37.1781846],[-69.0644842,-37.2235668],[-69.0384078,-37.2553236],[-69.0500771,-37.3143728],[-69.0261867,-37.364713],[-68.9766097,-37.379361],[-68.901701,-37.3743351],[-68.8657701,-37.40123],[-68.7657344,-37.3666868],[-68.7218176,-37.3893213],[-68.6972255,-37.4421846],[-68.5049594,-37.4539773],[-68.4372929,-37.5442028],[-68.2499645,-37.5747808],[-68.2501786,-36.1724792],[-68.2960402,-36.1725083],[-68.2965035,-35.9993972],[-66.6377828,-36.0006312],[-66.6197568,-35.9709127],[-66.6230012,-35.8530755],[-66.5889382,-35.7938374],[-66.5805579,-35.7050478],[-66.5485672,-35.6430585],[-66.5704417,-35.5811728],[-66.5249954,-35.538946],[-66.5170535,-35.4712167],[-66.5294477,-35.442803],[-66.4954029,-35.3112849],[-66.5198457,-35.274958],[-66.4841469,-35.2406455],[-66.496806,-35.1727046],[-66.4778557,-35.1409015],[-66.4982043,-35.1073751],[-66.4876468,-35.095719],[-66.5070395,-35.0903759],[-66.5141743,-35.052235],[-66.5266907,-35.0492954],[-66.5223805,-35.0203902],[-66.5405095,-35.015552],[-66.5455842,-34.968177],[-66.5251101,-34.9434525],[-66.5547266,-34.9107873],[-66.5448648,-34.8811488],[-66.5631387,-34.8287033],[-66.6020747,-34.8029389],[-66.6066912,-34.774623],[-66.6504272,-34.7577541],[-66.6396892,-34.7191684],[-66.6906984,-34.6906191],[-66.7121014,-34.6289134],[-66.7028998,-34.6195594],[-66.7261765,-34.610727],[-66.7292037,-34.584852],[-66.7652542,-34.5513844],[-66.7543086,-34.4429178],[-66.7950991,-34.4114269],[-66.7750045,-34.4099575],[-66.7640225,-34.3793392],[-66.7864393,-34.3782531],[-66.8120083,-34.3450831],[-66.7991635,-34.3353535],[-66.8023462,-34.3051359],[-66.7756861,-34.2980799],[-66.8013514,-34.2572984],[-66.785475,-34.2337153],[-66.7463299,-34.2357794],[-66.7477162,-34.2221436],[-66.7188332,-34.212211],[-66.7303061,-34.1821621],[-66.7110976,-34.1477692],[-66.7334186,-34.1368795],[-66.7117428,-34.101072],[-66.7155776,-34.0575357],[-66.6989915,-34.0459547],[-66.7079216,-34.0243144],[-66.663152,-33.986251],[-66.666134,-33.959117],[-66.6757294,-33.9416115],[-66.7227124,-33.9358333],[-66.8010226,-33.8629958],[-66.8731087,-33.8332639],[-66.8833767,-33.7689655],[-66.9491916,-33.7315958],[-67.0044625,-33.6676101],[-66.998523,-33.6328052],[-67.03785,-33.6063632],[-67.0689704,-33.5663247],[-67.0654968,-33.5503852],[-67.0960302,-33.5333097],[-67.0962773,-33.5033525],[-67.135431,-33.4649489],[-67.1526352,-33.4120191],[-67.1523095,-33.3260656],[-67.1801385,-33.2521088],[-67.1674242,-33.1637548],[-67.1847103,-33.0923558],[-67.1740424,-33.0770522],[-67.1979368,-33.0439303],[-67.1833665,-33.0392643],[-67.1794633,-33.0035545],[-67.2323306,-32.8866116],[-67.2310547,-32.8619365],[-67.177892,-32.8202304],[-67.1859461,-32.7695618],[-67.1677133,-32.7545884],[-67.1878156,-32.6975246],[-67.2248716,-32.6823101],[-67.2375459,-32.6345554],[-67.2568513,-32.6257232],[-67.2440856,-32.6031596],[-67.2688663,-32.5701636],[-67.2627548,-32.5528892],[-67.2973673,-32.5360331],[-67.2832171,-32.5129581],[-67.3016289,-32.4706705],[-67.2891856,-32.4430061],[-67.3107741,-32.4243866],[-67.3319058,-32.3504698],[-67.4728654,-32.3067192],[-67.5208221,-32.2217851],[-67.597144,-32.246021],[-67.6069072,-32.2321321],[-67.6475752,-32.2399996],[-67.6759366,-32.225171],[-67.7108217,-32.2459137],[-67.7365438,-32.2229291],[-67.772201,-32.2355427],[-67.7965292,-32.2192185],[-67.8318056,-32.2261347],[-67.8835505,-32.1806843],[-67.9164988,-32.1753039],[-67.9385744,-32.113721],[-67.9597745,-32.1211178],[-67.9710255,-32.0960409],[-68.0523208,-32.0709563],[-68.0730044,-32.098873],[-68.0806219,-32.0845662],[-68.151981,-32.1193286],[-68.1884681,-32.10917],[-68.2060849,-32.1277979],[-68.2478299,-32.091599],[-68.3010745,-32.137918],[-68.4630444,-32.1378415],[-68.4629,-32.2377],[-68.6655808,-32.3367521],[-68.916882,-32.3367765],[-68.916687,-32.1314806],[-69.0155122,-32.114262],[-69.1198661,-32.0009839],[-69.2444984,-32.0161073],[-69.276803,-32.0700205],[-69.3142091,-32.0911287],[-69.4137704,-32.0670937],[-69.4556492,-32.0746346],[-69.4771279,-32.1109616],[-69.505656,-32.1135913],[-69.5310236,-32.1408922],[-69.5692519,-32.133035]]]}},{"type":"Feature","properties":{"name":"La Pampa"},"geometry":{"type":"Polygon","coordinates":[[[-63.383251,-39.3274943],[-63.3855626,-35.0023259],[-65.1177032,-35.0153678],[-65.1170426,-35.9995712],[-68.2965035,-35.9993972],[-68.2960402,-36.1725083],[-68.2501786,-36.1724792],[-68.2499645,-37.5747808],[-68.2167721,-37.5890837],[-68.1512522,-37.5803297],[-68.1059296,-37.5963307],[-67.8708503,-37.6127377],[-67.7861577,-37.6516228],[-67.7705812,-37.6693443],[-67.7607736,-37.7434882],[-67.7240778,-37.7938],[-67.7304599,-37.8525947],[-67.7798885,-37.8970913],[-67.8478718,-37.9181715],[-67.9018647,-37.9950974],[-67.843548,-38.0516142],[-67.8486604,-38.0665665],[-67.835421,-38.0558003],[-67.8095698,-38.0724621],[-67.7831072,-38.0516163],[-67.7629638,-38.0689653],[-67.750454,-38.0557369],[-67.7475303,-38.0740964],[-67.7300865,-38.0765843],[-67.7301485,-38.1144781],[-67.6892245,-38.1332738],[-67.6679492,-38.1927027],[-67.6325701,-38.2083856],[-67.6312211,-38.2280087],[-67.3650777,-38.2523451],[-67.2085619,-38.2035541],[-67.1836337,-38.2234402],[-67.1964594,-38.253919],[-67.1702707,-38.2610556],[-67.172631,-38.2790054],[-67.1527934,-38.292286],[-67.152375,-38.357668],[-67.1194406,-38.3561113],[-67.0892036,-38.3974339],[-67.0076323,-38.4239912],[-66.9944251,-38.4459174],[-66.8969855,-38.4437069],[-66.8921654,-38.4618958],[-66.8543708,-38.4754387],[-66.786055,-38.4802933],[-66.7124283,-38.5316839],[-66.6360922,-38.5417095],[-66.6344402,-38.5561233],[-66.6095872,-38.5579076],[-66.5782161,-38.6223262],[-66.6075364,-38.6782743],[-66.5759468,-38.7013364],[-66.5548217,-38.6973926],[-66.54087,-38.7197408],[-66.4973795,-38.718231],[-66.4747471,-38.7376992],[-66.4188016,-38.7445278],[-66.4086521,-38.7301921],[-66.4049899,-38.7439301],[-66.3429219,-38.7580448],[-66.3219041,-38.7482305],[-66.3138347,-38.761469],[-66.3105131,-38.7431882],[-66.2894245,-38.7558291],[-66.2069607,-38.7312132],[-66.1812007,-38.7309328],[-66.17751,-38.7453227],[-66.1551511,-38.7289785],[-66.1197652,-38.7431839],[-66.0845311,-38.7252698],[-66.0634303,-38.7516067],[-66.0317963,-38.7392181],[-66.0323382,-38.7513138],[-65.9519577,-38.7472891],[-65.9460676,-38.7685981],[-65.8768451,-38.7779831],[-65.8828932,-38.7898978],[-65.8641154,-38.8000732],[-65.8358073,-38.7863132],[-65.8057186,-38.7934916],[-65.8061376,-38.8063013],[-65.7869858,-38.7946673],[-65.7753074,-38.8125974],[-65.7007635,-38.8166811],[-65.691011,-38.8344176],[-65.6512177,-38.8267284],[-65.6464358,-38.8091897],[-65.6307632,-38.8181314],[-65.6315727,-38.8024344],[-65.6149055,-38.8079784],[-65.6086671,-38.7963146],[-65.6254238,-38.7887917],[-65.6016597,-38.7764953],[-65.5256472,-38.7788196],[-65.3910381,-38.8307528],[-65.3753423,-38.8559937],[-65.2795601,-38.8214291],[-65.1919055,-38.8362395],[-65.1927853,-38.8103862],[-65.1652604,-38.8025857],[-65.1405788,-38.8184198],[-65.1115845,-38.7997218],[-64.9238348,-38.8332601],[-64.8775033,-38.8145999],[-64.8470294,-38.8267988],[-64.807958,-38.8160082],[-64.7376877,-38.8407599],[-64.6717083,-38.8335546],[-64.5967743,-38.8593202],[-64.4752353,-38.8602204],[-64.4133807,-38.8837224],[-64.3974245,-38.8729972],[-64.395411,-38.8875245],[-64.34887,-38.8834123],[-64.3236666,-38.9066868],[-64.2934835,-38.897784],[-64.0644711,-38.9914207],[-64.0629262,-39.0101807],[-64.0467766,-38.9990798],[-64.0098725,-39.0033044],[-64.023092,-39.0176135],[-63.991456,-39.0108434],[-64.0025389,-39.0305609],[-63.9337491,-39.0613569],[-63.9358914,-39.0915081],[-63.8426364,-39.1083184],[-63.8333329,-39.1364756],[-63.7900329,-39.1082435],[-63.7574226,-39.1295026],[-63.7640101,-39.1546116],[-63.7441456,-39.1644322],[-63.7432551,-39.1889008],[-63.6718011,-39.2035597],[-63.6743277,-39.222122],[-63.6344964,-39.2271869],[-63.6327241,-39.2476524],[-63.6182745,-39.2358603],[-63.6157174,-39.2534985],[-63.5935413,-39.2458098],[-63.5578769,-39.2614499],[-63.5424006,-39.2950934],[-63.5119417,-39.3127167],[-63.383251,-39.3274943]]]}},{"type":"Feature","properties":{"name":"Santa Fe"},"geometry":{"type":"Polygon","coordinates":[[[-58.8801957,-28.0687237],[-58.9525938,-28.1369019],[-59.0619851,-28.1280461],[-59.1073037,-28.2218274],[-59.1034842,-28.3289377],[-59.0694524,-28.3920799],[-59.0890218,-28.4339022],[-59.0560627,-28.5062219],[-59.084344,-28.5392906],[-59.1058016,-28.6144766],[-59.0789795,-28.6691646],[-59.1449449,-28.7768359],[-59.1418935,-28.81219],[-59.1808606,-28.9451806],[-59.2095494,-28.9691752],[-59.2046786,-29.0407877],[-59.2750168,-29.0995644],[-59.3540454,-29.1224172],[-59.3994813,-29.217474],[-59.5007944,-29.2435885],[-59.5176172,-29.3403963],[-59.6041775,-29.3938416],[-59.5837669,-29.4560047],[-59.6306992,-29.5395607],[-59.5959964,-29.5829501],[-59.6320404,-29.6642359],[-59.6142261,-29.7375804],[-59.663862,-29.8340315],[-59.609263,-29.8944572],[-59.566412,-30.0077942],[-59.6122305,-30.1057641],[-59.6966557,-30.4214232],[-59.688592,-30.4582923],[-59.6530324,-30.4856461],[-59.6583152,-30.6316531],[-59.6267896,-30.7054433],[-59.7596555,-30.8997772],[-59.8220826,-30.9516949],[-60.0041013,-31.2388402],[-60.0923352,-31.2951841],[-60.0837522,-31.340059],[-60.1119046,-31.4080638],[-60.1898389,-31.4648922],[-60.2348142,-31.5249052],[-60.3399353,-31.5553727],[-60.3311162,-31.6060627],[-60.3508573,-31.6220154],[-60.4764755,-31.6980887],[-60.5690389,-31.6996014],[-60.62946,-31.7368553],[-60.638601,-31.7814273],[-60.6763315,-31.8177903],[-60.6570626,-31.8420555],[-60.6515694,-31.8937003],[-60.6938128,-31.9463844],[-60.6586075,-32.0825382],[-60.7060719,-32.1647871],[-60.6737258,-32.228177],[-60.6760432,-32.3134137],[-60.7368422,-32.343784],[-60.7134963,-32.3823172],[-60.7186104,-32.4313742],[-60.7332494,-32.4700703],[-60.7716036,-32.5077712],[-60.7454682,-32.5628013],[-60.7512617,-32.6241955],[-60.7140233,-32.6825498],[-60.7224347,-32.7570179],[-60.7018353,-32.7956986],[-60.6575059,-32.8309894],[-60.6822094,-32.8769295],[-60.6668164,-32.9119282],[-60.615111,-32.9499741],[-60.5980496,-33.0093347],[-60.5232297,-33.0803437],[-60.5014515,-33.1266441],[-60.3773059,-33.1808934],[-60.3032256,-33.1867332],[-60.2824974,-33.2038812],[-60.2941489,-33.2428691],[-60.2522629,-33.2756093],[-60.2730454,-33.2638619],[-60.2647083,-33.28154],[-60.3239434,-33.3507345],[-60.3353899,-33.4124066],[-60.4101925,-33.4677255],[-60.4238969,-33.528554],[-60.4137679,-33.5447898],[-60.4574208,-33.5824059],[-60.4594232,-33.6312042],[-60.5570877,-33.6466105],[-60.6197471,-33.6288312],[-60.6837778,-33.5855109],[-60.7818857,-33.5790179],[-60.8181733,-33.540342],[-60.8790072,-33.5546812],[-60.9181759,-33.5884961],[-60.9341434,-33.6537377],[-60.9869117,-33.6863154],[-61.3286259,-34.0276706],[-61.7176808,-34.385686],[-62.8840813,-34.3863745],[-61.9203523,-33.1202006],[-61.7874259,-33.0057574],[-61.790986,-32.9584052],[-61.771597,-32.9014158],[-61.7921879,-32.8774691],[-61.7777072,-32.8304536],[-61.7957704,-32.7740747],[-61.8280002,-32.7548203],[-61.8576698,-32.6944773],[-61.9076162,-32.6956944],[-61.9466178,-32.6784541],[-61.9462861,-32.6511601],[-61.8894728,-32.6107102],[-61.8916833,-32.5906641],[-61.9264043,-32.5839246],[-61.9025198,-32.5689762],[-61.9049483,-32.5525834],[-61.9305529,-32.5445268],[-61.9120394,-32.5266347],[-61.9282513,-32.4648305],[-62.0116802,-32.3471648],[-62.03796,-32.2628772],[-62.1441671,-32.1945788],[-62.1967002,-32.114831],[-62.1675083,-31.9864531],[-62.1886275,-31.9223226],[-62.223252,-31.8834833],[-62.2177104,-31.7413792],[-62.2414211,-31.70013],[-62.1271395,-31.6165162],[-61.8429896,-30.746628],[-62.1306389,-30.480514],[-61.7120447,-27.9985522],[-58.8840087,-27.9994794],[-58.8801957,-28.0687237]]]}},{"type":"Feature","properties":{"name":"Santiago del Estero"},"geometry":{"type":"Polygon","coordinates":[[[-65.1364546,-28.6484323],[-65.1266034,-28.7163786],[-65.0168463,-28.7387251],[-64.9785959,-28.788682],[-64.9012978,-28.8385022],[-64.9068004,-28.9316502],[-64.8634699,-29.0160493],[-64.8544848,-29.1981616],[-64.8413592,-29.224445],[-64.7807162,-29.2677942],[-64.8246906,-29.2740066],[-64.8418683,-29.3117805],[-64.83595,-29.3469423],[-64.7860667,-29.4054419],[-64.8259691,-29.4737382],[-64.8246472,-29.5742646],[-64.3423785,-29.5004288],[-64.0820236,-29.5300124],[-63.9814105,-29.5508479],[-63.9623148,-29.6235807],[-63.8737052,-29.6303887],[-63.8421199,-29.5807712],[-63.8119551,-29.5790634],[-63.7836753,-29.584163],[-63.7959375,-29.6148689],[-63.753866,-29.6218522],[-63.74855,-29.6533589],[-63.7206495,-29.6662983],[-63.6277139,-29.6550406],[-63.4653309,-29.6644454],[-63.4803462,-29.7255436],[-63.4596643,-29.7257684],[-63.4596575,-29.7568953],[-62.8078884,-29.8157836],[-62.8064883,-29.8342316],[-62.8291453,-29.8417289],[-62.8379166,-29.8706604],[-62.8201379,-29.9040463],[-62.7995092,-29.9088648],[-62.7900064,-29.9641412],[-62.6622868,-29.9976394],[-62.6552653,-30.0079475],[-62.6758866,-30.0351899],[-62.657159,-30.0551629],[-62.6320119,-30.0436333],[-62.6091946,-30.0610905],[-62.5589696,-30.0655929],[-62.5663578,-30.1212325],[-62.6013782,-30.1918791],[-62.5929753,-30.2602343],[-62.5200131,-30.341916],[-62.1737934,-30.3453281],[-62.1306389,-30.480514],[-61.7120904,-27.9991065],[-61.711828,-25.6548139],[-63.4224747,-25.6490347],[-63.4760921,-25.7098297],[-63.567496,-25.7094494],[-63.6604221,-25.6853336],[-64.0077853,-25.6733052],[-64.0254214,-25.7533934],[-64.1960335,-25.7273773],[-64.1974068,-25.7098703],[-64.2683029,-25.7007136],[-64.4036579,-26.0311691],[-64.4121423,-26.1134504],[-64.5025263,-26.2391677],[-64.4816866,-26.3074499],[-64.52213,-26.355505],[-64.5341255,-26.4093612],[-64.5045515,-26.6766811],[-64.5901355,-26.6605235],[-64.6220921,-26.8091377],[-64.6721918,-26.8004199],[-64.7108997,-26.9736586],[-64.7532236,-26.9660382],[-64.7608393,-27.0026471],[-64.7493517,-27.0046205],[-64.7984182,-27.1505902],[-64.8111306,-27.1487738],[-64.8545731,-27.3184167],[-64.9326363,-27.3449991],[-65.0122453,-27.4662515],[-64.9557684,-27.5460866],[-65.0297983,-27.5868191],[-64.9882281,-27.7338762],[-65.024069,-27.7093359],[-65.0074299,-27.7616678],[-65.0389741,-27.8792441],[-65.1066542,-27.893215],[-65.1590957,-27.8772398],[-65.17828,-27.9159915],[-65.1121317,-28.1916161],[-65.0970547,-28.4711495],[-65.1256409,-28.6115162],[-65.1846188,-28.600273],[-65.1883614,-28.6189258],[-65.1364546,-28.6484323]]]}},{"type":"Feature","properties":{"name":"Catamarca"},"geometry":{"type":"Polygon","coordinates":[[[-65.1266034,-28.7163786],[-65.1363628,-28.6469457],[-65.1883614,-28.6189258],[-65.1846188,-28.600273],[-65.1256409,-28.6115162],[-65.0970547,-28.4711495],[-65.1124509,-28.186361],[-65.1708439,-27.9464526],[-65.3606277,-27.8291899],[-65.4198713,-27.8877713],[-65.5008268,-27.9244097],[-65.5684657,-28.0126715],[-65.6128188,-27.9909349],[-65.6183978,-27.9713413],[-65.667817,-27.9701823],[-65.6709588,-27.9303158],[-65.6992057,-27.8898305],[-65.7022544,-27.8180089],[-65.7503672,-27.7688645],[-65.8036279,-27.7683266],[-65.7945877,-27.8065892],[-65.8207563,-27.8202262],[-65.8322868,-27.8510592],[-65.828662,-27.8145586],[-65.865655,-27.6888483],[-65.875311,-27.6725067],[-65.9153724,-27.6690671],[-65.9707332,-27.5252274],[-65.9718954,-27.3331279],[-66.140793,-27.2610565],[-66.110766,-27.2161096],[-66.0779357,-27.2092017],[-66.0547185,-27.144147],[-65.9896129,-27.1047804],[-65.9644032,-27.0331156],[-65.9171963,-27.0147462],[-65.9139348,-26.982779],[-65.8912325,-26.9750918],[-65.8749032,-26.9329269],[-65.8577586,-26.929072],[-65.8576298,-26.9012139],[-65.9005237,-26.8637783],[-65.8743882,-26.8180579],[-65.8814478,-26.8061078],[-65.8300781,-26.7442115],[-66.0437885,-26.6002451],[-66.1722852,-26.6289307],[-66.1644746,-26.5026844],[-66.1776925,-26.4714949],[-66.1540032,-26.440297],[-66.1584664,-26.4013261],[-66.1189843,-26.3770298],[-66.1213876,-26.2760998],[-66.0979558,-26.2510845],[-66.0992,-26.2166],[-66.1707117,-26.1338468],[-66.2306071,-26.1492167],[-66.2924266,-26.2294323],[-66.3821412,-26.4167008],[-66.4610249,-26.3640916],[-66.5398818,-26.3531564],[-66.5594646,-26.2885766],[-66.5076739,-26.2730358],[-66.5682435,-26.2497855],[-66.5841839,-26.1598365],[-66.6611552,-26.1061738],[-66.6608682,-26.0766555],[-66.7023298,-26.0821434],[-66.7811412,-26.0468694],[-66.8466333,-25.9700711],[-66.8475817,-25.7962728],[-66.8735594,-25.76618],[-66.8471825,-25.7170161],[-66.8018103,-25.6988883],[-66.6487313,-25.7119195],[-66.6067171,-25.6293967],[-66.5638447,-25.620942],[-66.5716553,-25.5855883],[-66.5366042,-25.537698],[-66.535821,-25.464335],[-66.5192771,-25.4365701],[-66.5370226,-25.3725877],[-66.5998507,-25.3622148],[-66.5593434,-25.2986428],[-66.8794989,-25.2412435],[-67.864494,-25.237685],[-68.5072231,-25.1685671],[-68.5089076,-25.231944],[-68.5342383,-25.2365636],[-68.5477781,-25.2624824],[-68.5290134,-25.2894142],[-68.5457747,-25.2985069],[-68.5222831,-25.314192],[-68.5226055,-25.3743526],[-68.5710597,-25.4178451],[-68.5899532,-25.414405],[-68.5892558,-25.4483899],[-68.5726529,-25.4943596],[-68.5383743,-25.5090883],[-68.5429877,-25.5492029],[-68.514951,-25.5744391],[-68.5323902,-25.5813891],[-68.5457798,-25.6304614],[-68.5194641,-25.6418449],[-68.4789169,-25.7080995],[-68.3810751,-26.1782199],[-68.5575358,-26.2871033],[-68.5877017,-26.4922708],[-68.2632095,-26.9191726],[-68.2915111,-26.9257668],[-68.2934219,-26.957156],[-68.3183247,-26.9824904],[-68.2985359,-27.0388991],[-68.3477095,-27.0337462],[-68.4040915,-27.0654779],[-68.4309051,-27.064374],[-68.4537702,-27.0948707],[-68.4836502,-27.0578791],[-68.4769264,-27.1209233],[-68.4963842,-27.1351392],[-68.5401526,-27.1098698],[-68.5570049,-27.1150721],[-68.5728474,-27.1752018],[-68.6022664,-27.1593139],[-68.6183769,-27.1698979],[-68.6686737,-27.1037584],[-68.7039586,-27.100259],[-68.7510797,-27.113087],[-68.7781902,-27.0988677],[-68.8069707,-27.1526342],[-68.8412019,-27.1546402],[-68.8683931,-27.2606223],[-68.8084781,-27.3011067],[-68.8686677,-27.3170377],[-68.8980084,-27.3814714],[-68.8875979,-27.3983701],[-68.9300266,-27.4112289],[-68.9366184,-27.4444064],[-68.9668495,-27.4302929],[-68.9887191,-27.4467696],[-68.9612947,-27.4715657],[-68.9423104,-27.5232496],[-68.9875255,-27.5236042],[-68.9766342,-27.5606375],[-69.0531694,-27.616953],[-69.0613147,-27.6651364],[-69.0444833,-27.696915],[-69.0894046,-27.7219587],[-69.0952099,-27.7947586],[-68.7990046,-27.7556903],[-68.7254691,-27.7885739],[-68.7160278,-27.8152039],[-68.6242533,-27.7916871],[-68.5823894,-27.8197206],[-68.543315,-27.7097658],[-68.5401178,-27.7811323],[-68.5146904,-27.838393],[-68.4583426,-27.8520347],[-68.4402967,-27.8736416],[-68.4567976,-28.0154684],[-68.4400177,-28.0253942],[-68.3969307,-28.0040639],[-68.3515692,-28.0172301],[-68.3357764,-28.0376108],[-68.286295,-28.0263981],[-68.2954574,-28.0684397],[-68.2747293,-28.0950386],[-68.2462335,-28.0711283],[-68.1829977,-28.0859522],[-68.1645441,-28.1107298],[-68.1412196,-28.1017961],[-68.1074453,-28.173396],[-68.0536938,-28.1397591],[-68.0249405,-28.1393996],[-68.0224514,-28.1247913],[-67.9148948,-28.1140892],[-67.9302693,-28.1722611],[-67.8988981,-28.2120995],[-67.8941882,-28.2590958],[-67.8407757,-28.3137864],[-67.8463586,-28.3755085],[-67.8155512,-28.3759369],[-67.8061083,-28.348498],[-67.7557279,-28.352621],[-67.7606856,-28.329947],[-67.695856,-28.311741],[-67.3766953,-28.3841853],[-67.1558015,-28.3835458],[-67.075075,-28.2704035],[-67.0154272,-28.2543122],[-66.5707738,-28.2885086],[-66.51402,-28.4681254],[-66.5309006,-28.5315101],[-66.4962849,-28.5313414],[-66.4963637,-28.6217549],[-66.3977977,-28.6753017],[-66.378607,-28.7135051],[-66.3514598,-28.7212667],[-66.3887805,-28.8016401],[-66.4114268,-28.8150853],[-66.3965357,-28.8651071],[-66.0993784,-28.9440161],[-65.814712,-29.180995],[-65.8145658,-29.2695518],[-65.7483859,-29.2698732],[-65.7173476,-29.3284881],[-65.7191772,-29.4118577],[-65.4230855,-30.1195591],[-65.1582695,-30.0472663],[-64.9379301,-29.8475104],[-64.9640506,-29.5960946],[-64.8246472,-29.5742646],[-64.8259691,-29.4737382],[-64.7860667,-29.4054419],[-64.842459,-29.3342365],[-64.8305188,-29.2786087],[-64.7807162,-29.2677942],[-64.8413592,-29.224445],[-64.8544848,-29.1981616],[-64.8634699,-29.0160493],[-64.9068004,-28.9316502],[-64.9012978,-28.8385022],[-64.9785959,-28.788682],[-65.0168463,-28.7387251],[-65.1266034,-28.7163786]]]}},{"type":"Feature","properties":{"name":"Río Negro"},"geometry":{"type":"MultiPolygon","coordinates":[[[[-65.2253407,-38.8341463],[-65.1910633,-38.8358425],[-65.1935041,-38.810963],[-65.1698846,-38.8025481],[-65.1405788,-38.8184198],[-65.1130813,-38.7997711],[-64.9238348,-38.8332601],[-64.8775033,-38.8145999],[-64.8470294,-38.8267988],[-64.807958,-38.8160082],[-64.7376877,-38.8407599],[-64.6717083,-38.8335546],[-64.5967743,-38.8593202],[-64.4752353,-38.8602204],[-64.4133807,-38.8837224],[-64.3974245,-38.8729972],[-64.395411,-38.8875245],[-64.34887,-38.8834123],[-64.3236666,-38.9066868],[-64.2934835,-38.897784],[-64.0644711,-38.9914207],[-64.0629262,-39.0101807],[-64.0467766,-38.9990798],[-64.0098725,-39.0033044],[-64.023092,-39.0176135],[-63.991456,-39.0108434],[-64.0025389,-39.0305609],[-63.9337491,-39.0613569],[-63.9365244,-39.0910751],[-63.8426364,-39.1083184],[-63.8355982,-39.1360023],[-63.7900329,-39.1082435],[-63.7574226,-39.1295026],[-63.7640101,-39.1546116],[-63.7441456,-39.1644322],[-63.7432551,-39.1889008],[-63.6718011,-39.2035597],[-63.6743277,-39.222122],[-63.6344964,-39.2271869],[-63.6327241,-39.2476524],[-63.6182745,-39.2358603],[-63.6157174,-39.2534985],[-63.5935413,-39.2458098],[-63.5578769,-39.2614499],[-63.5424006,-39.2950934],[-63.5108321,-39.3132936],[-63.3832641,-39.32873],[-63.3793513,-40.7101894],[-63.3609494,-40.703669],[-63.3618945,-40.7228308],[-63.3081757,-40.7076824],[-63.2856693,-40.7295615],[-63.1843101,-40.7221828],[-62.960106,-40.8167661],[-62.8058525,-40.9804263],[-62.7907337,-41.0294866],[-62.8812119,-41.0781785],[-63.1186867,-41.1549693],[-63.787694,-41.1587133],[-63.881432,-41.1354933],[-63.9507723,-41.0778792],[-64.0889168,-41.0324275],[-64.0773726,-41.0223264],[-64.0961829,-41.003069],[-64.079926,-41.0132965],[-64.0694225,-40.9983141],[-64.0875221,-40.9800924],[-64.1288712,-41.012501],[-64.2040157,-41.0103051],[-64.5389378,-40.8651523],[-64.7452989,-40.8183197],[-64.8789534,-40.8305789],[-64.9068671,-40.8058756],[-64.845804,-40.7826455],[-64.8581958,-40.7938635],[-64.8446667,-40.815084],[-64.8409331,-40.7870241],[-64.7408278,-40.8111878],[-64.7272342,-40.7989277],[-64.7533804,-40.8012099],[-64.7379326,-40.7851435],[-64.7463369,-40.7691749],[-64.7791779,-40.767176],[-64.7916287,-40.7819834],[-64.80978,-40.7680599],[-64.79167,-40.7588069],[-64.8037899,-40.7480616],[-64.7696507,-40.7433066],[-64.8049768,-40.7252279],[-64.9146898,-40.7077118],[-64.9731282,-40.7185353],[-64.9346334,-40.7220225],[-64.9476511,-40.7253827],[-64.9964243,-40.7166496],[-64.9141058,-40.7284262],[-64.9227794,-40.7457073],[-64.9583335,-40.7480694],[-64.8997459,-40.7606213],[-65.0205628,-40.7651348],[-65.1112515,-40.8307454],[-65.1665479,-40.9769862],[-65.1542205,-41.1713879],[-65.1023201,-41.3360699],[-65.0515502,-41.4543225],[-65.0003204,-41.4890392],[-64.9891082,-41.518757],[-65.0079583,-41.5581141],[-64.9865878,-41.5772266],[-65.0174351,-41.6103658],[-65.0379538,-41.5988983],[-65.0233847,-41.6185311],[-65.0248974,-41.7221704],[-64.9990332,-41.7706715],[-65.0153625,-41.7853851],[-65.0166929,-41.8331507],[-65.0495457,-41.8415727],[-65.0394487,-41.8731879],[-65.0669253,-41.9052555],[-65.0687809,-41.9920488],[-71.7775526,-41.9920581],[-71.789533,-41.9707309],[-71.7937328,-41.9440668],[-71.7713369,-41.9449448],[-71.7962703,-41.841797],[-71.7506147,-41.8244527],[-71.7736709,-41.7937844],[-71.7535114,-41.787145],[-71.7835844,-41.735214],[-71.8102348,-41.7210175],[-71.7941415,-41.6941853],[-71.8175411,-41.6892982],[-71.8358392,-41.6468412],[-71.8576348,-41.6440231],[-71.8855512,-41.6059888],[-71.8467879,-41.5662784],[-71.8174819,-41.5758015],[-71.8519592,-41.5166674],[-71.8280715,-41.4800852],[-71.8437839,-41.4536874],[-71.8348092,-41.4332918],[-71.8645817,-41.4214323],[-71.8657136,-41.3964815],[-71.9110161,-41.3574438],[-71.9120702,-41.3407355],[-71.8760508,-41.3079589],[-71.8990374,-41.2554038],[-71.8341815,-41.2712832],[-71.8881634,-41.1608905],[-71.8407665,-41.1497925],[-71.8362517,-41.1169223],[-71.8515295,-41.098685],[-71.8196005,-41.0603832],[-71.8657167,-41.0179403],[-71.6134602,-41.0338081],[-71.5516111,-41.0230409],[-71.4569058,-41.0416113],[-71.3062478,-41.1001809],[-71.2387792,-41.0950086],[-71.174989,-41.0562553],[-71.1419436,-41.0562272],[-71.1151189,-41.007427],[-71.0889351,-40.9973262],[-71.1016327,-40.9906332],[-71.0601619,-40.980517],[-71.0319489,-40.9331791],[-71.0470498,-40.8711116],[-71.0998195,-40.8403766],[-71.0931248,-40.8259881],[-71.1193433,-40.8043224],[-71.120553,-40.7570141],[-71.0936022,-40.7267303],[-71.027674,-40.7244314],[-71.0151744,-40.6840063],[-70.9793923,-40.6501003],[-70.8804694,-40.6227812],[-70.8584864,-40.5959029],[-70.7362547,-40.5804974],[-70.6503449,-40.5908689],[-70.62355,-40.5501618],[-70.5485783,-40.5223927],[-70.5382934,-40.5030504],[-70.4208288,-40.5337074],[-70.3028228,-40.5009923],[-70.1786108,-40.4936666],[-70.1680383,-40.4715525],[-70.1845578,-40.4293146],[-70.0778274,-40.3966405],[-70.0596703,-40.3684251],[-70.0510801,-40.3024415],[-70.0638375,-40.2553843],[-70.0299082,-40.2145262],[-69.994275,-40.1991002],[-69.9926949,-40.1801521],[-69.9503589,-40.1789635],[-69.9663852,-40.1232247],[-69.9970166,-40.0911411],[-70.0048868,-40.0377331],[-69.9706042,-39.9775312],[-69.9306285,-39.9428689],[-69.632045,-39.8281239],[-69.5975196,-39.8309005],[-69.5708692,-39.8100113],[-69.5076978,-39.8156359],[-69.4735801,-39.7791726],[-69.4220978,-39.7684075],[-69.3479991,-39.7111319],[-69.3427205,-39.6799971],[-69.3070418,-39.6366747],[-69.2819282,-39.6296906],[-69.2770601,-39.6081018],[-69.0856793,-39.5326287],[-68.8550668,-39.3826343],[-68.8095841,-39.2870393],[-68.7422673,-39.265583],[-68.6540308,-39.2054456],[-68.6618472,-39.1744552],[-68.5612312,-39.0766235],[-68.5042242,-39.0711724],[-68.4282178,-39.0289649],[-68.30704,-38.9901118],[-68.3014571,-38.9755406],[-68.2311817,-38.9913239],[-68.1772522,-38.9672034],[-68.0780184,-38.9951985],[-68.0175411,-38.9781597],[-67.9962632,-38.9959642],[-68.0119193,-38.9795889],[-68.0003247,-38.9740566],[-68.0074454,-38.9594596],[-68.0390247,-38.9418799],[-68.0691411,-38.903104],[-68.072015,-38.8718274],[-68.094105,-38.8585746],[-68.0811403,-38.8486003],[-68.1184192,-38.7930783],[-68.1207626,-38.7472304],[-68.2467266,-38.6879979],[-68.2499645,-37.5747808],[-68.2167721,-37.5890837],[-68.1512522,-37.5803297],[-68.1059296,-37.5963307],[-67.8708503,-37.6127377],[-67.7861577,-37.6516228],[-67.7705812,-37.6693443],[-67.7607736,-37.7434882],[-67.7240778,-37.7938],[-67.7304599,-37.8525947],[-67.7798885,-37.8970913],[-67.8478718,-37.9181715],[-67.9018647,-37.9950974],[-67.843548,-38.0516142],[-67.8486604,-38.0665665],[-67.835421,-38.0558003],[-67.8095698,-38.0724621],[-67.7831072,-38.0516163],[-67.7629638,-38.0689653],[-67.750454,-38.0557369],[-67.7475303,-38.0740964],[-67.7300865,-38.0765843],[-67.7301485,-38.1144781],[-67.6892245,-38.1332738],[-67.6679492,-38.1927027],[-67.6325701,-38.2083856],[-67.6312211,-38.2280087],[-67.3650777,-38.2523451],[-67.2085619,-38.2035541],[-67.1836337,-38.2234402],[-67.1964594,-38.253919],[-67.1702707,-38.2610556],[-67.172631,-38.2790054],[-67.1527934,-38.292286],[-67.152375,-38.357668],[-67.1194406,-38.3561113],[-67.0892036,-38.3974339],[-67.0076323,-38.4239912],[-66.9944251,-38.4459174],[-66.8969855,-38.4437069],[-66.8921654,-38.4618958],[-66.8543708,-38.4754387],[-66.786055,-38.4802933],[-66.7124283,-38.5316839],[-66.6360922,-38.5417095],[-66.6344402,-38.5561233],[-66.6095872,-38.5579076],[-66.5782161,-38.6223262],[-66.6075364,-38.6782743],[-66.5759468,-38.7013364],[-66.5548217,-38.6973926],[-66.54087,-38.7197408],[-66.4973795,-38.718231],[-66.4439147,-38.7454379],[-66.4086521,-38.7301921],[-66.4049899,-38.7439301],[-66.3429219,-38.7580448],[-66.3219041,-38.7482305],[-66.3138347,-38.761469],[-66.3105131,-38.7431882],[-66.2894245,-38.7558291],[-66.2069607,-38.7312132],[-66.1812007,-38.7309328],[-66.17751,-38.7453227],[-66.1551511,-38.7289785],[-66.1197652,-38.7431839],[-66.0845311,-38.7252698],[-66.0634303,-38.7516067],[-66.0317963,-38.7392181],[-66.0323382,-38.7513138],[-65.9519577,-38.7472891],[-65.9460676,-38.7685981],[-65.8768451,-38.7779831],[-65.8828932,-38.7898978],[-65.8641154,-38.8000732],[-65.8358073,-38.7863132],[-65.8057186,-38.7934916],[-65.8061376,-38.8063013],[-65.7869858,-38.7946673],[-65.7753074,-38.8125974],[-65.7007635,-38.8166811],[-65.6917513,-38.8343591],[-65.6512177,-38.8267284],[-65.6464358,-38.8091897],[-65.6307632,-38.8181314],[-65.6331933,-38.8033466],[-65.6084484,-38.7982143],[-65.6243716,-38.7873918],[-65.5837618,-38.7745809],[-65.5237353,-38.7793268],[-65.3910381,-38.8307528],[-65.3753423,-38.8559937],[-65.2806544,-38.8215503],[-65.2253407,-38.8341463]]],[[[-63.1634098,-40.7321329],[-63.1507592,-40.7317568],[-63.1723443,-40.7268482],[-63.1634098,-40.7321329]]]]}},{"type":"Feature","properties":{"name":"Chubut"},"geometry":{"type":"Polygon","coordinates":[[[-65.1833573,-45.5218711],[-65.3006705,-45.9999788],[-71.6477316,-46.0000237],[-71.646547,-45.9828767],[-71.617384,-45.9792125],[-71.6118801,-45.9630835],[-71.652406,-45.8899726],[-71.7155957,-45.8549522],[-71.7693552,-45.8463798],[-71.7407228,-45.8069898],[-71.7613676,-45.7885176],[-71.7534336,-45.7733098],[-71.7715547,-45.7431156],[-71.8014264,-45.7196264],[-71.772421,-45.6955241],[-71.795826,-45.6657847],[-71.7725551,-45.6409315],[-71.7798829,-45.619343],[-71.7613006,-45.6203354],[-71.7267376,-45.5771134],[-71.7621374,-45.5759457],[-71.7635214,-45.5604583],[-71.7460227,-45.5417469],[-71.6856784,-45.5287155],[-71.6817033,-45.5141173],[-71.5605319,-45.5234935],[-71.4692241,-45.4939484],[-71.5341818,-45.4332666],[-71.5205374,-45.4256676],[-71.5316981,-45.3967436],[-71.4589191,-45.3842099],[-71.4382875,-45.3958273],[-71.4484745,-45.367671],[-71.3361731,-45.3220559],[-71.3201335,-45.2918901],[-71.3504961,-45.2671208],[-71.3330054,-45.2413963],[-71.4251943,-45.1717616],[-71.4176291,-45.1578153],[-71.4874695,-45.1441061],[-71.491583,-45.107916],[-71.5265831,-45.1031359],[-71.5051711,-45.0721037],[-71.5577746,-45.0308024],[-71.5411556,-45.0000098],[-71.5599686,-44.9777013],[-71.7414737,-44.9588462],[-71.7535168,-44.9266704],[-71.7780797,-44.9413527],[-71.8140422,-44.9206888],[-71.851709,-44.9305245],[-71.8804014,-44.9596054],[-71.8824291,-44.945445],[-71.9280803,-44.9454032],[-71.9462764,-44.9208097],[-71.9739407,-44.92103],[-71.9776905,-44.9035887],[-72.0391075,-44.9016599],[-72.0648138,-44.8768835],[-72.0413305,-44.8621475],[-72.0694543,-44.8493653],[-72.0272255,-44.8058334],[-72.0678207,-44.7875691],[-72.0668136,-44.7606912],[-72.0171914,-44.7571316],[-72.0052207,-44.7846717],[-71.9576061,-44.7860004],[-71.9287831,-44.8035839],[-71.9149,-44.7764013],[-71.8565834,-44.8016161],[-71.8152559,-44.7938393],[-71.8241619,-44.7738135],[-71.7838043,-44.7512669],[-71.7354012,-44.7685525],[-71.6874004,-44.7651247],[-71.6628313,-44.7877442],[-71.5954006,-44.780034],[-71.5823436,-44.7526612],[-71.4701522,-44.7374438],[-71.3950181,-44.790333],[-71.2925255,-44.8136657],[-71.2476629,-44.7979277],[-71.2536335,-44.7845536],[-71.2021887,-44.7379316],[-71.2147308,-44.7136306],[-71.1961162,-44.6851393],[-71.2188184,-44.673742],[-71.2350404,-44.6381737],[-71.21369,-44.6328601],[-71.2007511,-44.5914604],[-71.0984838,-44.5882896],[-71.0913813,-44.5334414],[-71.1641443,-44.5007601],[-71.1293721,-44.4718275],[-71.172266,-44.4394257],[-71.2225628,-44.4363462],[-71.2453723,-44.4176396],[-71.3489592,-44.4248617],[-71.352654,-44.4033975],[-71.386081,-44.3855491],[-71.5527213,-44.4087306],[-71.6384661,-44.3981222],[-71.6555464,-44.4099568],[-71.7165399,-44.3809178],[-71.7406798,-44.4020009],[-71.8150306,-44.4163158],[-71.8049884,-44.3977772],[-71.840238,-44.3504604],[-71.7860735,-44.3309474],[-71.8031108,-44.2717894],[-71.8300617,-44.2658085],[-71.8060613,-44.258052],[-71.80825,-44.2294642],[-71.7801619,-44.2170587],[-71.7998278,-44.215517],[-71.7985189,-44.1926591],[-71.8477106,-44.1584711],[-71.849277,-44.1128254],[-71.7799366,-44.1126097],[-71.7545736,-44.0965467],[-71.6812313,-43.9729164],[-71.6489561,-43.9456786],[-71.6656294,-43.9018907],[-71.7068751,-43.8940477],[-71.7082853,-43.8554014],[-71.732107,-43.8597255],[-71.7628816,-43.8409361],[-71.7540479,-43.7892316],[-71.6973996,-43.7262118],[-71.6624705,-43.7210372],[-71.6614727,-43.7030843],[-71.5993387,-43.6962973],[-71.6113223,-43.6762668],[-71.5884029,-43.6759858],[-71.5808471,-43.6517735],[-71.6262407,-43.6233238],[-71.7034051,-43.6252771],[-71.7074418,-43.584168],[-71.7596752,-43.5839892],[-71.7766079,-43.5387046],[-71.8714428,-43.5536024],[-71.8698818,-43.5190381],[-71.8915486,-43.5109503],[-71.8543571,-43.5000287],[-71.8501405,-43.4793968],[-71.8808679,-43.4516756],[-71.9340829,-43.4501178],[-71.9140843,-43.41671],[-71.9325379,-43.3874007],[-71.8940858,-43.3797904],[-71.9048453,-43.3223165],[-71.8425016,-43.33517],[-71.7861966,-43.2969514],[-71.7490319,-43.3198729],[-71.7345536,-43.3135706],[-71.731571,-43.2821651],[-71.7571807,-43.2280694],[-71.7298222,-43.2011716],[-71.7606185,-43.1647362],[-71.8578575,-43.1425834],[-71.8533604,-43.1273263],[-71.9333768,-43.102342],[-71.936775,-43.0527944],[-72.0027149,-43.0376461],[-72.0362606,-43.0136279],[-72.0738802,-42.9502961],[-72.1163493,-42.9369573],[-72.1422358,-42.900149],[-72.1184743,-42.8816877],[-72.1650481,-42.7986992],[-72.1316546,-42.7773854],[-72.1472329,-42.7417647],[-72.1285594,-42.7308664],[-72.1786088,-42.6897673],[-72.170434,-42.6712743],[-72.1358023,-42.6807063],[-72.0960273,-42.6420353],[-72.1176803,-42.6291101],[-72.1185132,-42.6029598],[-72.0751737,-42.5663161],[-72.0567852,-42.5703136],[-72.0116336,-42.4889518],[-72.0471135,-42.4508418],[-72.0297736,-42.4064818],[-72.0759335,-42.3827418],[-72.1122135,-42.3981218],[-72.1332068,-42.3841996],[-72.1382368,-42.3270619],[-72.121135,-42.3236034],[-72.168079,-42.2604894],[-72.1536345,-42.2427898],[-72.165674,-42.2114178],[-72.1558893,-42.1991376],[-72.182926,-42.1799321],[-72.1858442,-42.1591397],[-72.1688497,-42.13814],[-72.1259344,-42.15404],[-72.0660246,-42.1482589],[-72.0793283,-42.1283378],[-72.05276,-42.11375],[-72.0068622,-42.1400901],[-71.9575471,-42.1412516],[-71.9545966,-42.1643895],[-71.9252855,-42.1905238],[-71.8928576,-42.1807337],[-71.8744522,-42.1547067],[-71.8347341,-42.1625684],[-71.7817497,-42.1480809],[-71.7765466,-42.1304418],[-71.7467653,-42.1303419],[-71.7253454,-42.1095549],[-71.7409124,-42.0830283],[-71.7282499,-42.0462418],[-71.7621956,-42.0331026],[-71.7542034,-42.0247635],[-71.7775526,-41.9920581],[-63.3979461,-41.9920464],[-63.4620862,-42.0768937],[-63.365166,-42.2138885],[-63.3324256,-42.2922387],[-63.3375647,-42.4301983],[-63.3116166,-42.6097114],[-63.3248001,-42.6711728],[-63.3579814,-42.7268749],[-63.3683311,-42.8135336],[-63.4115541,-42.8822912],[-63.4900303,-42.9381036],[-63.6048088,-42.9906214],[-63.9632876,-43.0585811],[-64.3227717,-43.2378276],[-64.7320157,-43.3722394],[-64.7684805,-43.3919768],[-64.8191754,-43.509278],[-64.9194498,-43.5900723],[-64.9961672,-43.679614],[-65.0312054,-43.8320945],[-64.934068,-43.9515538],[-64.9080341,-44.0254205],[-64.9382265,-44.1285967],[-64.9455622,-44.2359419],[-64.8470039,-44.316506],[-64.819918,-44.4182604],[-64.8389468,-44.4776017],[-64.8782668,-44.5266733],[-65.1106548,-44.679503],[-65.2201437,-44.9187377],[-65.1172203,-45.0331766],[-65.0892214,-45.1131036],[-65.1833573,-45.5218711]]]}},{"type":"Feature","properties":{"name":"Santa Cruz"},"geometry":{"type":"Polygon","coordinates":[[[-68.4567708,-52.2224013],[-68.711865,-51.9774394],[-68.9297944,-51.6792381],[-68.9607645,-51.625253],[-68.9527327,-51.5286807],[-69.1082311,-51.1684863],[-69.1568005,-50.9946756],[-69.2223108,-50.9583135],[-69.132151,-50.897388],[-69.1406429,-50.7258817],[-69.0792444,-50.5652554],[-68.9836371,-50.4333913],[-68.9079666,-50.3640986],[-68.8794132,-50.3608197],[-68.8805437,-50.3360521],[-68.8641447,-50.3248029],[-68.4003666,-50.1837767],[-68.3256697,-50.1226211],[-68.1718183,-50.111318],[-68.0468005,-50.0711197],[-67.8397983,-49.9484447],[-67.7295783,-49.7759502],[-67.7200994,-49.6354199],[-67.6825672,-49.4606666],[-67.603308,-49.2951877],[-67.6131088,-49.2491316],[-67.6680431,-49.2542613],[-67.6744911,-49.2199202],[-67.6100242,-49.1798747],[-67.6358324,-49.1513662],[-67.631498,-49.130043],[-67.600953,-49.1065403],[-67.5698233,-49.0344426],[-67.4899605,-48.9600001],[-67.3556113,-48.8847621],[-67.2199371,-48.8382744],[-67.1927744,-48.8132507],[-67.1863693,-48.7728998],[-67.1513611,-48.7480787],[-67.1298069,-48.6851561],[-66.9915444,-48.6134131],[-66.8761718,-48.5936386],[-66.8378753,-48.5293985],[-66.7708388,-48.4979064],[-66.7531657,-48.4735401],[-66.6460142,-48.4314234],[-66.4925918,-48.4175026],[-66.467029,-48.400158],[-66.4770377,-48.3703274],[-66.4529997,-48.3536183],[-66.3583875,-48.3618559],[-66.3381314,-48.3512209],[-66.3602221,-48.3171192],[-66.3379625,-48.2775952],[-66.2631583,-48.2381862],[-66.2304541,-48.2025047],[-66.1606067,-48.1902128],[-66.1644316,-48.1724287],[-66.1197192,-48.1227098],[-65.9768379,-48.0997436],[-65.9403008,-48.1202962],[-65.917604,-48.0969276],[-65.9032499,-48.10374],[-65.9041259,-48.0806074],[-65.9399039,-48.0749428],[-65.9690487,-48.0499292],[-65.9839189,-48.0556235],[-65.9688637,-48.0661444],[-65.9794021,-48.0718208],[-66.0075331,-48.0561972],[-65.9402156,-48.030258],[-65.9565872,-48.0181289],[-65.9316963,-48.0172565],[-65.942916,-48.0039879],[-65.923816,-47.9903597],[-65.9501124,-47.970689],[-65.9152839,-47.9355626],[-65.8770892,-47.9344628],[-65.8674896,-47.9486969],[-65.8444977,-47.9395122],[-65.8313119,-47.9648057],[-65.7648201,-47.9497001],[-65.7919961,-47.9390702],[-65.786798,-47.9230217],[-65.7633822,-47.9193073],[-65.7679064,-47.9072373],[-65.8445084,-47.8939492],[-65.8759368,-47.8085897],[-65.8651346,-47.8010055],[-65.8991638,-47.7589504],[-65.840024,-47.743638],[-65.7401276,-47.5112932],[-65.7181764,-47.3331187],[-65.7579589,-47.2217979],[-65.735769,-47.2019235],[-65.8387417,-47.1419347],[-65.8724262,-47.096623],[-65.9440881,-47.0767602],[-66.1976749,-47.0874121],[-66.5092859,-47.0406455],[-66.6299665,-47.0457788],[-66.6597843,-47.0302532],[-66.7123962,-47.0328116],[-66.7907327,-47.0001291],[-66.9385359,-46.8652958],[-67.0761091,-46.7742341],[-67.1349594,-46.7057668],[-67.3799256,-46.6048637],[-67.503157,-46.4742126],[-67.4946651,-46.4607743],[-67.572189,-46.340197],[-67.6214692,-46.200246],[-67.6250339,-46.0514928],[-67.585879,-46.0223752],[-67.5957495,-46.0000174],[-71.6477316,-46.0000237],[-71.7155761,-46.0896452],[-71.7523063,-46.092953],[-71.7855048,-46.1221318],[-71.8251801,-46.1097488],[-71.9152701,-46.1397235],[-71.9007315,-46.1644687],[-71.8665335,-46.157344],[-71.8770003,-46.1683557],[-71.8602526,-46.1943291],[-71.7847538,-46.1941658],[-71.7262951,-46.2751487],[-71.7568427,-46.3460037],[-71.669628,-46.5283616],[-71.6452307,-46.6849271],[-71.8327894,-46.7964796],[-71.9595649,-46.8161627],[-71.9354189,-46.8356312],[-71.9309986,-46.8685756],[-71.9708777,-46.9047581],[-71.9581744,-46.9742534],[-71.9315887,-46.9752524],[-71.9185253,-46.9850301],[-71.9275015,-46.994133],[-71.8793457,-47.0118274],[-71.9029256,-47.051129],[-71.9553467,-47.0768278],[-71.8810129,-47.1072015],[-71.8599951,-47.1318996],[-71.8505323,-47.1638522],[-71.8888879,-47.1797593],[-71.8800795,-47.2055972],[-71.8947029,-47.2110344],[-71.8649304,-47.2307451],[-72.0186102,-47.1984099],[-72.0009425,-47.2155177],[-72.015456,-47.2497001],[-71.9969299,-47.2947704],[-72.0470739,-47.3402622],[-72.1301043,-47.3296247],[-72.1608692,-47.3941151],[-72.1972132,-47.4167342],[-72.2442618,-47.4059741],[-72.293129,-47.4456601],[-72.3419613,-47.4559315],[-72.2912372,-47.5120849],[-72.3270384,-47.5713554],[-72.309082,-47.5908813],[-72.3446222,-47.6357179],[-72.3825009,-47.6350229],[-72.397782,-47.6591329],[-72.4205186,-47.661172],[-72.413355,-47.6905164],[-72.4492658,-47.7063398],[-72.4416705,-47.7472141],[-72.4648227,-47.7387195],[-72.4824783,-47.7601061],[-72.5237105,-47.7471544],[-72.4946706,-47.7981489],[-72.4668881,-47.8136059],[-72.4765154,-47.8709699],[-72.5228394,-47.9019177],[-72.5271836,-47.9387274],[-72.4978353,-47.9615465],[-72.4244693,-47.9691399],[-72.4183979,-48.0033082],[-72.4431401,-48.0653219],[-72.4150597,-48.0789945],[-72.3598218,-48.0743757],[-72.3544252,-48.1019918],[-72.2986269,-48.160122],[-72.3157315,-48.1790177],[-72.3161368,-48.2344944],[-72.2256726,-48.3224202],[-72.2402635,-48.3491701],[-72.277107,-48.3633279],[-72.3796761,-48.3509024],[-72.3756782,-48.3724552],[-72.3467634,-48.391377],[-72.4055931,-48.416961],[-72.407492,-48.4338171],[-72.3726471,-48.4513061],[-72.440543,-48.5149639],[-72.5013698,-48.5195206],[-72.5346512,-48.4831024],[-72.5858599,-48.4873656],[-72.5354344,-48.6658827],[-72.5317276,-48.7972033],[-72.6402283,-48.8673755],[-72.6893664,-48.866211],[-72.6966807,-48.8967436],[-72.7467978,-48.9078055],[-72.795893,-48.9688295],[-72.8498161,-48.9648253],[-72.8642088,-48.9463568],[-72.9230079,-48.9344612],[-72.9427095,-48.9430076],[-72.9554619,-48.9782826],[-72.9916538,-48.9948707],[-72.9806946,-49.0299352],[-73.0134025,-49.03699],[-73.0045276,-49.0634634],[-73.0461444,-49.0814284],[-73.0613968,-49.1262812],[-73.1464296,-49.1890678],[-73.1345436,-49.2658475],[-73.0893633,-49.2529873],[-73.04,-49.2769444],[-73.1491389,-49.2838889],[-73.4729864,-49.2046406],[-73.495502,-49.2447076],[-73.4934268,-49.2727227],[-73.410297,-49.3194146],[-73.4287906,-49.3440118],[-73.425922,-49.3919244],[-73.4901309,-49.4287286],[-73.4635196,-49.4825006],[-73.4875064,-49.5005059],[-73.5393253,-49.4982476],[-73.5493961,-49.5381036],[-73.4633975,-49.6189142],[-73.4638248,-49.6424127],[-73.5042911,-49.6629205],[-73.5088077,-49.7052179],[-73.4384952,-49.7578302],[-73.4659,-49.7736993],[-73.4473264,-49.7970081],[-73.490746,-49.8165616],[-73.4833324,-49.838664],[-73.50685,-49.8917384],[-73.5491377,-49.9068869],[-73.5605157,-49.9422654],[-73.4997797,-49.9672468],[-73.4516045,-49.9605489],[-73.4355784,-50.0094835],[-73.4616655,-50.0539253],[-73.4974653,-50.0499389],[-73.4756828,-50.0892819],[-73.5142154,-50.1063948],[-73.521806,-50.1536893],[-73.4614509,-50.1852078],[-73.4309006,-50.1826281],[-73.4161323,-50.2000751],[-73.447938,-50.2174951],[-73.4515107,-50.242903],[-73.3622687,-50.3010017],[-73.4377778,-50.3436111],[-73.4361111,-50.3627778],[-73.4169444,-50.3816667],[-73.3700466,-50.3724697],[-73.3875667,-50.3920144],[-73.3575,-50.4288889],[-73.3517003,-50.4731433],[-73.3648861,-50.487501],[-73.3372164,-50.4971181],[-73.3644033,-50.5183043],[-73.3329356,-50.5709149],[-73.1936111,-50.6152778],[-73.1452882,-50.6523652],[-73.1984389,-50.7402846],[-73.1497222,-50.7677778],[-73.2008637,-50.8205658],[-73.1438889,-50.7805556],[-73.0958358,-50.7727368],[-73.0685045,-50.7889068],[-73.0431479,-50.7618652],[-72.9548719,-50.7412359],[-72.9451786,-50.708203],[-72.9103785,-50.6988992],[-72.8952564,-50.6714439],[-72.7297604,-50.6149782],[-72.6968337,-50.6451881],[-72.6547122,-50.6624791],[-72.6250363,-50.6553921],[-72.591455,-50.6818441],[-72.5756857,-50.6784702],[-72.582638,-50.6564012],[-72.5470162,-50.6213158],[-72.4943848,-50.6016846],[-72.4309516,-50.6170137],[-72.4114189,-50.6375016],[-72.3567725,-50.6163874],[-72.3377717,-50.6498074],[-72.2878504,-50.6572422],[-72.3005962,-50.7060389],[-72.3376107,-50.7189061],[-72.3495412,-50.7527419],[-72.2809759,-50.8088958],[-72.2597171,-50.8369524],[-72.2674412,-50.8627589],[-72.2474901,-50.8764776],[-72.2677365,-50.961368],[-72.2655988,-51.0350439],[-72.3730587,-51.0223853],[-72.3761541,-51.0800113],[-72.4096602,-51.1075066],[-72.3482001,-51.203919],[-72.3040241,-51.2010267],[-72.2592151,-51.2525987],[-72.2691876,-51.283303],[-72.3715997,-51.3363228],[-72.3260129,-51.3457259],[-72.3089165,-51.3661038],[-72.3099598,-51.4032451],[-72.3382223,-51.4248283],[-72.324087,-51.475055],[-72.351054,-51.4845265],[-72.3449224,-51.5208106],[-72.4051648,-51.5135734],[-72.392875,-51.5250695],[-72.4256194,-51.5464285],[-72.4412674,-51.5847332],[-72.3270576,-51.5873214],[-72.3191115,-51.6254269],[-72.2833201,-51.638135],[-72.2967365,-51.6463726],[-72.2972301,-51.6992513],[-72.2297162,-51.7029184],[-72.1606402,-51.7259864],[-72.1797657,-51.7379027],[-72.1217562,-51.7440525],[-72.1123309,-51.7679038],[-72.075928,-51.7732304],[-71.9487705,-51.873565],[-71.9289999,-51.9149929],[-72.0343505,-51.960549],[-72.0060786,-51.9789169],[-71.9655397,-51.9721312],[-71.9226076,-51.9999464],[-69.9955041,-52.0007436],[-69.4863161,-52.1516536],[-69.1901446,-52.1504426],[-68.986873,-52.2036118],[-68.8379801,-52.2777654],[-68.5860038,-52.3066902],[-68.5734718,-52.3251743],[-68.4186348,-52.3324545],[-68.4184119,-52.3864077],[-68.4321615,-52.3975813],[-68.3519635,-52.3245602],[-68.4567708,-52.2224013]]]}},{"type":"Feature","properties":{"name":"Tierra del Fuego"},"geometry":{"type":"MultiPolygon","coordinates":[[[[-64.1252525,-54.6601335],[-64.1096531,-54.6503152],[-64.1599347,-54.6513362],[-64.144402,-54.666622],[-64.1252525,-54.6601335]]],[[[-64.2580783,-54.6879947],[-64.2487335,-54.6744606],[-64.2712802,-54.6793767],[-64.2580783,-54.6879947]]],[[[-68.5694531,-54.8515071],[-68.4306836,-54.8582093],[-68.3310942,-54.8302418],[-68.3120274,-54.8344547],[-68.3221024,-54.8462378],[-68.2768965,-54.8449529],[-68.2589988,-54.8395143],[-68.3044454,-54.8324916],[-68.2992366,-54.8160825],[-68.3153915,-54.8111946],[-68.2486796,-54.794599],[-68.0334042,-54.8501757],[-67.8294343,-54.8597871],[-67.690343,-54.887534],[-67.5039107,-54.8540112],[-67.4086011,-54.8892649],[-67.3413581,-54.8827326],[-67.3816234,-54.8699704],[-67.3546082,-54.8655066],[-67.2969512,-54.887313],[-67.2786601,-54.8668393],[-67.2710198,-54.8794028],[-67.2895533,-54.8760169],[-67.2747365,-54.8880616],[-67.28277,-54.88008],[-67.154926,-54.8929691],[-66.9343757,-54.9414855],[-66.7798322,-54.9574621],[-66.7189086,-55.0045641],[-66.6489726,-55.0277054],[-66.4534691,-55.05783],[-66.3689259,-55.0378079],[-66.3702576,-55.01017],[-66.3375159,-54.9975189],[-66.1079436,-54.9943794],[-65.9711891,-54.9686816],[-65.9576118,-54.9419289],[-65.9938466,-54.9202669],[-65.9826095,-54.9028928],[-65.7369867,-54.9090405],[-65.7113582,-54.9340383],[-65.718348,-54.9711357],[-65.6319541,-54.9699164],[-65.6043327,-54.9436421],[-65.5122712,-54.9354098],[-65.4941717,-54.9256222],[-65.4989219,-54.9017156],[-65.469675,-54.8888577],[-65.4282135,-54.8938804],[-65.4179299,-54.9378243],[-65.382573,-54.9417101],[-65.3236127,-54.916179],[-65.3135135,-54.8736947],[-65.2227616,-54.8178551],[-65.2639282,-54.7960185],[-65.2041042,-54.7798615],[-65.1997107,-54.7631455],[-65.2184236,-54.7451896],[-65.1918907,-54.7201372],[-65.193606,-54.6953987],[-65.1165039,-54.6565249],[-65.2344684,-54.641468],[-65.2384499,-54.6586755],[-65.2768752,-54.6705491],[-65.2355236,-54.6370727],[-65.2451795,-54.6280185],[-65.234625,-54.6188022],[-65.4050392,-54.6412242],[-65.4300642,-54.6633337],[-65.4483917,-54.6548152],[-65.4311693,-54.6418816],[-65.5111581,-54.6561123],[-65.5203474,-54.6780741],[-65.5523998,-54.6474984],[-65.6848378,-54.663706],[-65.8012202,-54.6517862],[-66.3816905,-54.4873543],[-66.4652467,-54.4788434],[-66.4901751,-54.4607716],[-66.4798647,-54.4506801],[-66.5452302,-54.4253562],[-66.551182,-54.4025679],[-66.6624963,-54.3420113],[-66.7005193,-54.3037201],[-66.6918424,-54.2826634],[-66.7357193,-54.2757966],[-66.7350608,-54.2600339],[-66.8989062,-54.2178886],[-67.0848477,-54.1302501],[-67.1607006,-54.1225548],[-67.1586299,-54.1114964],[-67.3313642,-54.0405832],[-67.3453599,-54.023508],[-67.3351675,-54.0162987],[-67.4406481,-53.9819162],[-67.5678599,-53.8966704],[-67.5767916,-53.8555958],[-67.5440258,-53.8415704],[-67.6904357,-53.7850284],[-67.8483653,-53.68597],[-67.8850258,-53.67157],[-67.9099301,-53.6787945],[-67.8858304,-53.6695424],[-67.8568009,-53.6831775],[-67.9381228,-53.6341489],[-68.0082089,-53.5631358],[-68.056097,-53.4795673],[-68.0826831,-53.3884667],[-68.1370676,-53.3311293],[-68.2072502,-53.3069771],[-68.3080423,-53.3212034],[-68.3864513,-53.312381],[-68.5564095,-53.2527572],[-68.5651374,-53.1911797],[-68.5454285,-53.1525999],[-68.3344674,-53.0088317],[-68.2686568,-53.0136214],[-68.2676482,-53.0434804],[-68.211279,-53.1264315],[-68.2143554,-53.1531773],[-68.2012005,-53.1420246],[-68.2865846,-52.9524905],[-68.5697293,-52.7075871],[-68.6063444,-52.6583987],[-68.6090338,-54.4265835],[-68.595452,-54.8086033],[-68.6093464,-54.8936523],[-68.4999652,-54.8670952],[-68.5694531,-54.8515071]]],[[[-67.4860606,-54.9178856],[-67.4609256,-54.9015468],[-67.4142495,-54.9123026],[-67.4378671,-54.9014965],[-67.4080468,-54.8997479],[-67.4497247,-54.8788843],[-67.5093287,-54.8788442],[-67.5022423,-54.8916036],[-67.5401259,-54.8797238],[-67.5359094,-54.9025731],[-67.4860606,-54.9178856]]],[[[-64.4071528,-54.842369],[-64.3937552,-54.8275469],[-64.3250979,-54.8254277],[-64.29891,-54.80638],[-64.3059069,-54.7879233],[-64.2702507,-54.7907471],[-64.263984,-54.8045063],[-64.2356873,-54.7815756],[-64.2252776,-54.8201129],[-64.2391324,-54.8402964],[-64.2221636,-54.8420647],[-64.2208205,-54.8578674],[-64.2008793,-54.8284627],[-64.1790551,-54.8386698],[-64.1734493,-54.8233132],[-64.148435,-54.8296327],[-64.120739,-54.8144879],[-64.1081563,-54.8324813],[-64.075892,-54.8085753],[-64.0709695,-54.7947191],[-64.0850544,-54.7914599],[-64.0580594,-54.7792719],[-64.0583172,-54.7948405],[-64.033127,-54.8072482],[-63.9568126,-54.7666319],[-63.9673993,-54.7951603],[-63.9451423,-54.7959598],[-63.9506301,-54.8130068],[-63.8832504,-54.7797083],[-63.8862852,-54.7932465],[-63.8459247,-54.788917],[-63.8256648,-54.7578282],[-63.7999078,-54.7503176],[-63.8104115,-54.7381947],[-63.7957407,-54.7260987],[-63.8259714,-54.7208564],[-63.8783526,-54.755079],[-63.8884914,-54.7512541],[-63.8549555,-54.7314765],[-63.8778804,-54.7304237],[-63.8761754,-54.7166717],[-63.9591904,-54.741165],[-63.9898413,-54.7357336],[-64.0449136,-54.7776634],[-64.0307736,-54.7514351],[-64.0470114,-54.7304479],[-64.0748443,-54.7295891],[-64.1085224,-54.763969],[-64.1259099,-54.7574588],[-64.1087423,-54.7383701],[-64.1499071,-54.7306458],[-64.1641936,-54.7407834],[-64.14638,-54.74389],[-64.1381229,-54.7704153],[-64.2160381,-54.7337478],[-64.243302,-54.7459876],[-64.2787206,-54.7293552],[-64.3243879,-54.7357559],[-64.3408741,-54.7133558],[-64.3492359,-54.7411167],[-64.3760773,-54.7522021],[-64.35764,-54.7857599],[-64.3713492,-54.8113705],[-64.3668539,-54.7841885],[-64.3960899,-54.7813857],[-64.3900131,-54.7496738],[-64.4218296,-54.755802],[-64.4030899,-54.7643743],[-64.4131891,-54.7834065],[-64.4319685,-54.761079],[-64.4899189,-54.7632694],[-64.5445143,-54.7250123],[-64.5415986,-54.7684856],[-64.5071429,-54.7970212],[-64.5531186,-54.7951186],[-64.5887062,-54.8202543],[-64.6404433,-54.7981492],[-64.6478221,-54.7773786],[-64.6876159,-54.7806423],[-64.6744629,-54.800363],[-64.724198,-54.8019379],[-64.7577594,-54.8375087],[-64.7397763,-54.8430594],[-64.7389238,-54.8596027],[-64.6661894,-54.8477083],[-64.6835411,-54.8612336],[-64.6440176,-54.8878904],[-64.7017331,-54.9165012],[-64.53794,-54.8885],[-64.5147324,-54.8688119],[-64.5273034,-54.8671082],[-64.5193801,-54.8550137],[-64.4672799,-54.8239498],[-64.4712459,-54.8355063],[-64.4442739,-54.8392485],[-64.4856493,-54.8474497],[-64.4855177,-54.8757064],[-64.4175519,-54.8621399],[-64.4071528,-54.842369]]]]}},{"type":"Feature","properties":{"name":"Entre Ríos"},"geometry":{"type":"Polygon","coordinates":[[[-59.6854316,-33.6113008],[-59.6428178,-33.6354532],[-59.613589,-33.6892065],[-59.5892711,-33.6882482],[-59.5443668,-33.6413295],[-59.5135378,-33.6306611],[-59.4828919,-33.647095],[-59.4660759,-33.7060983],[-59.4308545,-33.7323884],[-59.2468941,-33.7262387],[-59.2342042,-33.7387718],[-59.2536609,-33.7941758],[-59.2365447,-33.8117169],[-59.1721337,-33.8062638],[-59.1328504,-33.8476613],[-58.994148,-33.841388],[-58.9728665,-33.8726939],[-58.8983281,-33.8905468],[-58.8398988,-33.9508776],[-58.7582302,-33.9467243],[-58.657845,-34.0341284],[-58.4195015,-34.0038083],[-58.3873832,-33.9854186],[-58.4235671,-33.9162984],[-58.4347009,-33.7203792],[-58.4947729,-33.5855496],[-58.4442394,-33.5397759],[-58.4337044,-33.498085],[-58.4431779,-33.4495438],[-58.4317238,-33.3634764],[-58.390435,-33.2786106],[-58.4097592,-33.2358753],[-58.4041894,-33.1793972],[-58.3630064,-33.121656],[-58.175869,-33.0768619],[-58.084289,-33.0009615],[-58.0870173,-32.9597102],[-58.1158733,-32.9184037],[-58.119607,-32.8162678],[-58.1494439,-32.7358299],[-58.1602975,-32.5724251],[-58.1873513,-32.5329659],[-58.2046371,-32.4605491],[-58.1829133,-32.3758909],[-58.1246285,-32.3419933],[-58.1032174,-32.3096118],[-58.0999229,-32.2593576],[-58.1834114,-32.1590834],[-58.1673959,-32.0913486],[-58.1432985,-32.061182],[-58.1383073,-32.0018165],[-58.2067713,-31.8710765],[-58.1907606,-31.8532197],[-58.0871298,-31.8217648],[-58.0383307,-31.759526],[-57.9807111,-31.580292],[-58.0043556,-31.531375],[-58.0782473,-31.4888001],[-58.0820185,-31.4564703],[-57.9805422,-31.3905033],[-57.997148,-31.3618733],[-57.9814626,-31.3200287],[-57.9381153,-31.2749285],[-57.9142104,-31.217075],[-57.919249,-31.1304026],[-57.8614283,-31.0346783],[-57.9150009,-30.9208687],[-57.8918982,-30.9069748],[-57.8315914,-30.91687],[-57.7992661,-30.8530636],[-57.8092299,-30.7296717],[-57.8438544,-30.7217683],[-57.8547335,-30.6946484],[-57.8946233,-30.6694589],[-57.9751975,-30.6472344],[-57.980209,-30.6294484],[-58.0334438,-30.5978847],[-58.037085,-30.5678329],[-58.0690529,-30.5451967],[-58.0577767,-30.4936511],[-58.0773772,-30.4658993],[-58.0724954,-30.4253114],[-58.1448132,-30.4087731],[-58.2054266,-30.2891362],[-58.2847686,-30.2445585],[-58.3435747,-30.2719219],[-58.451922,-30.2249772],[-58.4693258,-30.2026577],[-58.4965754,-30.2073713],[-58.5536567,-30.1853613],[-58.5765997,-30.159289],[-58.6299772,-30.1768453],[-58.681463,-30.163582],[-58.7482869,-30.2140092],[-58.8035061,-30.2108407],[-58.8787461,-30.2466825],[-58.9121968,-30.2481732],[-58.9649528,-30.2183738],[-59.0641549,-30.230811],[-59.0754901,-30.2572168],[-59.1362495,-30.286162],[-59.1364843,-30.3117115],[-59.192063,-30.3295079],[-59.2293734,-30.3641698],[-59.2734892,-30.3524288],[-59.2880035,-30.3620412],[-59.2986336,-30.3467174],[-59.3231983,-30.3543945],[-59.3477902,-30.3244162],[-59.4235594,-30.3153554],[-59.4897431,-30.3443766],[-59.5572992,-30.3325409],[-59.5885404,-30.4364209],[-59.6123979,-30.4240313],[-59.633653,-30.3615923],[-59.6710018,-30.3318008],[-59.6966815,-30.4325233],[-59.688592,-30.4582923],[-59.6530324,-30.4856461],[-59.6583152,-30.6316531],[-59.6253199,-30.6976548],[-59.6749449,-30.7819212],[-59.7596555,-30.8997772],[-59.8220826,-30.9516949],[-60.0041013,-31.2388402],[-60.0923352,-31.2951841],[-60.088902,-31.362635],[-60.1465802,-31.444684],[-60.1898389,-31.4648922],[-60.2348142,-31.5249052],[-60.3399353,-31.5553727],[-60.3311162,-31.6060627],[-60.4333002,-31.673423],[-60.5006744,-31.7033418],[-60.5690389,-31.6996014],[-60.6231376,-31.7323244],[-60.6421709,-31.752912],[-60.638601,-31.7814273],[-60.6763315,-31.8177903],[-60.6570626,-31.8420555],[-60.6515694,-31.8937003],[-60.6938128,-31.9463844],[-60.6586075,-32.0825382],[-60.7060719,-32.1647871],[-60.6737258,-32.228177],[-60.6760432,-32.3134137],[-60.7368422,-32.343784],[-60.7134963,-32.3823172],[-60.7186104,-32.4313742],[-60.7716465,-32.5149187],[-60.7454682,-32.5628013],[-60.7512617,-32.6241955],[-60.7140233,-32.6825498],[-60.7165982,-32.7734737],[-60.6575059,-32.8309894],[-60.6776173,-32.8929459],[-60.6132721,-32.9523877],[-60.5980496,-33.0093347],[-60.5232297,-33.0803437],[-60.4966235,-33.1307052],[-60.3773059,-33.1808934],[-60.3032256,-33.1867332],[-60.2824974,-33.2038812],[-60.2925946,-33.2447716],[-60.1961209,-33.2978751],[-60.1659877,-33.3516646],[-60.1022313,-33.3779922],[-60.0711286,-33.4275732],[-59.9963071,-33.4701666],[-59.9343026,-33.474139],[-59.8979223,-33.5092076],[-59.8249887,-33.5318507],[-59.8076329,-33.5520934],[-59.8086163,-33.5895104],[-59.7894828,-33.6023714],[-59.6854316,-33.6113008]],[[-58.1116623,-32.9760161],[-58.1018025,-32.9530936],[-58.1129068,-32.9315451],[-58.1166995,-32.9904875],[-58.1116623,-32.9760161]],[[-58.1148273,-33.0240831],[-58.0878711,-32.9965279],[-58.1001006,-32.9516227],[-58.1148273,-33.0240831]]]}},{"type":"Feature","properties":{"name":"Corrientes"},"geometry":{"type":"MultiPolygon","coordinates":[[[[-58.2430521,-27.2619595],[-58.4134127,-27.2866661],[-58.4892248,-27.2733164],[-58.5380217,-27.2955219],[-58.5990454,-27.2998427],[-58.6733859,-27.3536622],[-58.7726569,-27.3765361],[-58.8120565,-27.4363882],[-58.8774432,-27.4908732],[-58.8852972,-27.5345313],[-58.8712474,-27.5817859],[-58.8827271,-27.6094003],[-58.8191549,-27.681955],[-58.8117582,-27.7421284],[-58.821358,-27.8553537],[-58.8424724,-27.9028097],[-58.8304775,-27.9568031],[-58.8618708,-28.0519091],[-58.9450407,-28.1336473],[-59.0619851,-28.1280461],[-59.1073037,-28.2218274],[-59.1034842,-28.3289377],[-59.0694524,-28.3920799],[-59.0890218,-28.4339022],[-59.0560627,-28.5062219],[-59.084344,-28.5392906],[-59.1058016,-28.6144766],[-59.0789795,-28.6691646],[-59.1449449,-28.7768359],[-59.1418935,-28.81219],[-59.1808606,-28.9451806],[-59.2095494,-28.9691752],[-59.1998077,-29.0315387],[-59.2568207,-29.0893269],[-59.3540454,-29.1224172],[-59.3994813,-29.217474],[-59.5007944,-29.2435885],[-59.5176172,-29.3403963],[-59.6041775,-29.3938416],[-59.5837669,-29.4560047],[-59.6306992,-29.5395607],[-59.5959964,-29.5829501],[-59.6320404,-29.6642359],[-59.6142261,-29.7375804],[-59.663862,-29.8340315],[-59.609263,-29.8944572],[-59.566412,-30.0077942],[-59.6122305,-30.1057641],[-59.6710018,-30.3318008],[-59.633653,-30.3615923],[-59.6123979,-30.4240313],[-59.5885404,-30.4364209],[-59.5572992,-30.3325409],[-59.4897431,-30.3443766],[-59.4235594,-30.3153554],[-59.3477902,-30.3244162],[-59.3231983,-30.3543945],[-59.2986336,-30.3467174],[-59.2880035,-30.3620412],[-59.2734892,-30.3524288],[-59.2293734,-30.3641698],[-59.192063,-30.3295079],[-59.1364843,-30.3117115],[-59.1362495,-30.286162],[-59.0754901,-30.2572168],[-59.0641549,-30.230811],[-58.9649528,-30.2183738],[-58.9121968,-30.2481732],[-58.8787461,-30.2466825],[-58.8035061,-30.2108407],[-58.7482869,-30.2140092],[-58.681612,-30.1636181],[-58.6299772,-30.1768453],[-58.5765997,-30.159289],[-58.5537271,-30.1853265],[-58.4965754,-30.2073713],[-58.4693258,-30.2026577],[-58.3651268,-30.2663326],[-58.3420813,-30.2720035],[-58.2847686,-30.2445585],[-58.2055452,-30.2890431],[-58.1449452,-30.4086565],[-58.0724954,-30.4253114],[-58.0773772,-30.4658993],[-58.0577767,-30.4936511],[-58.0690529,-30.5451967],[-58.037085,-30.5678329],[-58.0334438,-30.5978847],[-57.980209,-30.6294484],[-57.9751975,-30.6472344],[-57.8946233,-30.6694589],[-57.8547335,-30.6946484],[-57.8438544,-30.7217683],[-57.8092299,-30.7296717],[-57.8092602,-30.6946339],[-57.8425917,-30.6610514],[-57.8464374,-30.6207544],[-57.8872982,-30.5875823],[-57.8894647,-30.5104383],[-57.6428505,-30.3418053],[-57.6152444,-30.2557773],[-57.6532888,-30.1986619],[-57.6448758,-30.1815147],[-57.5841486,-30.1771773],[-57.4804651,-30.123146],[-57.4140321,-30.0368425],[-57.3371279,-29.9928448],[-57.3283758,-29.8823946],[-57.294,-29.831],[-57.2269027,-29.7783204],[-57.1209121,-29.7649367],[-57.0017481,-29.6534117],[-56.9698405,-29.6415326],[-56.969917,-29.6039195],[-56.9517481,-29.5812114],[-56.8988764,-29.5317855],[-56.8190538,-29.4881631],[-56.7773787,-29.4353263],[-56.7661821,-29.3776787],[-56.7016374,-29.3591283],[-56.6480791,-29.2585382],[-56.6437875,-29.1960686],[-56.6054464,-29.1623551],[-56.5914201,-29.1241797],[-56.4194797,-29.0789669],[-56.3987838,-29.0259012],[-56.4154672,-29.0007468],[-56.4098704,-28.9776508],[-56.301992,-28.901101],[-56.294353,-28.7976933],[-56.2591303,-28.7783093],[-56.185627,-28.7700102],[-56.1185841,-28.6817179],[-56.0075873,-28.6049306],[-56.0022605,-28.5785297],[-56.0256557,-28.5361101],[-56.008687,-28.5060145],[-55.8823935,-28.477741],[-55.9030187,-28.4079917],[-55.8782951,-28.3611702],[-55.757407,-28.3685854],[-55.732162,-28.3842647],[-55.7174796,-28.4221603],[-55.6963241,-28.4231562],[-55.6699096,-28.3308364],[-55.7726848,-28.2739504],[-55.7825393,-28.2539218],[-55.6321656,-28.1767161],[-55.6202071,-28.1375453],[-55.7125687,-28.0882601],[-55.7163755,-28.0612639],[-55.7583907,-28.060589],[-55.7494893,-28.0271007],[-55.8241716,-27.9489719],[-55.8135319,-27.9210219],[-55.8315237,-27.9044221],[-55.8270946,-27.8552045],[-55.8465321,-27.8329107],[-55.8239529,-27.7931994],[-55.9817652,-27.5388864],[-56.0266874,-27.5072352],[-56.0546058,-27.4513965],[-56.0547774,-27.4194592],[-56.0369572,-27.4155833],[-56.029818,-27.3880765],[-56.0388854,-27.3477709],[-56.0244829,-27.3374535],[-56.0492385,-27.3078593],[-56.1514717,-27.3285693],[-56.2361508,-27.4012056],[-56.2837681,-27.4082204],[-56.2936973,-27.4940853],[-56.3389263,-27.5245416],[-56.3647658,-27.5811076],[-56.3862922,-27.5941616],[-56.4120843,-27.5991743],[-56.4629132,-27.5695814],[-56.5303676,-27.449462],[-56.6011693,-27.4210173],[-56.6495472,-27.4607396],[-56.7202568,-27.4662517],[-56.7001162,-27.5270688],[-56.6770959,-27.5486303],[-56.6859549,-27.5769367],[-56.7433054,-27.6050246],[-56.7936919,-27.5868879],[-56.8451274,-27.6063935],[-56.9375237,-27.5621937],[-56.965644,-27.5020249],[-56.9878784,-27.4894367],[-57.2317737,-27.4664306],[-57.3274254,-27.4145305],[-57.5066675,-27.4410971],[-57.6609052,-27.3610022],[-57.6945305,-27.3269782],[-57.8145,-27.3341603],[-57.8774358,-27.2783568],[-57.9145146,-27.2653112],[-58.0596311,-27.2622511],[-58.1912559,-27.2807667],[-58.2430521,-27.2619595]],[[-57.9169822,-27.2920016],[-57.8942263,-27.2818469],[-57.9105342,-27.2780136],[-57.9024205,-27.2843332],[-57.9169822,-27.2920016]]],[[[-58.2073313,-27.2631464],[-58.1716016,-27.2689686],[-58.224602,-27.2551136],[-58.2073313,-27.2631464]]],[[[-56.8417905,-27.595268],[-56.7489794,-27.5614654],[-56.7285586,-27.5017708],[-56.7699698,-27.5020727],[-56.9001518,-27.4224676],[-56.94466,-27.4305945],[-57.0318,-27.4807817],[-56.9703502,-27.4916887],[-56.8913966,-27.5405731],[-56.9025815,-27.5404399],[-56.8733347,-27.5814717],[-56.8417905,-27.595268]]],[[[-56.765,-27.5865],[-56.7363113,-27.5914896],[-56.7107713,-27.573764],[-56.7001605,-27.5381995],[-56.7151602,-27.5208279],[-56.7363435,-27.5608151],[-56.7840578,-27.5822051],[-56.765,-27.5865]]],[[[-56.9493461,-27.5227429],[-56.9191253,-27.5624224],[-56.8762743,-27.5829671],[-56.8944584,-27.5515352],[-56.9493461,-27.5227429]]],[[[-56.7666217,-27.5707068],[-56.7756446,-27.5758633],[-56.7561811,-27.5694415],[-56.7666217,-27.5707068]]],[[[-57.5334478,-27.4212238],[-57.489996,-27.4386122],[-57.4114837,-27.4154755],[-57.5713581,-27.3838429],[-57.5928694,-27.3917831],[-57.5334478,-27.4212238]]]]}},{"type":"Feature","properties":{"name":"Misiones"},"geometry":{"type":"Polygon","coordinates":[[[-56.0508735,-27.4551282],[-56.0585754,-27.43541],[-56.0367385,-27.4152272],[-56.0388854,-27.3477709],[-56.0242666,-27.3242585],[-55.975287,-27.355647],[-55.896275,-27.342731],[-55.8395485,-27.4070359],[-55.7870048,-27.440287],[-55.732441,-27.4426674],[-55.6830095,-27.3784658],[-55.5979305,-27.3362696],[-55.6002641,-27.2791514],[-55.5756785,-27.2507785],[-55.6154101,-27.2099449],[-55.6182724,-27.1856272],[-55.6076003,-27.1611588],[-55.5611229,-27.1610061],[-55.5613375,-27.1013102],[-55.4554975,-27.1062288],[-55.441962,-27.01781],[-55.3759625,-26.9654292],[-55.3058324,-26.9626819],[-55.2600899,-26.9368859],[-55.2035972,-26.9694895],[-55.1351016,-26.9485829],[-55.1433414,-26.8683713],[-55.0523608,-26.7972966],[-54.9582708,-26.7832787],[-54.9411243,-26.6826256],[-54.8790697,-26.6565527],[-54.8123953,-26.667858],[-54.784779,-26.6232672],[-54.8075717,-26.5601622],[-54.8015414,-26.5372198],[-54.7052912,-26.4460457],[-54.6971549,-26.3786755],[-54.648801,-26.3117939],[-54.6795793,-26.2647252],[-54.6187442,-26.2169385],[-54.6732502,-26.1526844],[-54.6430096,-26.0934442],[-54.6793297,-25.9952393],[-54.6611331,-25.9795338],[-54.6218036,-25.9853136],[-54.608298,-25.9684924],[-54.6223063,-25.9142525],[-54.587047,-25.8304285],[-54.6311462,-25.7661517],[-54.6582234,-25.6757837],[-54.6408068,-25.6596185],[-54.583618,-25.6661967],[-54.5935346,-25.5927528],[-54.5525746,-25.5881295],[-54.5264199,-25.6286655],[-54.4927034,-25.618096],[-54.4328837,-25.6975601],[-54.3839459,-25.5974707],[-54.3483138,-25.6070495],[-54.33074,-25.5733756],[-54.2881729,-25.5539346],[-54.255077,-25.5961888],[-54.235,-25.593],[-54.23,-25.562],[-54.1787553,-25.5848722],[-54.2054165,-25.5401472],[-54.1642891,-25.5423359],[-54.1024947,-25.4943015],[-54.0932787,-25.5125935],[-54.1237425,-25.5669323],[-54.1004026,-25.6181849],[-54.0782931,-25.5577474],[-54.0490437,-25.5853464],[-54.0122223,-25.5653041],[-53.9699964,-25.6009186],[-53.9773829,-25.6123613],[-53.9653308,-25.6125515],[-53.9559363,-25.6463724],[-53.9479775,-25.6114231],[-53.9162425,-25.6161841],[-53.9120403,-25.6362967],[-53.8897305,-25.6235734],[-53.8949697,-25.6428314],[-53.8762297,-25.6453154],[-53.890033,-25.6610826],[-53.862419,-25.658651],[-53.8421295,-25.6883167],[-53.8517941,-25.7064015],[-53.8720452,-25.6934801],[-53.8655783,-25.705614],[-53.8793138,-25.7077063],[-53.8590594,-25.723212],[-53.8665335,-25.7437213],[-53.8347812,-25.7502468],[-53.8570351,-25.7663884],[-53.8309173,-25.780858],[-53.8430705,-25.7909306],[-53.8221369,-25.7937667],[-53.8195703,-25.8161995],[-53.8383762,-25.8157949],[-53.8501204,-25.8398147],[-53.8235014,-25.8722363],[-53.8500079,-25.8836635],[-53.8195087,-25.8985395],[-53.8353233,-25.9117375],[-53.818832,-25.9125243],[-53.8203978,-25.9274351],[-53.8336982,-25.9206317],[-53.8431509,-25.9338398],[-53.8361908,-25.9716575],[-53.8178376,-25.9900275],[-53.8031108,-25.9845364],[-53.7716167,-26.0317163],[-53.7340861,-26.0433307],[-53.7420405,-26.1155723],[-53.6504056,-26.1944808],[-53.6410997,-26.2155872],[-53.6534135,-26.2350745],[-53.6374515,-26.2496524],[-53.7099188,-26.3874268],[-53.6869306,-26.4404546],[-53.7037345,-26.4412461],[-53.6982066,-26.4693755],[-53.7152797,-26.4713015],[-53.6960904,-26.4749328],[-53.6958404,-26.4901291],[-53.7048507,-26.5089239],[-53.729022,-26.5009212],[-53.7201889,-26.5391595],[-53.7417505,-26.5451451],[-53.725329,-26.5540823],[-53.7360674,-26.5665855],[-53.707507,-26.5608557],[-53.7327683,-26.5865123],[-53.739709,-26.6440769],[-53.759459,-26.6409853],[-53.7203229,-26.6506375],[-53.7316393,-26.6774527],[-53.717338,-26.6847795],[-53.7433914,-26.6813491],[-53.7345675,-26.7170577],[-53.7543654,-26.7097095],[-53.7580285,-26.7204641],[-53.742842,-26.7307382],[-53.750175,-26.7408357],[-53.7319636,-26.7308643],[-53.714175,-26.7504549],[-53.7438529,-26.7641073],[-53.6986222,-26.7695942],[-53.7170543,-26.7822608],[-53.7001154,-26.7976516],[-53.6978904,-26.8140291],[-53.7108226,-26.8105781],[-53.6946392,-26.8471976],[-53.6604556,-26.8581572],[-53.6967623,-26.8601413],[-53.6800102,-26.8699458],[-53.695742,-26.887078],[-53.670997,-26.894434],[-53.6969723,-26.9288186],[-53.6712503,-26.9424845],[-53.709196,-26.934136],[-53.7033177,-26.9604425],[-53.725915,-26.958707],[-53.737083,-26.974462],[-53.7179346,-26.9900978],[-53.7430743,-26.9915514],[-53.740819,-27.014724],[-53.763594,-27.008282],[-53.747302,-27.032184],[-53.7639,-27.045352],[-53.785853,-27.026738],[-53.760874,-27.065428],[-53.802327,-27.040278],[-53.771876,-27.073971],[-53.797779,-27.066051],[-53.8053291,-27.0777437],[-53.7769121,-27.1036263],[-53.8189391,-27.1027858],[-53.804543,-27.122901],[-53.8242012,-27.133586],[-53.798789,-27.146289],[-53.8282451,-27.145887],[-53.8367093,-27.1696477],[-53.8692069,-27.1251561],[-53.9038274,-27.1755644],[-53.955356,-27.1545284],[-53.9607239,-27.196148],[-54.009892,-27.2004086],[-54.0210741,-27.2483725],[-54.0888906,-27.3011258],[-54.1561851,-27.2961898],[-54.1564469,-27.2639959],[-54.172,-27.254],[-54.2173631,-27.3860346],[-54.2627815,-27.39878],[-54.2815366,-27.4471837],[-54.3382786,-27.4030394],[-54.3344215,-27.4530491],[-54.3533726,-27.4662672],[-54.4131896,-27.406528],[-54.4698839,-27.4277938],[-54.4464472,-27.4742303],[-54.5043131,-27.4818472],[-54.5301959,-27.5065766],[-54.5816776,-27.4534145],[-54.6222844,-27.5420746],[-54.6422465,-27.5444541],[-54.65868,-27.510947],[-54.6779121,-27.5102362],[-54.6820516,-27.5746561],[-54.741487,-27.5617482],[-54.7762958,-27.5842216],[-54.7948005,-27.5356283],[-54.8120381,-27.5315687],[-54.85,-27.624],[-54.905076,-27.6385901],[-54.902815,-27.7210161],[-54.9362521,-27.7718813],[-54.985494,-27.7715258],[-55.0082767,-27.797619],[-55.0559449,-27.7700164],[-55.0839463,-27.7860224],[-55.02503,-27.8325958],[-55.0291657,-27.8539414],[-55.1083174,-27.847366],[-55.134384,-27.8961466],[-55.1714247,-27.8611084],[-55.1972338,-27.8571383],[-55.2644114,-27.9290091],[-55.3225672,-27.9244075],[-55.3415787,-27.9684883],[-55.3844243,-27.9829331],[-55.3759719,-28.0349527],[-55.4228285,-28.06102],[-55.4477478,-28.0990545],[-55.498209,-28.08103],[-55.5599642,-28.1642311],[-55.5877589,-28.1461644],[-55.5885029,-28.1184752],[-55.6075643,-28.1163005],[-55.6303027,-28.138701],[-55.7125687,-28.0882601],[-55.7163755,-28.0612639],[-55.7583907,-28.060589],[-55.7494893,-28.0271007],[-55.8243781,-27.948382],[-55.8135319,-27.9210219],[-55.8315237,-27.9044221],[-55.8270946,-27.8552045],[-55.8465321,-27.8329107],[-55.8239529,-27.7931994],[-55.9817652,-27.5388864],[-56.0266874,-27.5072352],[-56.0508735,-27.4551282]]]}},{"type":"Feature","properties":{"name":"Chaco"},"geometry":{"type":"Polygon","coordinates":[[[-58.8378861,-27.6492161],[-58.8117582,-27.7421284],[-58.821358,-27.8553537],[-58.8424724,-27.9028097],[-58.8304775,-27.9568031],[-58.8801957,-28.0687237],[-58.8840087,-27.9994794],[-61.7120447,-27.9985522],[-61.711828,-25.6548139],[-63.4224747,-25.6490347],[-62.3425498,-24.3920286],[-62.3329453,-24.081108],[-62.3101335,-24.0976341],[-62.3257141,-24.1253977],[-62.29954,-24.1186804],[-62.1694862,-24.1682676],[-62.1622667,-24.1760602],[-62.1821891,-24.192384],[-62.1403038,-24.1917576],[-62.1403747,-24.2204294],[-62.0791196,-24.2004593],[-62.0822822,-24.2308981],[-62.0557795,-24.2116807],[-62.0415673,-24.2403496],[-62.0077007,-24.2293612],[-61.9843052,-24.2513021],[-61.9874869,-24.226148],[-61.9619476,-24.2313677],[-61.9543523,-24.2636778],[-61.904621,-24.2663222],[-61.9208713,-24.2861071],[-61.9097054,-24.3068061],[-61.8840308,-24.2700427],[-61.8739159,-24.3114932],[-61.8395582,-24.3012927],[-61.7949836,-24.3366139],[-61.769177,-24.3064756],[-61.7465007,-24.3430766],[-61.7143727,-24.3403542],[-61.7342235,-24.3599477],[-61.6930809,-24.3662003],[-61.7123921,-24.3782751],[-61.6963532,-24.4147348],[-61.6557177,-24.4331644],[-61.6083252,-24.4236063],[-61.6042472,-24.4557991],[-61.5830909,-24.440173],[-61.5956532,-24.4830856],[-61.5194046,-24.5173514],[-61.5250694,-24.5353113],[-61.4571694,-24.6117413],[-61.3813888,-24.6136797],[-61.3716925,-24.6445001],[-61.3641952,-24.6217315],[-61.3392778,-24.6400827],[-61.2905176,-24.6260675],[-61.2689774,-24.6375989],[-61.2589582,-24.6199661],[-61.2455976,-24.6502559],[-61.2303507,-24.6389046],[-61.1961844,-24.6615525],[-61.2052572,-24.6984562],[-61.1792427,-24.7221736],[-61.1583802,-24.7069773],[-61.168533,-24.7330155],[-61.1459818,-24.7554026],[-61.1607232,-24.7632941],[-61.1558099,-24.7838609],[-61.1353822,-24.7863545],[-61.1376138,-24.8125341],[-61.0977883,-24.826245],[-61.0916327,-24.8506423],[-61.0702454,-24.8594837],[-61.0752466,-24.8724393],[-61.042537,-24.9000889],[-61.024729,-24.8901846],[-61.0207209,-24.9206225],[-60.9925549,-24.9163772],[-60.9934182,-24.9358777],[-60.9657627,-24.9457021],[-60.9510799,-24.9721831],[-60.9371133,-24.9598469],[-60.9397523,-24.9842864],[-60.9176832,-24.9834957],[-60.9381567,-25.000402],[-60.8914514,-25.0119715],[-60.8943057,-25.0266117],[-60.8711953,-25.0208383],[-60.8756585,-25.0374812],[-60.8215852,-25.0349927],[-60.8386965,-25.0417641],[-60.8099667,-25.0742704],[-60.7493157,-25.0702937],[-60.7635636,-25.0919048],[-60.7353538,-25.0945829],[-60.7191033,-25.1261015],[-60.6535936,-25.1111705],[-60.6703515,-25.146615],[-60.6409542,-25.1488162],[-60.6607385,-25.1633962],[-60.6163254,-25.1789332],[-60.6157859,-25.1613776],[-60.6018586,-25.1613763],[-60.5900073,-25.1790825],[-60.5717669,-25.1759025],[-60.5714645,-25.1940901],[-60.5458984,-25.1910543],[-60.5463897,-25.1680229],[-60.5237527,-25.1762912],[-60.4815093,-25.2371737],[-60.4441018,-25.2609298],[-60.4281373,-25.3064083],[-60.4007298,-25.3130528],[-60.3939574,-25.3350429],[-60.3795585,-25.3226902],[-60.3423495,-25.3418684],[-60.361361,-25.3548173],[-60.3387123,-25.3566517],[-60.3461583,-25.3732667],[-60.318229,-25.3863267],[-60.3359874,-25.4046509],[-60.3138108,-25.4016562],[-60.3119225,-25.4190223],[-60.2773596,-25.439973],[-60.2817697,-25.4713185],[-60.2668201,-25.4740512],[-60.266298,-25.459633],[-60.2252598,-25.4833675],[-60.2357049,-25.5028715],[-60.2223153,-25.5357133],[-60.2401681,-25.5550734],[-60.2121873,-25.5719528],[-60.2176805,-25.6013699],[-60.1930396,-25.6031421],[-60.1779478,-25.6388671],[-60.1866097,-25.6521362],[-60.1332231,-25.6420775],[-60.0921899,-25.6729758],[-60.0360706,-25.6846211],[-60.0438175,-25.6976149],[-60.0176545,-25.6961067],[-60.0102505,-25.7375847],[-59.9861093,-25.7293276],[-59.9618902,-25.7735561],[-59.9389024,-25.7636531],[-59.9199228,-25.794125],[-59.8753306,-25.8018706],[-59.8765969,-25.8463362],[-59.8560986,-25.8459271],[-59.8135896,-25.8838689],[-59.8259492,-25.8912818],[-59.7929902,-25.8973044],[-59.766726,-25.9271043],[-59.7514482,-25.9213919],[-59.7526498,-25.9564335],[-59.7418351,-25.9488704],[-59.7492166,-25.9653852],[-59.7265573,-25.9700151],[-59.7245421,-25.999502],[-59.6689304,-26.0040101],[-59.6838136,-26.0088993],[-59.6665514,-26.0259851],[-59.6759171,-26.0560984],[-59.6616893,-26.0567579],[-59.6792138,-26.1162112],[-59.6482797,-26.1197717],[-59.6590943,-26.1435053],[-59.6240754,-26.1347214],[-59.6434203,-26.1215719],[-59.6053643,-26.1153018],[-59.594893,-26.1311768],[-59.5823617,-26.1234707],[-59.5750487,-26.1523562],[-59.5320649,-26.1419643],[-59.4759316,-26.1626121],[-59.4352479,-26.1509019],[-59.4072671,-26.1797131],[-59.4282406,-26.1986391],[-59.4079537,-26.2082091],[-59.3968841,-26.2589706],[-59.3795131,-26.2636428],[-59.3947384,-26.274065],[-59.3861605,-26.2980968],[-59.4035865,-26.297168],[-59.3577975,-26.3375225],[-59.3126345,-26.3211719],[-59.3092484,-26.3405855],[-59.2536229,-26.3493715],[-59.1914716,-26.3311451],[-59.1658992,-26.2983694],[-59.1402802,-26.2993641],[-59.1510368,-26.3192087],[-59.1125989,-26.3258609],[-59.1281164,-26.3457323],[-59.1094261,-26.3418472],[-59.0654961,-26.3746086],[-59.0417285,-26.3659522],[-59.022602,-26.3822279],[-58.9839764,-26.3801344],[-58.9101729,-26.4625245],[-58.8641567,-26.476894],[-58.8446699,-26.5197363],[-58.7937919,-26.5197129],[-58.7943374,-26.5372923],[-58.7699685,-26.5392181],[-58.749693,-26.5986645],[-58.6895771,-26.5940052],[-58.680387,-26.6435544],[-58.5724202,-26.6875885],[-58.5676137,-26.7305252],[-58.5448742,-26.7519217],[-58.5437015,-26.7374486],[-58.5319028,-26.7404594],[-58.5328278,-26.7585282],[-58.4734566,-26.8097874],[-58.4762825,-26.82685],[-58.4537955,-26.8160994],[-58.4467641,-26.8322816],[-58.4241608,-26.8228007],[-58.4293203,-26.8354688],[-58.4042437,-26.8397941],[-58.4014079,-26.8272681],[-58.3894372,-26.8453813],[-58.3983636,-26.8687934],[-58.3881927,-26.8552406],[-58.3745077,-26.8663214],[-58.3803123,-26.8880344],[-58.4595492,-26.929641],[-58.5033131,-26.9271589],[-58.4680624,-26.9925407],[-58.4768633,-27.0051785],[-58.5195549,-27.0039074],[-58.5036305,-27.0569859],[-58.5164354,-27.0627834],[-58.5201099,-27.0420033],[-58.5570559,-27.036259],[-58.5548759,-27.1089315],[-58.627825,-27.1141287],[-58.6523104,-27.1321056],[-58.6621251,-27.1848203],[-58.5931387,-27.2271023],[-58.6080086,-27.2827862],[-58.5990454,-27.2998427],[-58.6733859,-27.3536622],[-58.7726569,-27.3765361],[-58.8120565,-27.4363882],[-58.8774432,-27.4908732],[-58.8852972,-27.5345313],[-58.8712474,-27.5817859],[-58.8827271,-27.6094003],[-58.8378861,-27.6492161]]]}},{"type":"Feature","properties":{"name":"Jujuy"},"geometry":{"type":"Polygon","coordinates":[[[-65.1865667,-22.0853497],[-65.1940587,-22.1447334],[-65.2204802,-22.1695851],[-65.240295,-22.2792476],[-65.2266131,-22.3201505],[-65.2627333,-22.3382582],[-65.3056889,-22.4666154],[-65.3471239,-22.5201014],[-65.3506937,-22.6022617],[-65.2716616,-22.6482304],[-65.3060603,-22.7304321],[-65.3019968,-22.7650152],[-65.2742279,-22.7900992],[-65.2516892,-22.9279589],[-65.2182019,-22.9589663],[-65.1990187,-22.9580772],[-65.1889014,-22.9981701],[-65.1337579,-23.001886],[-65.0668234,-23.0472823],[-65.0716835,-23.1377012],[-65.0450009,-23.1557643],[-65.0719786,-23.2203021],[-65.0401139,-23.225365],[-65.0101145,-23.2851141],[-64.9646374,-23.2861122],[-64.9472783,-23.2691479],[-64.9101772,-23.3108123],[-64.8924204,-23.3594462],[-64.9068435,-23.423052],[-64.8685339,-23.4461136],[-64.8638306,-23.4839596],[-64.7882652,-23.4962415],[-64.6827196,-23.4523056],[-64.6543458,-23.4848767],[-64.5333745,-23.5203292],[-64.5347572,-23.5377569],[-64.4950539,-23.5682496],[-64.4781612,-23.6088955],[-64.4580767,-23.6112547],[-64.4649433,-23.6228937],[-64.4476844,-23.6411228],[-64.4017833,-23.6263124],[-64.4025314,-23.5943123],[-64.3823397,-23.5764366],[-64.3913412,-23.5608401],[-64.3649912,-23.5279103],[-64.3467093,-23.5315696],[-64.3525264,-23.5174972],[-64.156251,-23.5188443],[-64.1506698,-24.1363884],[-64.1750264,-24.2125455],[-64.16183,-24.2210386],[-64.2851515,-24.4075365],[-64.3181405,-24.4272118],[-64.421652,-24.4022056],[-64.4362952,-24.442659],[-64.4818759,-24.4651235],[-64.4999999,-24.506369],[-64.5367564,-24.5079522],[-64.5601273,-24.5772266],[-64.6475297,-24.6133606],[-64.6741587,-24.6037379],[-64.6809812,-24.574961],[-64.7258921,-24.5296023],[-64.8428613,-24.466996],[-64.8854194,-24.5208873],[-64.8874772,-24.5819585],[-64.927092,-24.5995873],[-65.0792313,-24.5621807],[-65.1009979,-24.5282194],[-65.1933132,-24.458941],[-65.2298174,-24.4692548],[-65.2292718,-24.4862168],[-65.3173118,-24.5023376],[-65.3535391,-24.4909162],[-65.3588434,-24.4613218],[-65.4252856,-24.450446],[-65.4346626,-24.4621784],[-65.4642852,-24.4305772],[-65.4997334,-24.4343205],[-65.5063312,-24.4554222],[-65.5404202,-24.4515164],[-65.6001519,-24.4170397],[-65.6213617,-24.3817656],[-65.6563315,-24.37742],[-65.682687,-24.3077242],[-65.670838,-24.2529328],[-65.7250173,-24.1859999],[-65.7208612,-24.109339],[-65.7517277,-24.0738096],[-65.7470394,-24.0606099],[-65.7866693,-24.0552816],[-65.8673072,-24.0033663],[-65.9461856,-24.0074826],[-65.942032,-23.9673444],[-65.9926844,-23.9797437],[-66.0220814,-23.8617422],[-65.9872882,-23.5097627],[-66.0070249,-23.5125041],[-66.0779038,-23.4554926],[-66.1607153,-23.4189276],[-66.1844906,-23.4150829],[-66.2046039,-23.433261],[-66.2058709,-23.4613367],[-66.2391989,-23.4922995],[-66.265918,-23.5621183],[-66.316807,-23.5736908],[-66.3333595,-23.6601969],[-66.3705306,-23.6943648],[-66.3789484,-23.7489713],[-66.3562934,-23.8268465],[-66.378751,-23.8309018],[-66.3575594,-23.8807478],[-66.3675705,-23.9712357],[-66.3394833,-23.9842137],[-66.3680649,-24.042593],[-66.3777306,-24.1166442],[-66.3939643,-24.1276302],[-66.4179337,-24.1183922],[-66.4206276,-24.1617903],[-66.4776235,-24.1829404],[-66.468873,-24.1984308],[-66.4831545,-24.2132191],[-66.5000534,-24.198679],[-66.5436777,-24.2076475],[-66.55721,-24.1876421],[-66.6475663,-24.1731671],[-66.7395804,-24.0927801],[-66.7972827,-24.0963835],[-66.837349,-24.0707529],[-66.8806406,-23.9743906],[-66.9411213,-23.9840362],[-66.9968167,-23.8863033],[-67.212916,-23.6945116],[-66.9905186,-23.0004359],[-67.1804928,-22.814085],[-67.12775,-22.7221139],[-67.0140833,-22.6548139],[-67.0269711,-22.5405067],[-66.9729444,-22.5406583],[-66.9285556,-22.4922278],[-66.7824722,-22.438075],[-66.7392778,-22.2384583],[-66.68625,-22.2095389],[-66.63825,-22.2254861],[-66.6231667,-22.1973806],[-66.3477963,-22.1280951],[-66.3250361,-22.0882782],[-66.2886043,-22.0869549],[-66.2747139,-21.944519],[-66.2361363,-21.8522614],[-66.2413201,-21.7893982],[-66.2209834,-21.7808568],[-66.0763056,-21.834975],[-66.0432778,-21.8719389],[-66.0481667,-21.9190167],[-65.9247778,-21.93355],[-65.8048354,-22.0752476],[-65.7482635,-22.1091447],[-65.5890064,-22.0985822],[-65.5746446,-22.0762037],[-65.483812,-22.0957667],[-65.1865667,-22.0853497]]]}},{"type":"Feature","properties":{"name":"Tucumán"},"geometry":{"type":"Polygon","coordinates":[[[-65.93973,-27.616701],[-65.9757328,-27.4935589],[-65.9718954,-27.3331279],[-66.140793,-27.2610565],[-66.110766,-27.2161096],[-66.0779357,-27.2092017],[-66.0547185,-27.144147],[-65.9896129,-27.1047804],[-65.9644032,-27.0331156],[-65.9171963,-27.0147462],[-65.9139348,-26.982779],[-65.8912325,-26.9750918],[-65.8749032,-26.9329269],[-65.8577586,-26.929072],[-65.8576298,-26.9012139],[-65.9005237,-26.8637783],[-65.8743882,-26.8180579],[-65.8814478,-26.8061078],[-65.8300781,-26.7442115],[-66.0437885,-26.6002451],[-66.1722852,-26.6289307],[-66.1644746,-26.5026844],[-66.1776925,-26.4714949],[-66.1540032,-26.440297],[-66.1584664,-26.4013261],[-66.1189843,-26.3770298],[-66.1213876,-26.2760998],[-66.0979558,-26.2510845],[-66.0998,-26.2205],[-65.7178,-26.3525],[-65.723,-26.3127],[-65.7073,-26.2959],[-65.7242,-26.2789],[-65.7028,-26.24],[-65.7104,-26.2091],[-65.6885,-26.1173],[-65.6401,-26.111],[-65.6136,-26.1235],[-65.5481,-26.0875],[-65.4654,-26.0913],[-65.4244,-26.109],[-65.3626789,-26.0582795],[-65.2979,-26.0817],[-65.2755597,-26.1718175],[-65.0402,-26.2297],[-65.040056,-26.2875418],[-64.9737,-26.2769],[-64.9512,-26.3068],[-64.8734,-26.2749],[-64.8459,-26.2389],[-64.7904,-26.2237],[-64.6621,-26.2442],[-64.6223,-26.2241],[-64.4975,-26.216],[-64.4816866,-26.3074499],[-64.52213,-26.355505],[-64.5341255,-26.4093612],[-64.5045515,-26.6766811],[-64.5901355,-26.6605235],[-64.6220921,-26.8091377],[-64.6721918,-26.8004199],[-64.7108997,-26.9736586],[-64.7532236,-26.9660382],[-64.7608393,-27.0026471],[-64.7493517,-27.0046205],[-64.7984182,-27.1505902],[-64.8111306,-27.1487738],[-64.8545731,-27.3184167],[-64.9326363,-27.3449991],[-65.0122453,-27.4662515],[-64.9557684,-27.5460866],[-65.0297983,-27.5868191],[-64.9882281,-27.7338762],[-65.024069,-27.7093359],[-65.0074299,-27.7616678],[-65.0389741,-27.8792441],[-65.1066542,-27.893215],[-65.1590957,-27.8772398],[-65.17828,-27.9159915],[-65.1708439,-27.9464526],[-65.3606277,-27.8291899],[-65.4198713,-27.8877713],[-65.5008268,-27.9244097],[-65.5758566,-28.0139024],[-65.6183978,-27.9713413],[-65.667817,-27.9701823],[-65.6709588,-27.9303158],[-65.6992057,-27.8898305],[-65.7022544,-27.8180089],[-65.7503672,-27.7688645],[-65.8036279,-27.7683266],[-65.7945877,-27.8065892],[-65.8207563,-27.8202262],[-65.8322868,-27.8510592],[-65.828662,-27.8145586],[-65.865655,-27.6888483],[-65.875311,-27.6725067],[-65.9153724,-27.6690671],[-65.93973,-27.616701]]]}},{"type":"Feature","properties":{"name":"Neuquén"},"geometry":{"type":"Polygon","coordinates":[[[-68.734676,-39.2518636],[-68.8095841,-39.2870393],[-68.8550668,-39.3826343],[-68.9537754,-39.4487545],[-69.0856793,-39.5326287],[-69.2770601,-39.6081018],[-69.2819282,-39.6296906],[-69.3070418,-39.6366747],[-69.3427205,-39.6799971],[-69.3479991,-39.7111319],[-69.4220978,-39.7684075],[-69.4735801,-39.7791726],[-69.5076978,-39.8156359],[-69.5708692,-39.8100113],[-69.5975196,-39.8309005],[-69.7014606,-39.849609],[-69.7604853,-39.88303],[-69.8661268,-39.9110571],[-69.8736692,-39.927477],[-69.9516463,-39.9604695],[-70.0048868,-40.0377331],[-69.9970166,-40.0911411],[-69.9663852,-40.1232247],[-69.9503589,-40.1789635],[-69.9926949,-40.1801521],[-69.994275,-40.1991002],[-70.0299082,-40.2145262],[-70.0638375,-40.2553843],[-70.0510801,-40.3024415],[-70.0596703,-40.3684251],[-70.0778274,-40.3966405],[-70.1845578,-40.4293146],[-70.1680383,-40.4715525],[-70.1786108,-40.4936666],[-70.3028228,-40.5009923],[-70.4208288,-40.5337074],[-70.5382934,-40.5030504],[-70.5485783,-40.5223927],[-70.62355,-40.5501618],[-70.6503449,-40.5908689],[-70.7362547,-40.5804974],[-70.8584864,-40.5959029],[-70.8804694,-40.6227812],[-70.9793923,-40.6501003],[-71.0151744,-40.6840063],[-71.027674,-40.7244314],[-71.0940206,-40.7269986],[-71.1207408,-40.7575057],[-71.1194211,-40.8041254],[-71.0931248,-40.8259881],[-71.0998195,-40.8403766],[-71.0470498,-40.8711116],[-71.0319489,-40.9331791],[-71.0601619,-40.980517],[-71.1016327,-40.9906332],[-71.0889351,-40.9973262],[-71.1151189,-41.007427],[-71.14178,-41.0561403],[-71.174989,-41.0562553],[-71.2387792,-41.0950086],[-71.3062478,-41.1001809],[-71.4569058,-41.0416113],[-71.5516111,-41.0230409],[-71.8333799,-41.0294535],[-71.9051988,-40.9851638],[-71.9024522,-40.9607328],[-71.8572398,-40.9559886],[-71.8690556,-40.8925142],[-71.858182,-40.8794674],[-71.8813862,-40.8803281],[-71.9275224,-40.8335054],[-71.9213641,-40.7857447],[-71.959359,-40.7583939],[-71.96387,-40.7195521],[-71.8700456,-40.6637959],[-71.8376133,-40.6099082],[-71.825051,-40.5781297],[-71.8550847,-40.5926624],[-71.8904984,-40.5560038],[-71.8591782,-40.5553641],[-71.8429096,-40.5253245],[-71.8556189,-40.5094184],[-71.8245787,-40.4204798],[-71.7916197,-40.4074098],[-71.7353148,-40.4344618],[-71.6879362,-40.3976057],[-71.6936011,-40.3739391],[-71.6570372,-40.3642609],[-71.6849971,-40.2939871],[-71.7167652,-40.2789773],[-71.7516281,-40.3055995],[-71.7593474,-40.2807614],[-71.8292135,-40.2132844],[-71.7984862,-40.1873239],[-71.8288179,-40.1720523],[-71.7996991,-40.13589],[-71.809119,-40.1026868],[-71.8280125,-40.1122958],[-71.8256521,-40.0881189],[-71.764369,-40.0909794],[-71.6993308,-40.1171532],[-71.6743433,-40.1043486],[-71.6665918,-40.0735151],[-71.6885751,-40.0324819],[-71.6450209,-39.9703368],[-71.6204733,-39.9733625],[-71.6256232,-39.9394138],[-71.5995306,-39.9249344],[-71.5926642,-39.9012343],[-71.6133751,-39.8744534],[-71.6339888,-39.8808225],[-71.6421026,-39.8549954],[-71.6769499,-39.8601346],[-71.6889662,-39.8481425],[-71.6932577,-39.825866],[-71.6668219,-39.808066],[-71.6846747,-39.8016041],[-71.6802925,-39.7686137],[-71.7125702,-39.7245548],[-71.6940147,-39.7072816],[-71.704132,-39.6952918],[-71.6693974,-39.6824411],[-71.7168135,-39.6356915],[-71.6949749,-39.6248131],[-71.6986281,-39.5873476],[-71.6778088,-39.565057],[-71.6247648,-39.5921221],[-71.6101736,-39.6279613],[-71.5415331,-39.6222987],[-71.5030569,-39.6372157],[-71.4611722,-39.5830704],[-71.4744957,-39.5742135],[-71.4671981,-39.5578585],[-71.5039861,-39.5603801],[-71.5342964,-39.529454],[-71.5174039,-39.5041689],[-71.4729448,-39.4932666],[-71.4650524,-39.4583157],[-71.4470852,-39.4506198],[-71.4641737,-39.4195333],[-71.4444795,-39.4034749],[-71.4570232,-39.3705705],[-71.4001894,-39.3502948],[-71.3924845,-39.2955508],[-71.3740808,-39.2829326],[-71.3925505,-39.2501308],[-71.3810733,-39.2113273],[-71.4211861,-39.1510747],[-71.4073699,-39.0957795],[-71.4177321,-39.0696619],[-71.3962305,-39.0456651],[-71.4415121,-38.9810271],[-71.4336042,-38.9289436],[-71.3294566,-38.8729128],[-71.2960324,-38.8711795],[-71.237374,-38.8013572],[-71.1854678,-38.8150322],[-71.0937309,-38.7545351],[-71.0697198,-38.7694346],[-71.053251,-38.7575554],[-71.0018706,-38.7700955],[-70.9264255,-38.7628511],[-70.8833867,-38.7014369],[-70.9045708,-38.6669236],[-70.8271301,-38.5961199],[-70.8423972,-38.5382551],[-70.8667839,-38.5135931],[-70.9105843,-38.5040496],[-70.983814,-38.4310597],[-70.9979332,-38.2917639],[-71.0090885,-38.2616937],[-71.0323075,-38.2499069],[-71.0179371,-38.212503],[-70.9967637,-38.2033181],[-70.9959269,-38.171847],[-71.0441798,-38.1226821],[-70.9890926,-38.1102232],[-70.988186,-38.0875199],[-71.055429,-38.0435412],[-71.0617268,-37.9707006],[-71.1138904,-37.9518965],[-71.1072815,-37.8913234],[-71.1402994,-37.8594893],[-71.1833596,-37.8575876],[-71.1260569,-37.8223872],[-71.1703134,-37.785703],[-71.1558402,-37.7574114],[-71.2106162,-37.6981429],[-71.206609,-37.6486114],[-71.1278674,-37.5877362],[-71.1313838,-37.5534663],[-71.1503578,-37.5391924],[-71.1158377,-37.4890336],[-71.1536944,-37.4002583],[-71.1983424,-37.3822895],[-71.2017328,-37.3650965],[-71.1859399,-37.355166],[-71.2081996,-37.338146],[-71.220987,-37.2750474],[-71.1881661,-37.276392],[-71.1557919,-37.2350906],[-71.1704448,-37.2253843],[-71.1145663,-37.2065426],[-71.1345756,-37.1412384],[-71.0923493,-37.1145557],[-71.1224574,-37.0910999],[-71.1204243,-37.0733097],[-71.1415494,-37.0690466],[-71.1650241,-36.9985427],[-71.2222999,-36.978226],[-71.1064339,-36.9713925],[-71.0871434,-36.9360605],[-71.1443576,-36.9291547],[-71.1497676,-36.9014586],[-71.1218941,-36.8638195],[-71.1626422,-36.8615062],[-71.1802912,-36.8420137],[-71.161269,-36.8175735],[-71.1534315,-36.8269821],[-71.1317861,-36.8147305],[-71.1135793,-36.6795968],[-71.0860223,-36.6775016],[-71.0655999,-36.7142906],[-71.0093969,-36.6909882],[-71.0113549,-36.6647184],[-71.0261393,-36.6641934],[-71.0573548,-36.6180508],[-71.0372704,-36.4757993],[-70.9564984,-36.5048845],[-70.9271657,-36.4743564],[-70.8890167,-36.4660931],[-70.8839098,-36.3962421],[-70.8486039,-36.4186277],[-70.8170235,-36.3954951],[-70.7890213,-36.4286743],[-70.7464922,-36.4057109],[-70.7392716,-36.4296476],[-70.7134366,-36.4275499],[-70.6791794,-36.3893244],[-70.7117951,-36.3452731],[-70.6844124,-36.3047634],[-70.6853753,-36.2838456],[-70.7060766,-36.2725629],[-70.6667554,-36.2430618],[-70.6322837,-36.2387698],[-70.6310499,-36.2149951],[-70.5709282,-36.1751713],[-70.5830544,-36.1474052],[-70.5707538,-36.1333127],[-70.527817,-36.1437838],[-70.4911405,-36.1788303],[-70.4484451,-36.172781],[-70.4208344,-36.1556828],[-70.4149658,-36.1063075],[-70.4263034,-36.0980746],[-70.398615,-36.0529199],[-70.383208,-36.1078956],[-70.3986579,-36.1227535],[-70.394581,-36.1951399],[-70.3707764,-36.2236789],[-70.3722328,-36.2812835],[-70.3513223,-36.3244698],[-70.3036273,-36.3405805],[-70.2668005,-36.3224514],[-70.2254355,-36.3271753],[-70.1954484,-36.4232076],[-70.2016389,-36.4540817],[-70.1374215,-36.5279242],[-70.1226533,-36.5707474],[-70.0219739,-36.6659103],[-70.011937,-36.695608],[-69.987486,-36.6928422],[-69.9474996,-36.7215319],[-69.9437767,-36.7450786],[-69.919948,-36.7623696],[-69.9220026,-36.794513],[-69.8735941,-36.8114579],[-69.8503876,-36.8463324],[-69.7593612,-36.8722921],[-69.7521329,-36.8862971],[-69.7790408,-36.9171018],[-69.7762426,-36.9913262],[-69.755666,-37.0687429],[-69.7113588,-37.1017226],[-69.5299646,-37.1743613],[-69.4295027,-37.1596984],[-69.3968366,-37.1718742],[-69.2682288,-37.144733],[-69.2206854,-37.1764194],[-69.1723573,-37.1781846],[-69.0644842,-37.2235668],[-69.0384078,-37.2553236],[-69.0500771,-37.3143728],[-69.0261867,-37.364713],[-68.9766097,-37.379361],[-68.901701,-37.3743351],[-68.8657701,-37.40123],[-68.7657344,-37.3666868],[-68.7218176,-37.3893213],[-68.6972255,-37.4421846],[-68.5049594,-37.4539773],[-68.4372929,-37.5442028],[-68.2499645,-37.5747808],[-68.2467266,-38.6879979],[-68.1207626,-38.7472304],[-68.1184192,-38.7930783],[-68.0811403,-38.8486003],[-68.094105,-38.8585746],[-68.072015,-38.8718274],[-68.0691411,-38.903104],[-68.0390247,-38.9418799],[-68.0074454,-38.9594596],[-68.0003247,-38.9740566],[-68.0119193,-38.9795889],[-67.9962632,-38.9959642],[-68.0175411,-38.9781597],[-68.0780184,-38.9951985],[-68.1772522,-38.9672034],[-68.2311817,-38.9913239],[-68.3026279,-38.9758855],[-68.30704,-38.9901118],[-68.4282178,-39.0289649],[-68.5042242,-39.0711724],[-68.561913,-39.077041],[-68.6618472,-39.1744552],[-68.6540308,-39.2054456],[-68.734676,-39.2518636]]]}},{"type":"Feature","properties":{"name":"Buenos Aires"},"geometry":{"type":"MultiPolygon","coordinates":[[[[-58.4855974,-34.6872488],[-58.4616273,-34.7058155],[-58.4236974,-34.6623015],[-58.3741368,-34.6572506],[-58.3293096,-34.6314803],[-58.3162985,-34.6581885],[-58.2277362,-34.6999708],[-58.178801,-34.7445013],[-58.0145699,-34.7806385],[-57.9474679,-34.8334539],[-57.8734925,-34.8258946],[-57.7510307,-34.9149876],[-57.6753262,-34.9360593],[-57.59286,-34.99425],[-57.50749,-35.0252201],[-57.3393299,-35.1591801],[-57.22306,-35.2731234],[-57.1278768,-35.4438705],[-57.15362,-35.4967201],[-57.2498632,-35.591514],[-57.3653757,-35.7463228],[-57.3898202,-35.8528809],[-57.3727517,-35.9443033],[-57.3825968,-35.9680341],[-57.2804135,-36.1372985],[-57.1152119,-36.2801034],[-57.0127458,-36.3281582],[-56.9106949,-36.3430286],[-56.7901833,-36.3276093],[-56.7746334,-36.3172712],[-56.7778128,-36.2912295],[-56.7406833,-36.3131994],[-56.7096931,-36.3743706],[-56.6905635,-36.4779841],[-56.6672466,-36.8819062],[-56.9917609,-37.2911322],[-57.1268517,-37.4933155],[-57.4044415,-37.7287207],[-57.4922477,-37.8289125],[-57.5415217,-37.9695986],[-57.5223382,-38.0371424],[-57.5332205,-38.0319035],[-57.540318,-38.0485423],[-57.5177499,-38.0389202],[-57.5395833,-38.0643139],[-57.5431326,-38.0987033],[-57.5952265,-38.1211947],[-57.6833957,-38.2058652],[-57.8224602,-38.2685313],[-57.847994,-38.2940025],[-58.0580286,-38.3811237],[-58.4958297,-38.5369732],[-58.7283397,-38.5852434],[-59.0120262,-38.6787761],[-59.8529738,-38.8373907],[-60.8480841,-38.9794784],[-61.1571631,-38.9997299],[-61.3716298,-38.9882351],[-61.6023468,-39.0038237],[-61.7114389,-38.9654278],[-61.7976773,-38.9934345],[-62.0561236,-38.9301049],[-62.0696083,-38.9109217],[-62.0733199,-38.9251351],[-62.0744336,-38.9048657],[-62.106598,-38.8953077],[-62.133801,-38.8181774],[-62.2280699,-38.7861668],[-62.253272,-38.7992119],[-62.2998786,-38.7854097],[-62.3089922,-38.7474251],[-62.3260617,-38.7500253],[-62.3131549,-38.7361217],[-62.3640954,-38.7084781],[-62.356832,-38.718683],[-62.3821091,-38.7238393],[-62.3731827,-38.7384356],[-62.3876023,-38.7291124],[-62.3796093,-38.7514226],[-62.42923,-38.73424],[-62.4401307,-38.7491634],[-62.4786472,-38.7530134],[-62.4721177,-38.7419746],[-62.4926099,-38.7414],[-62.5107778,-38.714013],[-62.5190052,-38.740866],[-62.5638612,-38.753455],[-62.5420386,-38.7638362],[-62.5639629,-38.7760678],[-62.5226569,-38.8180729],[-62.4996704,-38.8193393],[-62.4828503,-38.7665299],[-62.4991876,-38.8194898],[-62.393243,-38.8206935],[-62.3706427,-38.8568682],[-62.3331589,-38.8502071],[-62.3530125,-38.8640007],[-62.3195574,-38.9043196],[-62.3453307,-38.9523756],[-62.3213518,-38.968681],[-62.321789,-38.9957349],[-62.3006344,-38.9934345],[-62.3166526,-39.0030149],[-62.3004735,-39.0252684],[-62.3065357,-39.0525918],[-62.3556733,-39.0959338],[-62.3361898,-39.1316165],[-62.3442471,-39.1644031],[-62.2910214,-39.2357019],[-62.2603744,-39.2312663],[-62.2375327,-39.2516117],[-62.2953692,-39.2352822],[-62.3222691,-39.2512025],[-62.3206973,-39.2673435],[-62.2619247,-39.2713532],[-62.2878161,-39.2869788],[-62.2093213,-39.2710355],[-62.1058416,-39.2948194],[-62.0067126,-39.3649033],[-62.0027107,-39.4049552],[-62.0165241,-39.4191378],[-62.0722657,-39.4020951],[-62.1630813,-39.3432808],[-62.1984208,-39.3310444],[-62.2069395,-39.340662],[-62.1560794,-39.3619669],[-62.1355391,-39.3967643],[-62.0740736,-39.432837],[-62.0376706,-39.4381899],[-62.1077192,-39.6214332],[-62.0898932,-39.6807196],[-62.1131373,-39.7516773],[-62.1151274,-39.8327502],[-62.1276909,-39.8578988],[-62.1452839,-39.8589945],[-62.1247099,-39.86769],[-62.1439299,-39.8764299],[-62.1986783,-39.8515775],[-62.2530413,-39.8510998],[-62.3006666,-39.8706879],[-62.30907,-39.86059],[-62.3132622,-39.900716],[-62.33118,-39.9157999],[-62.3141527,-39.938538],[-62.3281807,-39.9441768],[-62.3305893,-40.0115596],[-62.35142,-40.06793],[-62.32633,-40.15508],[-62.3331857,-40.1751927],[-62.353667,-40.2051279],[-62.44418,-40.24994],[-62.48483,-40.3027701],[-62.4470079,-40.4071404],[-62.4206911,-40.4285143],[-62.4191988,-40.4633684],[-62.3201877,-40.5048426],[-62.3207,-40.5353087],[-62.297688,-40.5426724],[-62.2833771,-40.5699745],[-62.2562599,-40.5541907],[-62.3204177,-40.5268775],[-62.2556725,-40.5390126],[-62.1816731,-40.577313],[-62.1728754,-40.6353443],[-62.2333646,-40.6903846],[-62.3118192,-40.8706653],[-62.7289644,-41.0367532],[-62.790071,-41.0234191],[-62.8058525,-40.9804263],[-62.8695457,-40.9048066],[-62.9911607,-40.8006916],[-63.1843101,-40.7221828],[-63.2856693,-40.7295615],[-63.3081757,-40.7076824],[-63.3618945,-40.7228308],[-63.3609494,-40.703669],[-63.3793513,-40.7101894],[-63.3912994,-34.386455],[-61.7176808,-34.385686],[-61.3286259,-34.0276706],[-60.9869117,-33.6863154],[-60.9341434,-33.6537377],[-60.9181759,-33.5884961],[-60.8790072,-33.5546812],[-60.8181733,-33.540342],[-60.7818857,-33.5790179],[-60.6837778,-33.5855109],[-60.6197471,-33.6288312],[-60.5570877,-33.6466105],[-60.4627838,-33.6341177],[-60.4574208,-33.5824059],[-60.4137679,-33.5447898],[-60.4238969,-33.528554],[-60.4101925,-33.4677255],[-60.3353899,-33.4124066],[-60.3239434,-33.3507345],[-60.2828792,-33.3136553],[-60.2645971,-33.2811763],[-60.2730454,-33.2638619],[-60.2522629,-33.2756093],[-60.2602234,-33.2616119],[-60.1961209,-33.2978751],[-60.1659877,-33.3516646],[-60.1022313,-33.3779922],[-60.0411661,-33.4481117],[-59.9963071,-33.4701666],[-59.9343026,-33.474139],[-59.8979223,-33.5092076],[-59.8249887,-33.5318507],[-59.8076329,-33.5520934],[-59.8086163,-33.5895104],[-59.7763253,-33.6084891],[-59.7107915,-33.6036285],[-59.6613188,-33.6199797],[-59.613589,-33.6892065],[-59.5892711,-33.6882482],[-59.5365374,-33.6358229],[-59.5083334,-33.6317343],[-59.4828919,-33.647095],[-59.4693067,-33.7001184],[-59.4423009,-33.7273378],[-59.2468941,-33.7262387],[-59.2342042,-33.7387718],[-59.2536609,-33.7941758],[-59.2365447,-33.8117169],[-59.1721337,-33.8062638],[-59.1328504,-33.8476613],[-58.994148,-33.841388],[-58.9728665,-33.8726939],[-58.8983281,-33.8905468],[-58.8398988,-33.9508776],[-58.7582302,-33.9467243],[-58.6792205,-34.0235848],[-58.6446805,-34.0377633],[-58.4195015,-34.0038083],[-58.3873832,-33.9854186],[-58.3449883,-34.0383543],[-58.3166609,-34.1500078],[-58.1349261,-34.2709676],[-58.5108909,-34.4441526],[-58.459509,-34.5274007],[-58.5007775,-34.5497717],[-58.5314535,-34.6156096],[-58.5291075,-34.6544859],[-58.4855974,-34.6872488]]],[[[-61.9869661,-40.4331064],[-61.9727182,-40.4218359],[-62.0003343,-40.3723128],[-62.0057199,-40.3985216],[-61.9822669,-40.4205127],[-61.9869661,-40.4331064]]],[[[-58.2444353,-34.1877963],[-58.2543799,-34.1755663],[-58.2569723,-34.1901043],[-58.2444353,-34.1877963]]],[[[-62.1547136,-39.9102922],[-62.1344637,-39.8943747],[-62.1638421,-39.8782616],[-62.1763599,-39.9360184],[-62.1557524,-39.9451197],[-62.1299766,-39.8994251],[-62.1547136,-39.9102922]]],[[[-62.0806289,-39.0892514],[-62.0628393,-39.1513484],[-62.037338,-39.1130136],[-62.0554322,-39.1113237],[-62.0483244,-39.0910168],[-62.0666599,-39.1040808],[-62.0588386,-39.0836261],[-62.0806289,-39.0892514]]],[[[-62.1434516,-40.0372628],[-62.1212804,-40.0241474],[-62.160882,-40.0328363],[-62.1434516,-40.0372628]]],[[[-62.0081003,-39.154127],[-61.9754219,-39.1694148],[-61.9560135,-39.1580766],[-61.9906247,-39.1358691],[-62.0081003,-39.154127]]],[[[-62.3103976,-40.3096439],[-62.3197961,-40.3489235],[-62.2723129,-40.3228576],[-62.2626007,-40.2987823],[-62.297743,-40.2951859],[-62.3103976,-40.3096439]]],[[[-62.05402,-39.1436801],[-62.0545042,-39.1575192],[-62.0333469,-39.1472941],[-62.0373058,-39.1180248],[-62.05402,-39.1436801]]],[[[-62.0326281,-39.2490714],[-62.0131016,-39.2611675],[-61.9963646,-39.2482073],[-62.0244313,-39.2367074],[-62.0326281,-39.2490714]]],[[[-61.9077981,-39.1614624],[-61.8852755,-39.1644686],[-61.9021118,-39.142002],[-61.9077981,-39.1614624]]],[[[-62.15787,-39.20874],[-62.1148539,-39.2436541],[-62.0642781,-39.2443853],[-62.1572158,-39.1825954],[-62.15787,-39.20874]]],[[[-62.1194404,-38.969144],[-62.1271062,-38.9811714],[-62.1114475,-38.979028],[-62.1194404,-38.969144]]],[[[-62.1316016,-40.3965437],[-62.1230507,-40.4077041],[-62.1113992,-40.3953957],[-62.1316016,-40.3965437]]],[[[-61.9880583,-39.0332175],[-61.9889349,-39.0187294],[-61.9999641,-39.0320444],[-61.9880583,-39.0332175]]],[[[-62.1138239,-39.0103015],[-62.0966631,-39.0218885],[-62.0811331,-39.0074837],[-62.1257329,-39.0020769],[-62.1138239,-39.0103015]]],[[[-62.1384949,-38.9791573],[-62.1281952,-38.9832064],[-62.1300137,-38.9625914],[-62.14286,-38.9623499],[-62.1384949,-38.9791573]]],[[[-62.3703999,-40.2557301],[-62.3566604,-40.2337231],[-62.3739531,-40.2358259],[-62.3703999,-40.2557301]]],[[[-62.0076567,-39.3339655],[-62.0056544,-39.3191736],[-62.0300263,-39.3227203],[-62.0076567,-39.3339655]]],[[[-62.1686271,-40.4372135],[-62.1381247,-40.406495],[-62.1571791,-40.4014787],[-62.1416974,-40.3843558],[-62.1629727,-40.3796443],[-62.1641637,-40.3616761],[-62.1990913,-40.4311465],[-62.1686271,-40.4372135]]],[[[-62.0174812,-39.1421637],[-61.9955599,-39.1349828],[-62.0119214,-39.1113404],[-61.993618,-39.0996182],[-62.0006025,-39.0906462],[-62.0281005,-39.1066076],[-62.0174812,-39.1421637]]],[[[-62.32164,-38.80763],[-62.3057091,-38.7986684],[-62.3533559,-38.802291],[-62.32164,-38.80763]]],[[[-62.11506,-40.15109],[-62.11038,-40.1251299],[-62.1299199,-40.1661],[-62.11506,-40.15109]]],[[[-62.2923301,-39.00008],[-62.3104218,-39.002837],[-62.2712978,-38.991995],[-62.2923301,-39.00008]]],[[[-62.2804707,-39.026385],[-62.2647121,-39.017843],[-62.2748831,-39.0081995],[-62.2804707,-39.026385]]],[[[-62.0583826,-39.0178458],[-62.0406747,-39.0380155],[-62.0243454,-39.025506],[-62.0583826,-39.0178458]]],[[[-62.3018736,-38.8734274],[-62.3142573,-38.8647671],[-62.3206383,-38.8812451],[-62.2934943,-38.8945254],[-62.3090968,-38.8822056],[-62.2891706,-38.878157],[-62.3018736,-38.8734274]]],[[[-62.0123184,-39.0312526],[-62.0094645,-39.0483065],[-62.0008171,-39.0393738],[-62.0123184,-39.0312526]]],[[[-62.0272422,-39.0319735],[-62.0187342,-39.0491272],[-62.0162559,-39.0311276],[-62.0272422,-39.0319735]]],[[[-62.2840534,-39.0097305],[-62.276259,-39.0011472],[-62.30151,-39.02042],[-62.273827,-39.0016525],[-62.2840534,-39.0097305]]],[[[-62.2306609,-39.0235847],[-62.2185695,-39.0123898],[-62.2369373,-39.006379],[-62.2306609,-39.0235847]]],[[[-62.2532036,-39.8580398],[-62.2606705,-39.8675396],[-62.2368053,-39.8830797],[-62.1690366,-39.8627853],[-62.1913386,-39.8530521],[-62.2181198,-39.870086],[-62.2532036,-39.8580398]]],[[[-62.1779502,-39.9423548],[-62.177815,-39.9065283],[-62.2012949,-39.932892],[-62.1871286,-39.9439197],[-62.1860877,-39.9265379],[-62.1779502,-39.9423548]]],[[[-62.2968766,-38.9837377],[-62.3055535,-38.9893466],[-62.2746714,-38.9888116],[-62.2968766,-38.9837377]]],[[[-62.3209112,-40.2682599],[-62.3054887,-40.2575216],[-62.3442511,-40.2718819],[-62.34541,-40.3455801],[-62.3122499,-40.2983204],[-62.3248312,-40.2886686],[-62.3103936,-40.2725577],[-62.3314609,-40.2788206],[-62.3209112,-40.2682599]]],[[[-62.46605,-38.76613],[-62.45958,-38.7544201],[-62.4822,-38.7547799],[-62.46605,-38.76613]]],[[[-62.3010126,-40.2187389],[-62.28802,-40.2208627],[-62.2938404,-40.2081412],[-62.3010126,-40.2187389]]],[[[-61.9878137,-39.2466783],[-61.9661898,-39.2374568],[-61.9857372,-39.2330269],[-61.9878137,-39.2466783]]],[[[-62.3653239,-38.8363523],[-62.3492468,-38.8475374],[-62.3585379,-38.8246305],[-62.3653239,-38.8363523]]],[[[-62.0622447,-39.24121],[-62.0462588,-39.2474584],[-62.0710006,-39.2306535],[-62.0622447,-39.24121]]],[[[-61.9901601,-39.1290801],[-61.9658733,-39.1262151],[-61.9776428,-39.114204],[-61.9674826,-39.1099002],[-61.9879201,-39.1018401],[-61.9901601,-39.1290801]]],[[[-62.1956366,-40.4450896],[-62.2363901,-40.5059847],[-62.2167617,-40.5234518],[-62.1568143,-40.4560705],[-62.1804607,-40.4606012],[-62.1956366,-40.4450896]]],[[[-62.10727,-40.1833899],[-62.1305899,-40.1661],[-62.1061299,-40.2191999],[-62.1036701,-40.20236],[-62.1235891,-40.1982525],[-62.10727,-40.1833899]]],[[[-62.3233205,-38.861862],[-62.3157942,-38.8521956],[-62.3323917,-38.8427494],[-62.3233205,-38.861862]]],[[[-62.3181224,-40.3502318],[-62.33641,-40.35619],[-62.3102394,-40.3628612],[-62.3181224,-40.3502318]]],[[[-62.2913781,-38.913142],[-62.2693867,-38.9044762],[-62.3017797,-38.9117124],[-62.2913781,-38.913142]]],[[[-62.3046657,-38.8615028],[-62.2948462,-38.8527513],[-62.3193455,-38.8454986],[-62.3046657,-38.8615028]]],[[[-62.1184461,-39.9612693],[-62.0973362,-39.9504403],[-62.1364734,-39.9629532],[-62.1184461,-39.9612693]]],[[[-62.2413683,-38.9554417],[-62.2432244,-38.9418078],[-62.2577727,-38.9464014],[-62.2413683,-38.9554417]]],[[[-61.9579554,-39.1463871],[-61.9526407,-39.1269728],[-61.96751,-39.1369759],[-61.9579554,-39.1463871]]],[[[-62.2178185,-39.007121],[-62.2104532,-39.0188419],[-62.2009401,-39.00488],[-62.2178185,-39.007121]]],[[[-62.2953773,-40.1160209],[-62.313745,-40.1068145],[-62.3051727,-40.1239299],[-62.2953773,-40.1160209]]],[[[-62.1268,-39.8832249],[-62.1166349,-39.875808],[-62.1157229,-39.8954975],[-62.1144991,-39.8649873],[-62.1268,-39.8832249]]],[[[-62.1347199,-39.0099299],[-62.1442401,-39.0287565],[-62.1305072,-39.0348154],[-62.1172035,-39.022247],[-62.1228254,-39.0047074],[-62.1347199,-39.0099299]]],[[[-62.27238,-39.0087509],[-62.2432512,-39.0120564],[-62.2598594,-38.9894985],[-62.27238,-39.0087509]]]]}},{"type":"Feature","properties":{"name":"Salta"},"geometry":{"type":"Polygon","coordinates":[[[-65.3447129,-22.6063833],[-65.2716616,-22.6482304],[-65.3060603,-22.7304321],[-65.3019968,-22.7650152],[-65.2742279,-22.7900992],[-65.2516892,-22.9279589],[-65.2182019,-22.9589663],[-65.1990187,-22.9580772],[-65.1889014,-22.9981701],[-65.1337579,-23.001886],[-65.0679761,-23.0449444],[-65.0716835,-23.1377012],[-65.0450009,-23.1557643],[-65.0732982,-23.218128],[-65.0401139,-23.225365],[-65.0101145,-23.2851141],[-64.9646374,-23.2861122],[-64.9472783,-23.2691479],[-64.9101772,-23.3108123],[-64.8924204,-23.3594462],[-64.9068435,-23.423052],[-64.8674096,-23.4477614],[-64.8716927,-23.478079],[-64.7882652,-23.4962415],[-64.6827196,-23.4523056],[-64.6543458,-23.4848767],[-64.5333745,-23.5203292],[-64.5347572,-23.5377569],[-64.4950539,-23.5682496],[-64.4781612,-23.6088955],[-64.4580767,-23.6112547],[-64.4649433,-23.6228937],[-64.4476844,-23.6411228],[-64.4017833,-23.6263124],[-64.4025314,-23.5943123],[-64.3823397,-23.5764366],[-64.3913412,-23.5608401],[-64.3649912,-23.5279103],[-64.3467093,-23.5315696],[-64.3525264,-23.5174972],[-64.156251,-23.5188443],[-64.1506698,-24.1363884],[-64.1750264,-24.2125455],[-64.16183,-24.2210386],[-64.2851515,-24.4075365],[-64.3181405,-24.4272118],[-64.421652,-24.4022056],[-64.4362952,-24.442659],[-64.4818759,-24.4651235],[-64.4999999,-24.506369],[-64.5367564,-24.5079522],[-64.5601273,-24.5772266],[-64.6475297,-24.6133606],[-64.6741587,-24.6037379],[-64.6809812,-24.574961],[-64.7258921,-24.5296023],[-64.8428613,-24.466996],[-64.8854194,-24.5208873],[-64.8874772,-24.5819585],[-64.927092,-24.5995873],[-65.0792313,-24.5621807],[-65.1009979,-24.5282194],[-65.1933132,-24.458941],[-65.2298174,-24.4692548],[-65.2292718,-24.4862168],[-65.3173118,-24.5023376],[-65.3535391,-24.4909162],[-65.3588434,-24.4613218],[-65.4252856,-24.450446],[-65.4346626,-24.4621784],[-65.4642852,-24.4305772],[-65.4997334,-24.4343205],[-65.5063312,-24.4554222],[-65.5404202,-24.4515164],[-65.6001519,-24.4170397],[-65.6213617,-24.3817656],[-65.6563315,-24.37742],[-65.682687,-24.3077242],[-65.670838,-24.2529328],[-65.7250173,-24.1859999],[-65.7208612,-24.109339],[-65.7517277,-24.0738096],[-65.7470394,-24.0606099],[-65.7866693,-24.0552816],[-65.8673072,-24.0033663],[-65.9461856,-24.0074826],[-65.942032,-23.9673444],[-65.9926844,-23.9797437],[-66.0220814,-23.8617422],[-65.9872882,-23.5097627],[-66.0070249,-23.5125041],[-66.1139381,-23.4341588],[-66.1844906,-23.4150829],[-66.2458594,-23.5038625],[-66.2609913,-23.5567525],[-66.316807,-23.5736908],[-66.3333595,-23.6601969],[-66.3705306,-23.6943648],[-66.3789484,-23.7489713],[-66.3562934,-23.8268465],[-66.378751,-23.8309018],[-66.3575594,-23.8807478],[-66.3675705,-23.9712357],[-66.3394833,-23.9842137],[-66.3680649,-24.042593],[-66.3777306,-24.1166442],[-66.3939643,-24.1276302],[-66.4179337,-24.1183922],[-66.4206276,-24.1617903],[-66.4776235,-24.1829404],[-66.468873,-24.1984308],[-66.4831545,-24.2132191],[-66.5000534,-24.198679],[-66.5436777,-24.2076475],[-66.55721,-24.1876421],[-66.6475663,-24.1731671],[-66.7395804,-24.0927801],[-66.7972827,-24.0963835],[-66.837349,-24.0707529],[-66.8806406,-23.9743906],[-66.9411213,-23.9840362],[-66.9968167,-23.8863033],[-67.212916,-23.6945116],[-67.3223085,-24.0344],[-68.25829,-24.4015982],[-68.3086029,-24.4918156],[-68.3872399,-24.4841876],[-68.4348089,-24.6064156],[-68.4512776,-24.6029966],[-68.4684545,-24.6232362],[-68.4948152,-24.6000408],[-68.491838,-24.663959],[-68.5442805,-24.7245458],[-68.5678906,-24.7973933],[-68.5416264,-24.8137547],[-68.5195559,-24.8738078],[-68.4317297,-24.9058077],[-68.4392238,-24.9194548],[-68.4271431,-24.9615687],[-68.4082443,-24.9718494],[-68.4069085,-25.0288297],[-68.3768302,-25.0342054],[-68.3666217,-25.0824117],[-68.3432973,-25.1106269],[-68.4092744,-25.1453042],[-68.4373891,-25.1224785],[-68.4594047,-25.125956],[-68.4728158,-25.1515196],[-68.5072231,-25.1685671],[-67.864494,-25.237685],[-66.8794989,-25.2412435],[-66.5593434,-25.2986428],[-66.5998507,-25.3622148],[-66.5370226,-25.3725877],[-66.5192771,-25.4365701],[-66.535821,-25.464335],[-66.5366042,-25.537698],[-66.5716553,-25.5855883],[-66.5638447,-25.620942],[-66.6067171,-25.6293967],[-66.6487313,-25.7119195],[-66.8018103,-25.6988883],[-66.8471825,-25.7170161],[-66.8735594,-25.76618],[-66.8475817,-25.7962728],[-66.8466333,-25.9700711],[-66.7811412,-26.0468694],[-66.7023298,-26.0821434],[-66.6608682,-26.0766555],[-66.6611552,-26.1061738],[-66.5841839,-26.1598365],[-66.5682435,-26.2497855],[-66.5076739,-26.2730358],[-66.5594646,-26.2885766],[-66.5398818,-26.3531564],[-66.4610249,-26.3640916],[-66.3821412,-26.4167008],[-66.2924266,-26.2294323],[-66.2306071,-26.1492167],[-66.1963831,-26.1308602],[-66.1585093,-26.142263],[-66.0714,-26.2387],[-65.7194,-26.3528],[-65.723,-26.3127],[-65.7072,-26.2974],[-65.7242,-26.2789],[-65.7028,-26.24],[-65.7104,-26.2091],[-65.6885,-26.1173],[-65.6401,-26.111],[-65.6136,-26.1235],[-65.5481,-26.0875],[-65.4654,-26.0913],[-65.4244,-26.109],[-65.3626789,-26.0582795],[-65.2979,-26.0817],[-65.2755597,-26.1718175],[-65.0402,-26.2297],[-65.040056,-26.2875418],[-64.9737,-26.2769],[-64.9512,-26.3068],[-64.8734,-26.2749],[-64.8459,-26.2389],[-64.7904,-26.2237],[-64.6621,-26.2442],[-64.6223,-26.2241],[-64.4952789,-26.2192648],[-64.4121423,-26.1134504],[-64.4036579,-26.0311691],[-64.2683029,-25.7007136],[-64.1974068,-25.7098703],[-64.1960335,-25.7273773],[-64.0254214,-25.7533934],[-64.0077853,-25.6733052],[-63.6604221,-25.6853336],[-63.567496,-25.7094494],[-63.4760921,-25.7098297],[-62.3425498,-24.3920286],[-62.3395432,-22.460776],[-62.3652196,-22.4533637],[-62.3720593,-22.4692371],[-62.3916856,-22.4472609],[-62.4072434,-22.452195],[-62.4212705,-22.4211461],[-62.453522,-22.4183327],[-62.4677592,-22.3739989],[-62.5371922,-22.3749027],[-62.530755,-22.3577716],[-62.5521594,-22.3300693],[-62.5922579,-22.3237034],[-62.6059433,-22.3009167],[-62.6369363,-22.3041021],[-62.6325324,-22.2415698],[-62.6602281,-22.2506834],[-62.6849163,-22.2123399],[-62.720628,-22.2020548],[-62.7651283,-22.152308],[-62.7888522,-22.1649504],[-62.8139378,-22.1050083],[-62.796956,-22.06676],[-62.8142404,-22.0421622],[-62.8111757,-21.9987679],[-63.6652667,-21.9993424],[-63.6837756,-22.0547684],[-63.6885789,-22.0115321],[-63.7056099,-22.0139914],[-63.7090749,-21.9993357],[-63.9314567,-21.9993769],[-63.9621885,-22.0645898],[-63.9580692,-22.0857741],[-63.9796119,-22.080998],[-63.9860368,-22.1090258],[-64.0000376,-22.1076755],[-63.9926541,-22.1331393],[-64.0331023,-22.1968288],[-64.0335197,-22.2427827],[-64.0624081,-22.238381],[-64.0950869,-22.308772],[-64.1168895,-22.3632349],[-64.1155158,-22.4056072],[-64.1381852,-22.407041],[-64.1630699,-22.4689302],[-64.1996279,-22.4912448],[-64.216292,-22.543346],[-64.2416913,-22.5577263],[-64.2391915,-22.6229732],[-64.2645885,-22.6501599],[-64.2422924,-22.6660533],[-64.2605694,-22.6745681],[-64.2717712,-22.7097543],[-64.2639677,-22.7412384],[-64.283609,-22.7512849],[-64.2653427,-22.7666591],[-64.2874269,-22.7988243],[-64.2867247,-22.8348851],[-64.3066786,-22.839746],[-64.3062571,-22.8739177],[-64.3408564,-22.861582],[-64.3232553,-22.8519595],[-64.342541,-22.8058083],[-64.3443337,-22.7393977],[-64.40321,-22.7187002],[-64.3907303,-22.7121004],[-64.3947278,-22.6856845],[-64.4159185,-22.6785673],[-64.4136678,-22.6566415],[-64.4413517,-22.6387859],[-64.4239875,-22.6343557],[-64.4301999,-22.5817291],[-64.4095803,-22.5629502],[-64.4120797,-22.538378],[-64.4832771,-22.4802],[-64.4745299,-22.4683807],[-64.4921003,-22.4359502],[-64.5247149,-22.4414602],[-64.5128462,-22.4125439],[-64.5662122,-22.371036],[-64.5641901,-22.3234699],[-64.5468549,-22.3160991],[-64.5389847,-22.2819871],[-64.6390444,-22.1937145],[-64.7368499,-22.1939021],[-64.8616812,-22.1220043],[-64.9237181,-22.1211294],[-64.9933722,-22.0824333],[-65.1865667,-22.0853497],[-65.1940587,-22.1447334],[-65.2204802,-22.1695851],[-65.240295,-22.2792476],[-65.2266131,-22.3201505],[-65.2627333,-22.3382582],[-65.3056889,-22.4666154],[-65.3471239,-22.5201014],[-65.3447129,-22.6063833]]]}},{"type":"Feature","properties":{"name":"Formosa"},"geometry":{"type":"Polygon","coordinates":[[[-57.5800653,-25.4192441],[-57.5542601,-25.4452406],[-57.5807354,-25.5167502],[-57.5690624,-25.546026],[-57.5783321,-25.5675523],[-57.6049129,-25.5688958],[-57.6200105,-25.6173231],[-57.6740581,-25.5964095],[-57.6739362,-25.6587567],[-57.7337055,-25.6465833],[-57.7655751,-25.6916753],[-57.7603078,-25.708961],[-57.7281101,-25.7098172],[-57.7330796,-25.7251071],[-57.7803809,-25.7611615],[-57.8271242,-25.7567437],[-57.7966046,-25.8249063],[-57.8163242,-25.847483],[-57.8584671,-25.8579974],[-57.8629839,-25.882257],[-57.8367734,-25.9156216],[-57.8790021,-25.9322858],[-57.8953019,-25.9607215],[-57.8493854,-26.0022007],[-58.0243084,-26.1073761],[-58.0847332,-26.1118463],[-58.1193066,-26.1522792],[-58.1196942,-26.1863617],[-58.1597514,-26.1826897],[-58.1038659,-26.228508],[-58.1640246,-26.2652954],[-58.1566593,-26.3449824],[-58.2107326,-26.3775903],[-58.2224056,-26.4029627],[-58.1813785,-26.4530759],[-58.2335483,-26.4734643],[-58.2081881,-26.4954027],[-58.2249428,-26.5361425],[-58.1998343,-26.5604471],[-58.1932231,-26.5946893],[-58.2097026,-26.6207811],[-58.1899616,-26.6451793],[-58.2602383,-26.6450531],[-58.2465331,-26.7508478],[-58.2600976,-26.7628233],[-58.2907268,-26.7559028],[-58.2845505,-26.7964748],[-58.3348434,-26.809516],[-58.3252415,-26.8696803],[-58.3881927,-26.8552406],[-58.3983636,-26.8687934],[-58.3894372,-26.8453813],[-58.4031152,-26.8264406],[-58.4042437,-26.8397941],[-58.4293203,-26.8354688],[-58.4241608,-26.8228007],[-58.4467641,-26.8322816],[-58.4537955,-26.8160994],[-58.4762825,-26.82685],[-58.4734566,-26.8097874],[-58.5328278,-26.7585282],[-58.5319028,-26.7404594],[-58.5437015,-26.7374486],[-58.5448742,-26.7519217],[-58.5676137,-26.7305252],[-58.5724202,-26.6875885],[-58.6813433,-26.64256],[-58.6895771,-26.5940052],[-58.7420349,-26.6042356],[-58.7699685,-26.5392181],[-58.7958448,-26.5347823],[-58.7909392,-26.5205522],[-58.8446699,-26.5197363],[-58.8641567,-26.476894],[-58.9101729,-26.4625245],[-58.9839764,-26.3801344],[-59.022602,-26.3822279],[-59.0417285,-26.3659522],[-59.0654961,-26.3746086],[-59.1094261,-26.3418472],[-59.1281164,-26.3457323],[-59.1125989,-26.3258609],[-59.1556184,-26.3131322],[-59.1368053,-26.3125272],[-59.1377309,-26.3002634],[-59.1658992,-26.2983694],[-59.1914716,-26.3311451],[-59.2536229,-26.3493715],[-59.3092484,-26.3405855],[-59.3126345,-26.3211719],[-59.3577975,-26.3375225],[-59.4035865,-26.297168],[-59.3861605,-26.2980968],[-59.3947384,-26.274065],[-59.3795131,-26.2636428],[-59.3968841,-26.2589706],[-59.4079537,-26.2082091],[-59.4282406,-26.1986391],[-59.4125886,-26.1684668],[-59.4526537,-26.1482524],[-59.4759316,-26.1626121],[-59.5320649,-26.1419643],[-59.5757353,-26.1522022],[-59.5823617,-26.1234707],[-59.594893,-26.1311768],[-59.6053643,-26.1153018],[-59.6434203,-26.1215719],[-59.6240754,-26.1347214],[-59.6590943,-26.1435053],[-59.6482797,-26.1197717],[-59.6792138,-26.1162112],[-59.6616893,-26.0567579],[-59.6759171,-26.0560984],[-59.6665514,-26.0259851],[-59.6838136,-26.0088993],[-59.6689304,-26.0040101],[-59.7245421,-25.999502],[-59.7265573,-25.9700151],[-59.7492166,-25.9653852],[-59.7418351,-25.9488704],[-59.7526498,-25.9564335],[-59.7514482,-25.9213919],[-59.766726,-25.9271043],[-59.7929902,-25.8973044],[-59.8259492,-25.8912818],[-59.8135896,-25.8838689],[-59.8560986,-25.8459271],[-59.8765969,-25.8463362],[-59.8753306,-25.8018706],[-59.9199228,-25.794125],[-59.9389024,-25.7636531],[-59.9618902,-25.7735561],[-59.9861093,-25.7293276],[-60.0102505,-25.7375847],[-60.0176545,-25.6961067],[-60.0438175,-25.6976149],[-60.0360706,-25.6846211],[-60.0921899,-25.6729758],[-60.1332231,-25.6420775],[-60.1866097,-25.6521362],[-60.1779478,-25.6388671],[-60.1930396,-25.6031421],[-60.2176805,-25.6013699],[-60.2121873,-25.5719528],[-60.2401681,-25.5550734],[-60.2223153,-25.5357133],[-60.2357049,-25.5028715],[-60.2252598,-25.4833675],[-60.266298,-25.459633],[-60.2668201,-25.4740512],[-60.2817697,-25.4713185],[-60.2773596,-25.439973],[-60.3119225,-25.4190223],[-60.3138108,-25.4016562],[-60.3359874,-25.4046509],[-60.318229,-25.3863267],[-60.3461583,-25.3732667],[-60.3387123,-25.3566517],[-60.361361,-25.3548173],[-60.3423495,-25.3418684],[-60.3795585,-25.3226902],[-60.3939574,-25.3350429],[-60.4007298,-25.3130528],[-60.4281373,-25.3064083],[-60.4441018,-25.2609298],[-60.4815093,-25.2371737],[-60.5289335,-25.1721678],[-60.5463897,-25.1680229],[-60.5458984,-25.1910543],[-60.5714645,-25.1940901],[-60.5717669,-25.1759025],[-60.5900073,-25.1790825],[-60.6018586,-25.1613763],[-60.6157859,-25.1613776],[-60.6163254,-25.1789332],[-60.6607385,-25.1633962],[-60.6409542,-25.1488162],[-60.6703515,-25.146615],[-60.6535936,-25.1111705],[-60.7191033,-25.1261015],[-60.7353538,-25.0945829],[-60.7635636,-25.0919048],[-60.7493157,-25.0702937],[-60.8099667,-25.0742704],[-60.8386965,-25.0417641],[-60.8215852,-25.0349927],[-60.8756585,-25.0374812],[-60.8711953,-25.0208383],[-60.8943057,-25.0266117],[-60.8914514,-25.0119715],[-60.9381567,-25.000402],[-60.9176832,-24.9834957],[-60.9397523,-24.9842864],[-60.9371133,-24.9598469],[-60.9510799,-24.9721831],[-60.9657627,-24.9457021],[-60.9934182,-24.9358777],[-60.9925549,-24.9163772],[-61.0207209,-24.9206225],[-61.024729,-24.8901846],[-61.042537,-24.9000889],[-61.0752466,-24.8724393],[-61.0702454,-24.8594837],[-61.0916327,-24.8506423],[-61.0977883,-24.826245],[-61.1376138,-24.8125341],[-61.1353822,-24.7863545],[-61.1558099,-24.7838609],[-61.1607232,-24.7632941],[-61.1459818,-24.7554026],[-61.168533,-24.7330155],[-61.1583802,-24.7069773],[-61.1792427,-24.7221736],[-61.2052572,-24.6984562],[-61.2016688,-24.6574014],[-61.2303507,-24.6389046],[-61.2455976,-24.6502559],[-61.2589582,-24.6199661],[-61.2689774,-24.6375989],[-61.2905176,-24.6260675],[-61.3392778,-24.6400827],[-61.3641952,-24.6217315],[-61.3716925,-24.6445001],[-61.3813888,-24.6136797],[-61.4571694,-24.6117413],[-61.5250694,-24.5353113],[-61.5194046,-24.5173514],[-61.5956532,-24.4830856],[-61.5830909,-24.440173],[-61.6042472,-24.4557991],[-61.6083252,-24.4236063],[-61.6557177,-24.4331644],[-61.6963532,-24.4147348],[-61.7123921,-24.3782751],[-61.6930809,-24.3662003],[-61.7342235,-24.3599477],[-61.7143727,-24.3403542],[-61.7465007,-24.3430766],[-61.769177,-24.3064756],[-61.7949836,-24.3366139],[-61.8395582,-24.3012927],[-61.8696863,-24.3131642],[-61.8840308,-24.2700427],[-61.9097054,-24.3068061],[-61.9208713,-24.2861071],[-61.904621,-24.2663222],[-61.9543523,-24.2636778],[-61.9557581,-24.233609],[-61.9874869,-24.226148],[-61.9843052,-24.2513021],[-62.0077007,-24.2293612],[-62.0415673,-24.2403496],[-62.0557795,-24.2116807],[-62.0822822,-24.2308981],[-62.0791196,-24.2004593],[-62.1403747,-24.2204294],[-62.1403038,-24.1917576],[-62.1821891,-24.192384],[-62.1622667,-24.1760602],[-62.1694862,-24.1682676],[-62.29954,-24.1186804],[-62.3257141,-24.1253977],[-62.3101335,-24.0976341],[-62.327877,-24.0798464],[-62.341875,-24.1079184],[-62.3419758,-22.4774922],[-62.3060467,-22.487811],[-62.2897836,-22.4731927],[-62.2842347,-22.5099631],[-62.2963199,-22.5191227],[-62.2545909,-22.5210931],[-62.2255994,-22.5465314],[-62.2506169,-22.5821034],[-62.2394482,-22.5916864],[-62.2609338,-22.6040797],[-62.2349164,-22.61461],[-62.2371222,-22.6470811],[-62.2266637,-22.638405],[-62.2052297,-22.6511739],[-62.2171774,-22.660853],[-62.1974127,-22.6613847],[-62.2067114,-22.7041761],[-62.1903091,-22.7197677],[-62.1732031,-22.7105093],[-62.147299,-22.7484214],[-62.1650177,-22.7447531],[-62.1580267,-22.7601155],[-62.1384144,-22.7616193],[-62.1081162,-22.8196608],[-62.0963574,-22.8051824],[-62.041297,-22.8684646],[-62.0248604,-22.9278045],[-61.9995833,-22.9296029],[-62.0103121,-22.9764114],[-61.9960642,-22.9669285],[-61.9970727,-23.010248],[-61.9556131,-23.0251243],[-61.9272992,-23.0709213],[-61.9139851,-23.0633065],[-61.855278,-23.09],[-61.8041368,-23.1566841],[-61.7655598,-23.1581049],[-61.7330712,-23.2086739],[-61.7319397,-23.2417041],[-61.6827307,-23.2595238],[-61.6702467,-23.285982],[-61.5989481,-23.2836346],[-61.560278,-23.340833],[-61.5093871,-23.3498812],[-61.520278,-23.380556],[-61.4868901,-23.4237565],[-61.4451234,-23.4201264],[-61.387071,-23.4604529],[-61.385638,-23.4466333],[-61.3517016,-23.4479477],[-61.3463017,-23.4687869],[-61.316997,-23.4697454],[-61.2947268,-23.4986563],[-61.2828803,-23.4874554],[-61.2640414,-23.5272817],[-61.224722,-23.555278],[-61.1825,-23.554722],[-61.0882351,-23.6139282],[-61.099693,-23.6555998],[-61.0123624,-23.7614679],[-60.9898984,-23.8180803],[-60.921389,-23.823056],[-60.849167,-23.873889],[-60.732222,-23.872222],[-60.692979,-23.9028713],[-60.6139865,-23.9016286],[-60.5888724,-23.9161884],[-60.5893962,-23.9585123],[-60.5136669,-23.9677931],[-60.4778047,-23.9509383],[-60.3885484,-23.9941236],[-60.3735321,-24.0240014],[-60.3354191,-24.0215946],[-60.3088336,-24.0379792],[-60.1839528,-24.0443082],[-60.0391409,-24.0115716],[-59.4743574,-24.3313719],[-59.4216263,-24.4087746],[-59.3731405,-24.4228067],[-59.3504293,-24.4830668],[-59.2574399,-24.5197319],[-59.2410305,-24.5463802],[-59.1860198,-24.5633825],[-59.1300783,-24.6170097],[-59.0827359,-24.6203243],[-59.0237457,-24.6602032],[-58.9704526,-24.6631811],[-58.8073494,-24.7725527],[-58.7260662,-24.7746189],[-58.709187,-24.8091572],[-58.6724285,-24.8319249],[-58.5730771,-24.8211449],[-58.5259173,-24.8509076],[-58.475772,-24.8599564],[-58.4302016,-24.8930981],[-58.4286084,-24.9235071],[-58.408642,-24.9228455],[-58.38999,-24.9542879],[-58.3494083,-24.9704991],[-58.3337142,-25.0000058],[-58.2553019,-24.9317921],[-58.2250281,-24.9269373],[-58.1938729,-24.9678846],[-58.150026,-24.9750043],[-58.1377371,-25.0115472],[-58.0856165,-25.0125364],[-58.068912,-25.0457573],[-58.0056348,-25.0351311],[-57.9908111,-25.0817257],[-57.8611257,-25.081495],[-57.8367384,-25.1315137],[-57.7535868,-25.1762713],[-57.7590048,-25.2202895],[-57.7356274,-25.2345969],[-57.7410957,-25.2531451],[-57.7227139,-25.2528943],[-57.7225111,-25.2774285],[-57.6944601,-25.2859321],[-57.7029502,-25.3221779],[-57.5800653,-25.4192441]]]}},{"type":"Feature","properties":{"name":"CABA"},"geometry":{"type":"Polygon","coordinates":[[[-58.4855974,-34.6872488],[-58.4616273,-34.7058155],[-58.4236974,-34.6623015],[-58.3567963,-34.6450665],[-58.3351423,-34.6271134],[-58.3514567,-34.618909],[-58.3408249,-34.6107094],[-58.3679075,-34.5975056],[-58.3616302,-34.5811361],[-58.4591586,-34.527008],[-58.5007775,-34.5497717],[-58.5314535,-34.6156096],[-58.5291075,-34.6544859],[-58.4855974,-34.6872488]]]}},{"type":"Feature","properties":{"name":"Córdoba"},"geometry":{"type":"Polygon","coordinates":[[[-63.9278789,-35.0076336],[-65.1177032,-35.0153678],[-65.1174343,-33.950752],[-65.1429875,-33.1959693],[-65.0707098,-33.1381556],[-65.0442446,-33.0631149],[-64.9996984,-33.0026712],[-65.0223094,-32.9730419],[-64.9914962,-32.944491],[-64.9651623,-32.8651516],[-64.9706447,-32.8049692],[-64.9446273,-32.7673029],[-64.9481785,-32.7228333],[-64.9161865,-32.6791802],[-64.9241352,-32.6147071],[-64.8827541,-32.5707944],[-64.8954999,-32.485185],[-64.9197847,-32.4667254],[-64.9292716,-32.4185109],[-64.9244034,-32.3287995],[-64.9435463,-32.2979842],[-64.977267,-32.3215085],[-65.2115025,-32.3254002],[-65.2084921,-32.248909],[-65.2323082,-32.2095023],[-65.224838,-32.1682654],[-65.2458732,-32.0888966],[-65.3128077,-32.0418591],[-65.6276184,-31.898895],[-65.7700878,-31.8886425],[-65.7713258,-31.0439796],[-65.5206985,-30.4841023],[-65.4230855,-30.1195591],[-65.1582695,-30.0472663],[-64.9379301,-29.8475104],[-64.9640506,-29.5960946],[-64.3423785,-29.5004288],[-63.9814105,-29.5508479],[-63.9623148,-29.6235807],[-63.8737052,-29.6303887],[-63.8421199,-29.5807712],[-63.8119551,-29.5790634],[-63.7836753,-29.584163],[-63.7959375,-29.6148689],[-63.753866,-29.6218522],[-63.74855,-29.6533589],[-63.7206495,-29.6662983],[-63.6277139,-29.6550406],[-63.4653309,-29.6644454],[-63.4803462,-29.7255436],[-63.4596643,-29.7257684],[-63.4596575,-29.7568953],[-62.8078884,-29.8157836],[-62.8064883,-29.8342316],[-62.8291453,-29.8417289],[-62.8379166,-29.8706604],[-62.8201379,-29.9040463],[-62.7995092,-29.9088648],[-62.7900064,-29.9641412],[-62.6622868,-29.9976394],[-62.6552653,-30.0079475],[-62.6758866,-30.0351899],[-62.657159,-30.0551629],[-62.6320119,-30.0436333],[-62.6091946,-30.0610905],[-62.5589696,-30.0655929],[-62.5663578,-30.1212325],[-62.6013782,-30.1918791],[-62.5929753,-30.2602343],[-62.5200131,-30.341916],[-62.1737934,-30.3453281],[-62.1306389,-30.480514],[-61.8429738,-30.7462614],[-62.1271395,-31.6165162],[-62.2414211,-31.70013],[-62.2177104,-31.7413792],[-62.223252,-31.8834833],[-62.1886275,-31.9223226],[-62.1675083,-31.9864531],[-62.1967002,-32.114831],[-62.1441671,-32.1945788],[-62.03796,-32.2628772],[-62.0116802,-32.3471648],[-61.9282513,-32.4648305],[-61.9120394,-32.5266347],[-61.9305529,-32.5445268],[-61.9049483,-32.5525834],[-61.9025198,-32.5689762],[-61.9264043,-32.5839246],[-61.8916833,-32.5906641],[-61.8894728,-32.6107102],[-61.9462861,-32.6511601],[-61.9466178,-32.6784541],[-61.9076162,-32.6956944],[-61.8576698,-32.6944773],[-61.8280002,-32.7548203],[-61.7957704,-32.7740747],[-61.7777072,-32.8304536],[-61.7921879,-32.8774691],[-61.771597,-32.9014158],[-61.790986,-32.9584052],[-61.7875224,-33.0059958],[-61.9203523,-33.1202006],[-62.8840813,-34.3863745],[-63.3912994,-34.386455],[-63.3855626,-35.0023259],[-63.9278789,-35.0076336]]]}}]}