{"type":"FeatureCollection","attribution":"(c) OpenStreetMap contributors, ODbL","features":[{"type":"Feature","properties":{"ref":"RN 1"},"geometry":{"type":"MultiLineString","coordinates":[[[-57.9574,-34.8814],[-57.9588,-34.8813],[-57.961,-34.881],[-57.9621,-34.8808],[-57.9756,-34.8735],[-57.977,-34.8731],[-58.0207,-34.8606],[-58.0216,-34.8602],[-58.0559,-34.8451],[-58.0567,-34.8448],[-58.0673,-34.8401],[-58.1044,-34.8197],[-58.105,-34.8193],[-58.1094,-34.8161],[-58.1104,-34.8154],[-58.1248,-34.8026],[-58.1253,-34.8021],[-58.1538,-34.7813],[-58.1576,-34.7784],[-58.1609,-34.776],[-58.1624,-34.7745],[-58.1632,-34.7739],[-58.1633,-34.7738],[-58.1642,-34.7732],[-58.166,-34.7721],[-58.1664,-34.7718],[-58.2027,-34.7444],[-58.2068,-34.7412],[-58.2074,-34.7407],[-58.21,-34.7384],[-58.2174,-34.7317],[-58.2178,-34.7314],[-58.2296,-34.7209],[-58.2316,-34.7191],[-58.2326,-34.7184],[-58.2346,-34.7172],[-58.235,-34.717],[-58.2406,-34.7155],[-58.2414,-34.7153],[-58.2434,-34.7147],[-58.2441,-34.7145],[-58.2466,-34.7135],[-58.2482,-34.7129],[-58.2641,-34.7061],[-58.2673,-34.7054],[-58.2687,-34.705],[-58.2737,-34.702],[-58.2799,-34.6951],[-58.3153,-34.6815],[-58.3166,-34.6811],[-58.3206,-34.6799],[-58.3326,-34.6744],[-58.3336,-34.6737],[-58.3386,-34.6701],[-58.3433,-34.6657],[-58.3527,-34.6533],[-58.353,-34.652],[-58.353,-34.6514],[-58.3529,-34.651],[-58.3525,-34.6496],[-58.352,-34.6488],[-58.3504,-34.6455],[-58.3503,-34.6446],[-58.3523,-34.6395],[-58.3599,-34.6262],[-58.3604,-34.6259],[-58.3646,-34.6233],[-58.3658,-34.6224]],[[-58.3658,-34.6228],[-58.3642,-34.6242],[-58.3582,-34.6274],[-58.3536,-34.6367],[-58.3525,-34.6395],[-58.3517,-34.6408],[-58.3504,-34.6446],[-58.3506,-34.6454],[-58.3522,-34.6487],[-58.353,-34.6499],[-58.3533,-34.6502],[-58.3535,-34.6506],[-58.3536,-34.6509],[-58.3536,-34.6511],[-58.3536,-34.6514],[-58.3536,-34.6517],[-58.3529,-34.6534],[-58.3485,-34.6601],[-58.3435,-34.6657],[-58.3425,-34.667],[-58.3379,-34.6707],[-58.3338,-34.6738],[-58.3328,-34.6745],[-58.3252,-34.6786],[-58.3223,-34.6795],[-58.3167,-34.6812],[-58.3154,-34.6816],[-58.2755,-34.7002],[-58.2738,-34.7021],[-58.2687,-34.7051],[-58.2642,-34.7062],[-58.2466,-34.7136],[-58.245,-34.7143],[-58.2442,-34.7146],[-58.2436,-34.7148],[-58.2417,-34.7154],[-58.2351,-34.7172],[-58.2347,-34.7174],[-58.2272,-34.7232],[-58.2178,-34.7315],[-58.2175,-34.7318],[-58.2075,-34.7408],[-58.2069,-34.7413],[-58.193,-34.7518],[-58.1716,-34.7681],[-58.1691,-34.77],[-58.1673,-34.7713],[-58.1665,-34.7719],[-58.1661,-34.7722],[-58.1654,-34.7729],[-58.1646,-34.7736],[-58.1638,-34.7743],[-58.1637,-34.7744],[-58.161,-34.7761],[-58.1563,-34.7796],[-58.1254,-34.8022],[-58.1248,-34.8027],[-58.1105,-34.8154],[-58.1095,-34.8161],[-58.1052,-34.8193],[-58.1045,-34.8198],[-58.0567,-34.8449],[-58.056,-34.8452],[-58.0217,-34.8603],[-58.0208,-34.8607],[-57.9771,-34.8732],[-57.9757,-34.8736],[-57.9622,-34.8809],[-57.9617,-34.881],[-57.9608,-34.8812],[-57.9588,-34.8814],[-57.9574,-34.8815]],[[-57.9446,-34.8815],[-57.9565,-34.8815]],[[-57.9565,-34.8816],[-57.9447,-34.8817]]]}},{"type":"Feature","properties":{"ref":"RN 3"},"geometry":{"type":"MultiLineString","coordinates":[[[-68.3021,-54.7996],[-68.3017,-54.7994],[-68.3019,-54.7997],[-68.3023,-54.7996],[-68.3024,-54.7998],[-68.3027,-54.7995],[-68.3045,-54.7989],[-68.3108,-54.799],[-68.315,-54.8007],[-68.3186,-54.8022],[-68.3201,-54.8025],[-68.3226,-54.803],[-68.324,-54.8035],[-68.3245,-54.8037],[-68.3327,-54.8067],[-68.3342,-54.8072],[-68.3347,-54.8072],[-68.335,-54.8072],[-68.3353,-54.8072],[-68.3357,-54.8073],[-68.3367,-54.8079],[-68.3377,-54.8086],[-68.3383,-54.8089],[-68.3398,-54.8099],[-68.3404,-54.8103],[-68.3408,-54.8106],[-68.341,-54.8106],[-68.3411,-54.8106],[-68.3416,-54.8106],[-68.3429,-54.8109],[-68.3442,-54.8112],[-68.3454,-54.8114],[-68.347,-54.8121],[-68.3485,-54.8132],[-68.3501,-54.8144],[-68.3515,-54.8162],[-68.3493,-54.8175],[-68.3492,-54.8183],[-68.3527,-54.8223],[-68.3538,-54.8231],[-68.3545,-54.8236],[-68.3638,-54.8269],[-68.3659,-54.8268],[-68.3662,-54.8268],[-68.3692,-54.8266],[-68.375,-54.8254],[-68.3787,-54.8254],[-68.399,-54.8319],[-68.3993,-54.8322],[-68.4441,-54.835],[-68.4458,-54.8349],[-68.4475,-54.8349],[-68.4752,-54.836],[-68.507,-54.8401],[-68.552,-54.8419],[-68.5521,-54.8418],[-68.562,-54.8438],[-68.5624,-54.8441],[-68.5801,-54.8462],[-68.5801,-54.8464],[-68.592,-54.8556],[-68.5767,-54.8552]],[[-69.2998,-51.618],[-69.3633,-51.6186],[-69.5792,-51.6337],[-69.5833,-51.6329],[-69.5847,-51.6327],[-69.6133,-51.6287],[-69.6158,-51.6288],[-69.6177,-51.6289],[-69.6314,-51.6256],[-69.6334,-51.6248],[-69.6368,-51.6229],[-69.6338,-51.6209],[-69.6274,-51.6059],[-69.6421,-51.6],[-69.6099,-51.5558],[-69.6072,-51.5113],[-69.5841,-51.471],[-69.5364,-51.3425],[-69.5161,-51.1642],[-69.5258,-51.1522],[-69.5266,-51.1515],[-69.5303,-51.1471],[-69.5307,-51.1465],[-69.5319,-51.1444],[-69.5322,-51.1439],[-69.5342,-51.1406],[-69.5345,-51.1403],[-69.5307,-51.0837],[-69.5595,-51.042],[-69.5555,-51.0087],[-69.554,-50.9813],[-69.5557,-50.9422],[-69.5047,-50.866],[-69.514,-50.81],[-69.5108,-50.7988],[-69.5091,-50.7872],[-69.339,-50.5925],[-69.294,-50.4547],[-69.179,-50.2917],[-69.1684,-50.2843],[-69.1675,-50.2836],[-69.1644,-50.2815],[-69.1636,-50.2809],[-69.152,-50.2768],[-69.0583,-50.2597],[-68.9781,-50.2307],[-68.9521,-50.2096],[-68.9247,-50.1948],[-68.8972,-50.1449],[-68.9094,-50.058],[-68.9104,-50.0561],[-68.9107,-50.0555],[-68.9109,-50.0551],[-68.911,-50.0549],[-68.9121,-50.0528],[-68.9175,-50.0087],[-68.9229,-50.002],[-68.9238,-50.0009],[-68.9245,-50.0],[-68.9273,-49.9966],[-68.929,-49.9943],[-68.9294,-49.9933],[-68.93,-49.9934],[-68.929,-49.9943]],[[-68.298,-54.7984],[-68.2968,-54.7984],[-68.2929,-54.7975],[-68.2913,-54.7959],[-68.2897,-54.7957],[-68.2859,-54.7949],[-68.2821,-54.792],[-68.28,-54.7911],[-68.2774,-54.7898],[-68.2767,-54.7896],[-68.2747,-54.7895],[-68.2734,-54.7894],[-68.2703,-54.7893],[-68.2697,-54.7892],[-68.2681,-54.7891],[-68.265,-54.7883],[-68.2641,-54.788],[-68.2583,-54.7885]],[[-69.5194,-52.1376],[-69.5196,-52.1403],[-69.5194,-52.1376],[-69.5172,-52.1273],[-69.5351,-52.0638],[-69.5212,-51.9239],[-69.4492,-51.8661],[-69.4057,-51.8658],[-69.392,-51.8216],[-69.3312,-51.7475],[-69.295,-51.7168],[-69.2948,-51.7167],[-69.2884,-51.7117],[-69.2879,-51.7109],[-69.2873,-51.7095],[-69.2873,-51.7094],[-69.2818,-51.7002],[-69.2813,-51.6995],[-69.2782,-51.6949],[-69.2773,-51.694]],[[-68.2265,-54.7894],[-68.2274,-54.7889],[-68.223,-54.7874],[-68.2246,-54.7881],[-68.2249,-54.7882],[-68.2254,-54.7884],[-68.2255,-54.7884],[-68.2265,-54.7894],[-68.2269,-54.7903],[-68.2279,-54.7903],[-68.228,-54.7902],[-68.228,-54.7892],[-68.2299,-54.7902],[-68.228,-54.7902]],[[-69.3014,-51.6156],[-69.2999,-51.6178],[-69.2999,-51.6182],[-69.2999,-51.6203],[-69.2997,-51.6236],[-69.3,-51.6421],[-69.3004,-51.6427]],[[-68.223,-54.7874],[-68.2221,-54.7869],[-68.2213,-54.7825],[-68.1943,-54.7643],[-68.194,-54.7641],[-68.1972,-54.7474],[-68.1676,-54.7243],[-68.0838,-54.717],[-68.0834,-54.7168],[-68.031,-54.7164],[-68.0198,-54.7213],[-68.0192,-54.7217],[-68.0178,-54.7225],[-68.0175,-54.7226],[-67.8339,-54.7404],[-67.833,-54.7403],[-67.831,-54.7407],[-67.8147,-54.7415],[-67.8471,-54.6932],[-67.8053,-54.6856],[-67.7949,-54.6558],[-67.762,-54.6386],[-67.762,-54.6385],[-67.6701,-54.5965],[-67.5418,-54.6186],[-67.5411,-54.6184],[-67.4115,-54.62],[-67.3376,-54.5847],[-67.3326,-54.5841],[-67.3322,-54.584],[-67.2022,-54.5443],[-67.203,-54.543],[-67.2048,-54.5412],[-67.1985,-54.5237],[-67.1933,-54.5186],[-67.1899,-54.5096],[-67.1897,-54.509],[-67.1859,-54.4996],[-67.1856,-54.4991],[-67.1815,-54.493],[-67.2068,-54.4615],[-67.2006,-54.438],[-67.2509,-54.3838],[-67.2508,-54.3522],[-67.212,-54.3121],[-67.2047,-54.2739],[-67.2045,-54.2737],[-67.1937,-54.2436],[-67.2157,-54.2063],[-67.2158,-54.2058],[-67.2742,-54.1261],[-67.2749,-54.1258],[-67.3122,-54.0996],[-67.3217,-54.0529],[-67.3363,-54.0465],[-67.3366,-54.0464],[-67.3515,-54.0127],[-67.4503,-53.9822],[-67.4893,-53.9442],[-67.5498,-53.9402],[-67.6798,-53.8713],[-67.7579,-53.8532],[-67.7915,-53.8358],[-67.7931,-53.8352],[-67.8072,-53.8254],[-67.784,-53.8126],[-67.7805,-53.8108],[-67.7779,-53.8096],[-67.7783,-53.8092],[-67.7788,-53.8083],[-67.7786,-53.8092],[-67.7779,-53.8096]],[[-69.2997,-51.6236],[-69.2997,-51.6216],[-69.2998,-51.6182],[-69.2998,-51.6178],[-69.3011,-51.6154]],[[-68.4577,-53.2967],[-68.459,-53.2964],[-68.5426,-53.2577],[-68.543,-53.2576],[-68.5707,-53.2286],[-68.5597,-53.1664],[-68.5036,-53.1027],[-68.4737,-53.0957],[-68.3656,-53.0109],[-68.3911,-52.9796],[-68.3882,-52.96],[-68.392,-52.953],[-68.4035,-52.9018],[-68.45,-52.89],[-68.4505,-52.8896],[-68.5891,-52.7515],[-68.5895,-52.7467],[-68.5914,-52.7392],[-68.5861,-52.7139],[-68.5863,-52.7133],[-68.6049,-52.6644],[-68.6064,-52.6595]],[[-68.2299,-54.7902],[-68.2393,-54.7911],[-68.2418,-54.7909],[-68.2426,-54.7909],[-68.2467,-54.7903],[-68.2578,-54.7886]],[[-68.2681,-54.7891],[-68.2697,-54.7891],[-68.2703,-54.7891],[-68.2734,-54.7894],[-68.2747,-54.7894],[-68.2767,-54.7896]],[[-68.3017,-54.7994],[-68.2992,-54.7987],[-68.2982,-54.7986]],[[-67.7778,-53.7367],[-67.7778,-53.7385],[-67.7646,-53.7698],[-67.7777,-53.7862],[-67.7783,-53.7955],[-67.7788,-53.8083]],[[-69.4971,-51.6219],[-69.4971,-51.6223]],[[-69.4946,-51.6223],[-69.4946,-51.6219]],[[-68.3024,-54.7998],[-68.3024,-54.7999],[-68.3019,-54.7998],[-68.3019,-54.7997]],[[-68.2274,-54.7889],[-68.228,-54.7892]],[[-69.6133,-51.6287],[-69.5849,-51.6332],[-69.5835,-51.6334],[-69.5796,-51.6337],[-69.3044,-51.6181]],[[-69.6118,-51.6288],[-69.6119,-51.629]],[[-69.6109,-51.6293],[-69.6107,-51.629]],[[-69.6338,-51.6209],[-69.6369,-51.6221],[-69.637,-51.6232],[-69.6363,-51.6238],[-69.6334,-51.6248]],[[-69.2516,-51.6257],[-69.2515,-51.6254]],[[-69.2997,-51.6431],[-69.3001,-51.6438],[-69.3,-51.6452],[-69.2996,-51.65],[-69.2998,-51.6579],[-69.2991,-51.6646],[-69.2987,-51.6697],[-69.289,-51.6862],[-69.2793,-51.6925],[-69.2779,-51.6929]],[[-69.2998,-51.6426],[-69.3,-51.6421]],[[-69.3003,-51.6432],[-69.3001,-51.6438]],[[-67.7768,-53.7361],[-67.7793,-53.7349],[-67.8466,-53.6932],[-67.9363,-53.6737],[-67.9358,-53.673],[-67.9746,-53.6007],[-68.0644,-53.5075],[-68.1006,-53.5006],[-68.1955,-53.4221],[-68.2863,-53.3879],[-68.2864,-53.3879],[-68.3548,-53.3343],[-68.445,-53.3032],[-68.4508,-53.2999],[-68.4567,-53.2975],[-68.4577,-53.2972]],[[-68.3367,-54.8079],[-68.3353,-54.8074],[-68.3349,-54.8073],[-68.3342,-54.8072]],[[-68.3404,-54.8103],[-68.3409,-54.8104],[-68.3411,-54.8105],[-68.3416,-54.8106]],[[-68.4458,-54.8349],[-68.4475,-54.8349]],[[-69.5198,-52.1418],[-69.5196,-52.1403]],[[-68.4567,-53.2975],[-68.4574,-53.2968]],[[-68.459,-53.2964],[-68.4583,-53.297]],[[-67.7779,-53.8095],[-67.7805,-53.8108]],[[-68.3022,-54.7996],[-68.3027,-54.7995]],[[-68.3408,-54.8106],[-68.3409,-54.8104]],[[-68.3411,-54.8105],[-68.3411,-54.8106]],[[-69.5835,-51.6334],[-69.5833,-51.6329]],[[-69.5847,-51.6327],[-69.5849,-51.6332]],[[-69.2784,-51.6938],[-69.2782,-51.6949]],[[-69.2793,-51.6925],[-69.2786,-51.6935]],[[-69.2332,-51.6426],[-69.2344,-51.6444],[-69.2346,-51.6448]],[[-67.7793,-53.7349],[-67.7778,-53.7365]],[[-67.7778,-53.7385],[-67.7769,-53.7371]],[[-69.237,-51.6292],[-69.2371,-51.6292]],[[-68.2984,-54.7985],[-68.2992,-54.7987]],[[-68.298,-54.7986],[-68.2968,-54.7984]],[[-68.9284,-49.9813],[-68.9286,-49.981],[-68.9282,-49.9804],[-68.9288,-49.9802],[-68.9261,-49.9763],[-68.925,-49.9751],[-68.901,-49.9634],[-68.8781,-49.9558],[-68.7045,-49.8215],[-68.6504,-49.8015],[-68.6415,-49.7775],[-68.6402,-49.777],[-68.3285,-49.7173],[-68.152,-49.6316],[-67.8757,-49.4438],[-67.8854,-49.4295],[-67.8087,-49.3571],[-67.8028,-49.3249],[-67.7858,-49.312],[-67.7845,-49.3059],[-67.7849,-49.3048],[-67.7843,-49.3048],[-67.7845,-49.3059]],[[-67.5037,-46.4505],[-67.504,-46.4502],[-67.5043,-46.4502],[-67.5044,-46.4503],[-67.504,-46.4506],[-67.5037,-46.4505],[-67.5032,-46.4513],[-67.5012,-46.4541],[-67.497,-46.4606],[-67.4971,-46.4612],[-67.4965,-46.4612],[-67.497,-46.4606]],[[-67.4971,-46.4612],[-67.4973,-46.4613],[-67.4982,-46.4615],[-67.4973,-46.4617],[-67.4967,-46.4619],[-67.4965,-46.4618],[-67.4963,-46.4614],[-67.4965,-46.4612]],[[-68.9294,-49.9933],[-68.9296,-49.9929],[-68.9291,-49.9919]],[[-68.9309,-49.991],[-68.9307,-49.9916],[-68.9308,-49.9915],[-68.9314,-49.9917],[-68.9304,-49.9825],[-68.9299,-49.9827],[-68.9297,-49.9825],[-68.9299,-49.9829]],[[-67.7843,-49.3048],[-67.7843,-49.3044],[-67.7843,-49.3036],[-67.7844,-49.3031],[-67.7847,-49.3021],[-67.7847,-49.3019],[-67.7842,-49.2946],[-67.7755,-49.2258],[-67.7558,-49.2117],[-67.6886,-49.1451],[-67.6489,-48.9533],[-67.6322,-48.9435],[-67.6655,-48.9192],[-67.6853,-48.8744],[-67.68,-48.749],[-67.7175,-48.6903],[-67.7446,-48.5483],[-67.7343,-48.5223],[-67.7342,-48.5219],[-67.7263,-48.3108],[-67.6136,-48.0609],[-67.5027,-47.8914],[-67.4372,-47.759],[-67.2885,-47.5966],[-67.2676,-47.4874],[-67.2623,-47.1925],[-67.2491,-47.1844],[-67.2484,-47.184],[-67.2162,-47.1439],[-67.2139,-47.1407],[-67.2132,-47.1401],[-67.2128,-47.1396],[-67.2119,-47.1383],[-67.2115,-47.1378],[-67.2113,-47.1371],[-67.212,-47.1377],[-67.2136,-47.1399],[-67.2139,-47.1407]],[[-67.7847,-49.3021],[-67.785,-49.303],[-67.7849,-49.3048]],[[-67.6281,-46.182],[-67.6288,-46.0937],[-67.628,-46.1826],[-67.605,-46.2626],[-67.6049,-46.2629],[-67.59,-46.3093],[-67.5899,-46.3095],[-67.542,-46.3966],[-67.5226,-46.4222],[-67.5222,-46.4228],[-67.5205,-46.4252],[-67.5201,-46.426],[-67.5212,-46.428],[-67.5213,-46.428],[-67.5218,-46.4286],[-67.5227,-46.4298],[-67.5231,-46.4301],[-67.5233,-46.4302],[-67.5234,-46.4306],[-67.5233,-46.4309],[-67.5218,-46.4334],[-67.5206,-46.4351],[-67.5203,-46.4356],[-67.5201,-46.436],[-67.5193,-46.4373],[-67.5187,-46.4383],[-67.5184,-46.4386],[-67.5182,-46.4396],[-67.5179,-46.4407],[-67.5177,-46.4417],[-67.5178,-46.4421],[-67.5178,-46.4422],[-67.5177,-46.4423],[-67.5173,-46.4423],[-67.5161,-46.4428],[-67.5156,-46.443],[-67.5156,-46.4431],[-67.5139,-46.4439],[-67.5128,-46.4445],[-67.5109,-46.4455],[-67.5043,-46.4502]],[[-67.504,-46.4502],[-67.5074,-46.4473],[-67.5089,-46.4463],[-67.5095,-46.446],[-67.5122,-46.4446],[-67.5156,-46.4429],[-67.5172,-46.4421],[-67.5177,-46.4406],[-67.5182,-46.4385],[-67.5192,-46.4371],[-67.5199,-46.4359],[-67.5203,-46.4353],[-67.5204,-46.4352],[-67.5214,-46.4335],[-67.5229,-46.4308],[-67.5229,-46.4303],[-67.5227,-46.4298]],[[-67.504,-46.4506],[-67.5039,-46.4506],[-67.5032,-46.4513]],[[-68.9297,-49.9825],[-68.929,-49.9815],[-68.9285,-49.9815]],[[-68.9304,-49.9825],[-68.9304,-49.9824],[-68.9308,-49.9827]],[[-68.9307,-49.9926],[-68.931,-49.9931],[-68.9302,-49.9932]],[[-67.4982,-46.4615],[-67.5011,-46.4615],[-67.5103,-46.4616],[-67.5132,-46.4616],[-67.5169,-46.4621],[-67.5165,-46.4625],[-67.514,-46.4617],[-67.5132,-46.4617],[-67.5103,-46.4616]],[[-67.2536,-47.0106],[-67.2528,-47.0161],[-67.2536,-47.0106],[-67.2663,-46.9232],[-67.3579,-46.7743],[-67.3848,-46.7546],[-67.3679,-46.7147],[-67.3679,-46.7144],[-67.3694,-46.7051],[-67.3906,-46.6856],[-67.3772,-46.6426],[-67.3774,-46.6423],[-67.3924,-46.6196],[-67.4492,-46.5486],[-67.457,-46.5388],[-67.4639,-46.5158],[-67.4767,-46.4948],[-67.4813,-46.4907],[-67.4877,-46.482],[-67.4907,-46.4809],[-67.4919,-46.481],[-67.4932,-46.4815],[-67.4958,-46.4836],[-67.5023,-46.4845],[-67.5157,-46.4824],[-67.5172,-46.4819],[-67.518,-46.4806],[-67.5179,-46.4788],[-67.5176,-46.4754],[-67.5172,-46.4706],[-67.5171,-46.4693],[-67.517,-46.4676],[-67.5169,-46.4665],[-67.5168,-46.4658],[-67.5167,-46.4654],[-67.5167,-46.465],[-67.5166,-46.4629],[-67.5171,-46.4629],[-67.5169,-46.465],[-67.5169,-46.4665]],[[-67.6266,-46.0474],[-67.618,-46.0442],[-67.6283,-46.0559],[-67.6238,-46.2066],[-67.5375,-46.4269],[-67.5378,-46.4273],[-67.5413,-46.4373],[-67.5429,-46.44],[-67.5429,-46.4405],[-67.5535,-46.4538],[-67.5319,-46.4627],[-67.5467,-46.4614],[-67.5468,-46.4613],[-67.5428,-46.4405],[-67.5428,-46.44],[-67.5406,-46.4368],[-67.5375,-46.4274],[-67.5372,-46.427],[-67.5719,-46.3428]],[[-67.5221,-46.4621],[-67.5269,-46.4623],[-67.5295,-46.4624],[-67.5339,-46.4628]],[[-67.5999,-46.0071],[-67.606,-46.0121]],[[-67.5809,-45.9067],[-67.5809,-45.9066],[-67.5804,-45.9062],[-67.5801,-45.9062],[-67.573,-45.9039],[-67.5689,-45.9029],[-67.5665,-45.903],[-67.5612,-45.9029],[-67.5564,-45.9017],[-67.5496,-45.9],[-67.5452,-45.8986],[-67.5441,-45.8979],[-67.5426,-45.8969],[-67.5418,-45.8964],[-67.5406,-45.8956],[-67.5403,-45.8954],[-67.5376,-45.8936],[-67.5365,-45.8928],[-67.5361,-45.8926],[-67.531,-45.8893],[-67.5308,-45.8892],[-67.5297,-45.8888],[-67.5307,-45.889],[-67.531,-45.8892],[-67.5323,-45.8899],[-67.5356,-45.8921],[-67.5362,-45.8925],[-67.5365,-45.8927],[-67.537,-45.893],[-67.5394,-45.8947],[-67.5403,-45.8953],[-67.5406,-45.8955],[-67.5416,-45.8962],[-67.5429,-45.897],[-67.544,-45.8978],[-67.5446,-45.8981],[-67.5459,-45.8988],[-67.5545,-45.9011],[-67.5564,-45.9016],[-67.5612,-45.9028],[-67.5614,-45.9029],[-67.5689,-45.9029],[-67.5794,-45.9066],[-67.5799,-45.9072],[-67.5809,-45.9067],[-67.5751,-45.917],[-67.5731,-45.9193],[-67.573,-45.9195],[-67.5746,-45.9227],[-67.5963,-45.9317],[-67.5967,-45.9328],[-67.597,-45.9336],[-67.599,-45.9391],[-67.5988,-45.9441],[-67.5719,-45.9547],[-67.5776,-45.9742],[-67.6051,-45.9824],[-67.5951,-45.991],[-67.5999,-46.0075],[-67.5948,-46.0231],[-67.5999,-46.0075],[-67.5971,-45.9977],[-67.596,-45.994],[-67.5951,-45.991],[-67.5979,-45.9885]],[[-67.5943,-46.0198],[-67.5995,-46.0256]],[[-67.2113,-47.1371],[-67.2095,-47.1346],[-67.1999,-47.1067],[-67.2134,-47.0465],[-67.244,-47.0267],[-67.249,-47.024],[-67.248,-47.0246],[-67.2468,-47.0253],[-67.244,-47.0267]],[[-68.9319,-49.9913],[-68.9313,-49.9918],[-68.93,-49.9934]],[[-68.9293,-49.9807],[-68.9295,-49.9812]],[[-68.9292,-49.9918],[-68.9305,-49.9918],[-68.9296,-49.9929]],[[-67.5319,-46.4627],[-67.5295,-46.4625],[-67.5269,-46.4624],[-67.5226,-46.4622]],[[-67.5169,-46.4621],[-67.5175,-46.4621],[-67.5177,-46.4624],[-67.5176,-46.4625],[-67.5172,-46.4629],[-67.5171,-46.4629]],[[-67.4973,-46.4613],[-67.4973,-46.4617]],[[-69.1644,-50.2815],[-69.1661,-50.2826],[-69.1675,-50.2836]],[[-68.9282,-49.9804],[-68.9254,-49.9764],[-68.925,-49.9751]],[[-68.926,-49.9773],[-68.9256,-49.9772],[-68.9258,-49.9769]],[[-68.929,-49.9815],[-68.9286,-49.981]],[[-68.9288,-49.9802],[-68.9297,-49.9814],[-68.9303,-49.9823],[-68.9304,-49.9824]],[[-68.9308,-49.9915],[-68.9299,-49.9827]],[[-68.9305,-49.9918],[-68.9307,-49.9916]],[[-67.7844,-49.3031],[-67.785,-49.303]],[[-67.249,-47.024],[-67.2528,-47.0161]],[[-67.5972,-45.998],[-67.599,-46.0042]],[[-67.6289,-46.0777],[-67.6289,-46.0673]],[[-67.6285,-46.061],[-67.6277,-46.0536]],[[-67.5166,-46.4629],[-67.5165,-46.4625]],[[-69.5108,-50.7988],[-69.5114,-50.791],[-69.5103,-50.7892],[-69.5091,-50.7872]],[[-68.9314,-49.9917],[-68.9313,-49.9918]],[[-67.5818,-46.3241],[-67.5988,-46.2825]],[[-67.618,-46.0442],[-67.5948,-46.0231],[-67.6281,-46.0563],[-67.6283,-46.0559]],[[-67.6288,-46.0937],[-67.6281,-46.0563]],[[-67.4925,-45.7951],[-67.4918,-45.7956],[-67.4916,-45.7961],[-67.4913,-45.7964],[-67.4734,-45.8087],[-67.4731,-45.8093],[-67.4726,-45.8104],[-67.4717,-45.8122],[-67.4701,-45.8151],[-67.4686,-45.8177],[-67.4659,-45.8197],[-67.4652,-45.8207],[-67.4666,-45.8241],[-67.4668,-45.8244],[-67.4673,-45.8254],[-67.4683,-45.8274],[-67.4693,-45.8289],[-67.4722,-45.8322],[-67.4765,-45.8376],[-67.4765,-45.8379],[-67.4765,-45.8381],[-67.4765,-45.8389],[-67.4765,-45.8396],[-67.4765,-45.8402],[-67.4765,-45.8416],[-67.4764,-45.8426],[-67.4762,-45.8432],[-67.4771,-45.8487],[-67.4769,-45.8509],[-67.4771,-45.8522],[-67.4763,-45.8554],[-67.4762,-45.8559],[-67.4757,-45.8585],[-67.4753,-45.86],[-67.4753,-45.861],[-67.4753,-45.8621],[-67.4754,-45.8633],[-67.4755,-45.8634],[-67.4769,-45.8637],[-67.4799,-45.8643],[-67.4815,-45.8646],[-67.482,-45.8648],[-67.483,-45.8653],[-67.4845,-45.8659],[-67.4862,-45.8667],[-67.4874,-45.8674],[-67.4892,-45.8688],[-67.4909,-45.87],[-67.4918,-45.8707],[-67.4921,-45.8709],[-67.4928,-45.8712],[-67.4962,-45.8726],[-67.4965,-45.8728],[-67.4973,-45.8731],[-67.4991,-45.8743],[-67.5008,-45.8755],[-67.5019,-45.8761],[-67.502,-45.8761],[-67.5025,-45.8763],[-67.5028,-45.8764],[-67.5033,-45.8767],[-67.5031,-45.8766],[-67.5019,-45.8761],[-67.5014,-45.8759],[-67.4998,-45.875],[-67.4978,-45.8747],[-67.4901,-45.8721],[-67.4885,-45.8711],[-67.4857,-45.8688],[-67.4842,-45.8681],[-67.483,-45.8676],[-67.4815,-45.8669],[-67.4799,-45.866],[-67.4799,-45.8648],[-67.4799,-45.8646],[-67.4799,-45.8645],[-67.4768,-45.8637],[-67.4754,-45.8635],[-67.4753,-45.8634],[-67.4752,-45.8633],[-67.4744,-45.8621],[-67.4741,-45.8617],[-67.4744,-45.861],[-67.475,-45.86],[-67.4753,-45.8594],[-67.4755,-45.8589],[-67.4761,-45.8559],[-67.4762,-45.8554],[-67.4771,-45.8492],[-67.4752,-45.847],[-67.4761,-45.8435],[-67.4761,-45.8433],[-67.4764,-45.8415],[-67.4765,-45.8404],[-67.4764,-45.84],[-67.4764,-45.8396],[-67.4764,-45.8389],[-67.4764,-45.8381],[-67.4764,-45.838],[-67.4763,-45.8368],[-67.472,-45.8323],[-67.4692,-45.829],[-67.4683,-45.8277],[-67.4667,-45.8244],[-67.4665,-45.8241],[-67.4652,-45.8204],[-67.4676,-45.8183],[-67.4684,-45.8176],[-67.4728,-45.8096],[-67.4912,-45.7964],[-67.4919,-45.7949]],[[-65.263,-43.2548],[-65.2643,-43.2558],[-65.2651,-43.2543],[-65.263,-43.2548],[-65.2629,-43.2548],[-65.2615,-43.2558],[-65.2607,-43.2573],[-65.2502,-43.2668],[-65.2508,-43.2716],[-65.251,-43.2727],[-65.2511,-43.2734],[-65.2588,-43.2825],[-65.2594,-43.2828],[-65.2596,-43.2829],[-65.2617,-43.2843],[-65.2619,-43.2845],[-65.262,-43.2847],[-65.262,-43.2848],[-65.2621,-43.2849],[-65.2622,-43.285],[-65.2637,-43.2865],[-65.2637,-43.2866],[-65.2641,-43.287],[-65.2859,-43.3104],[-65.2983,-43.3237],[-65.3007,-43.33],[-65.3337,-43.3698],[-65.3458,-43.4161],[-65.594,-43.6501],[-65.6417,-43.6924],[-65.6419,-43.6926],[-65.8012,-43.8329],[-66.1164,-44.2355],[-66.5091,-44.5937],[-66.5098,-44.5945],[-66.5106,-44.595],[-66.6829,-44.7494],[-66.7487,-44.8493],[-67.0997,-45.0123],[-67.0903,-45.0769],[-67.239,-45.215],[-67.2392,-45.2152],[-67.2969,-45.2564],[-67.3172,-45.2978],[-67.4117,-45.3969],[-67.4638,-45.4109],[-67.5304,-45.4614],[-67.5725,-45.479],[-67.6094,-45.5266],[-67.6575,-45.647],[-67.602,-45.6548],[-67.55,-45.715],[-67.5447,-45.7192],[-67.5317,-45.7234],[-67.5294,-45.7239],[-67.5238,-45.7253],[-67.5064,-45.7337],[-67.5019,-45.7385],[-67.4998,-45.7608],[-67.4991,-45.7649],[-67.4989,-45.7673],[-67.4986,-45.7687],[-67.4985,-45.7689],[-67.4983,-45.7693],[-67.4968,-45.7707],[-67.4961,-45.7714],[-67.4957,-45.7717],[-67.4935,-45.7738],[-67.4931,-45.7742],[-67.49,-45.7772],[-67.4895,-45.7828],[-67.49,-45.7839],[-67.4904,-45.785],[-67.4911,-45.7867],[-67.4919,-45.7887],[-67.4921,-45.7892],[-67.4922,-45.7895],[-67.4932,-45.792],[-67.493,-45.7931],[-67.4921,-45.7944]],[[-65.2978,-43.2319],[-65.2992,-43.2315],[-65.2994,-43.2313],[-65.2744,-43.143],[-65.1812,-43.0261],[-65.1681,-42.9757],[-65.1687,-42.9756],[-65.1819,-43.0267],[-65.2744,-43.1424],[-65.2998,-43.2303],[-65.3008,-43.231],[-65.3018,-43.2317],[-65.301,-43.2331],[-65.3006,-43.2332],[-65.2992,-43.2328],[-65.299,-43.2325],[-65.2978,-43.2319],[-65.2897,-43.237],[-65.2894,-43.2372],[-65.2807,-43.2433],[-65.2774,-43.2456],[-65.2672,-43.2528],[-65.2662,-43.2535],[-65.2651,-43.2543]],[[-65.1187,-42.7713],[-65.1135,-42.7457]],[[-65.1143,-42.7455],[-65.1195,-42.7711]],[[-65.1141,-42.7447],[-65.1132,-42.7433],[-65.1068,-42.717],[-65.1051,-42.7103],[-65.0961,-42.6732],[-65.0817,-42.6139],[-65.0815,-42.6114],[-65.0815,-42.611],[-65.0815,-42.6102],[-65.0817,-42.6085],[-65.1944,-42.3257],[-65.2044,-42.213],[-65.2911,-42.1158],[-65.2922,-41.9982],[-65.2925,-41.9977],[-65.2973,-41.992],[-65.3132,-41.949],[-65.2853,-41.8012],[-65.3031,-41.7263],[-65.3031,-41.7262],[-65.3171,-41.6843],[-65.3195,-41.6774],[-65.3542,-41.6157],[-65.3542,-41.6152],[-65.3542,-41.615],[-65.3542,-41.6146],[-65.3542,-41.6139],[-65.3542,-41.6132],[-65.3542,-41.6106],[-65.3543,-41.6083],[-65.3544,-41.6049],[-65.3544,-41.6008],[-65.3544,-41.6],[-65.3545,-41.5961],[-65.3547,-41.5895],[-65.3624,-41.5728],[-65.369,-41.5592],[-65.3512,-41.5179],[-65.3524,-41.5046],[-65.3578,-41.4463],[-65.3595,-41.427],[-65.3596,-41.4259],[-65.3597,-41.4251],[-65.3599,-41.4231],[-65.3618,-41.402],[-65.369,-41.3246],[-65.3704,-41.3094],[-65.4026,-40.951],[-65.3422,-40.8187],[-65.3413,-40.8168],[-65.3405,-40.815],[-65.3147,-40.7669],[-65.1392,-40.7506],[-65.1375,-40.7504],[-65.1392,-40.7506]],[[-67.5794,-45.9066],[-67.5797,-45.9063],[-67.5801,-45.9062]],[[-67.5746,-45.9227],[-67.5726,-45.9219],[-67.5722,-45.9197],[-67.5726,-45.9192],[-67.5746,-45.9167],[-67.5799,-45.9072]],[[-67.5751,-45.9522],[-67.5777,-45.974],[-67.6056,-45.9827],[-67.5954,-45.9917]],[[-67.572,-45.9557],[-67.5994,-45.9429],[-67.5909,-45.9272]],[[-67.5738,-45.9223],[-67.5949,-45.9288]],[[-67.5297,-45.8888],[-67.5272,-45.8879],[-67.5271,-45.8879],[-67.5264,-45.8877],[-67.5246,-45.8871],[-67.5242,-45.887],[-67.5233,-45.8867],[-67.5231,-45.8866],[-67.5226,-45.8864],[-67.522,-45.8862],[-67.5217,-45.8862],[-67.5214,-45.886],[-67.5202,-45.8857],[-67.5201,-45.8856],[-67.5191,-45.8853],[-67.5181,-45.8847],[-67.5177,-45.8844],[-67.5175,-45.8843],[-67.5171,-45.884],[-67.5164,-45.8835],[-67.5154,-45.8828],[-67.5152,-45.8827],[-67.5149,-45.8825],[-67.5142,-45.882],[-67.5139,-45.8818],[-67.5133,-45.8814],[-67.5121,-45.8807],[-67.5109,-45.8801],[-67.5105,-45.8799],[-67.5098,-45.8795],[-67.5097,-45.8795],[-67.5088,-45.879],[-67.5079,-45.8787],[-67.5069,-45.8783],[-67.5058,-45.8778],[-67.5057,-45.8777],[-67.5044,-45.8772],[-67.504,-45.877],[-67.5033,-45.8767]],[[-65.2615,-43.2558],[-65.2628,-43.2568],[-65.2607,-43.2573]],[[-67.493,-45.7931],[-67.4927,-45.7945]],[[-65.282,-43.1685],[-65.2826,-43.1682]],[[-65.2832,-43.1703],[-65.2825,-43.1702]],[[-65.2008,-43.0498],[-65.2003,-43.0502]],[[-65.199,-43.0486],[-65.1995,-43.0482]],[[-67.5999,-45.9414],[-67.5983,-45.9443]],[[-65.0817,-42.6139],[-65.0817,-42.6085]],[[-65.2643,-43.2558],[-65.2643,-43.2559],[-65.2629,-43.2568],[-65.2628,-43.2568]],[[-65.1132,-42.7447],[-65.1132,-42.7433]],[[-65.2654,-43.1314],[-65.2658,-43.131]],[[-65.2671,-43.1326],[-65.2666,-43.1329]],[[-65.2422,-43.1015],[-65.2417,-43.1019]],[[-65.2404,-43.1003],[-65.2409,-43.0999]],[[-65.1677,-42.9741],[-65.1683,-42.9739]],[[-65.1486,-42.8968],[-65.1493,-42.8968]],[[-65.1497,-42.8984],[-65.1491,-42.8986]],[[-65.132,-42.8168],[-65.1313,-42.8168]],[[-65.1309,-42.8152],[-65.1316,-42.8152]],[[-65.1681,-42.9757],[-65.1353,-42.8329],[-65.1191,-42.7722]],[[-65.2994,-43.2313],[-65.2998,-43.2303]],[[-65.1199,-42.7721],[-65.1687,-42.9756]],[[-62.5664,-38.753],[-62.5682,-38.7545],[-62.5683,-38.7547],[-62.5681,-38.7562],[-62.5693,-38.7551],[-62.5696,-38.755],[-62.5699,-38.7543],[-62.5691,-38.7538],[-62.5664,-38.753],[-62.5658,-38.7529],[-62.5651,-38.7527],[-62.5631,-38.7519],[-62.5611,-38.7504],[-62.561,-38.7503],[-62.5556,-38.7459],[-62.5318,-38.7265],[-62.5301,-38.7252],[-62.5296,-38.7248],[-62.5288,-38.7241],[-62.5287,-38.724],[-62.5272,-38.7229],[-62.5267,-38.7224],[-62.5239,-38.7202],[-62.5198,-38.7168],[-62.4573,-38.7024],[-62.457,-38.7023],[-62.438,-38.6987],[-62.4309,-38.6973],[-62.4225,-38.6956],[-62.4211,-38.6953],[-62.4169,-38.6945],[-62.4139,-38.6938],[-62.4034,-38.6913],[-62.3994,-38.6904],[-62.3923,-38.689],[-62.3889,-38.6883],[-62.3887,-38.6883],[-62.372,-38.6927],[-62.3672,-38.6945],[-62.36,-38.6973],[-62.357,-38.6984],[-62.3562,-38.6985]],[[-62.2005,-38.7535],[-62.2003,-38.7537],[-62.1988,-38.7536],[-62.1814,-38.7569],[-62.1805,-38.757],[-62.1911,-38.7548],[-62.1925,-38.7545],[-62.1933,-38.7544],[-62.1976,-38.7536],[-62.1998,-38.7534],[-62.2006,-38.7535],[-62.2008,-38.7537],[-62.201,-38.754],[-62.2016,-38.7545],[-62.2004,-38.7539],[-62.2008,-38.7537]],[[-62.2948,-38.7409],[-62.2967,-38.7396],[-62.2952,-38.7412]],[[-62.2851,-38.7513],[-62.2872,-38.7481],[-62.2879,-38.7469],[-62.291,-38.744],[-62.2917,-38.7434],[-62.2938,-38.7418],[-62.2945,-38.7412]],[[-62.2949,-38.7414],[-62.2919,-38.7436],[-62.2912,-38.7442],[-62.2856,-38.7508],[-62.2855,-38.7514]],[[-62.2426,-38.7729],[-62.2451,-38.7709],[-62.2644,-38.7691],[-62.269,-38.7656],[-62.2701,-38.7647]],[[-62.2703,-38.7646],[-62.2713,-38.7638],[-62.2703,-38.7647]],[[-62.2426,-38.7731],[-62.2427,-38.7735],[-62.2422,-38.7732],[-62.2412,-38.7723],[-62.2423,-38.7729]],[[-62.2412,-38.7723],[-62.2406,-38.7718],[-62.2361,-38.7706],[-62.233,-38.7705],[-62.2327,-38.7705],[-62.2041,-38.756],[-62.2025,-38.755],[-62.2018,-38.7546],[-62.2016,-38.7545]],[[-62.176,-38.7583],[-62.1741,-38.7593],[-62.1665,-38.763],[-62.1583,-38.766],[-62.1378,-38.7727],[-62.1266,-38.7737],[-62.1238,-38.774],[-62.1209,-38.7743],[-62.1162,-38.7747],[-62.1236,-38.7739],[-62.126,-38.7737],[-62.1265,-38.7737],[-62.1378,-38.7726],[-62.1582,-38.7659],[-62.1667,-38.7628],[-62.1714,-38.7605],[-62.174,-38.7592],[-62.1747,-38.7589],[-62.1756,-38.7583],[-62.176,-38.7583],[-62.1761,-38.7583],[-62.1762,-38.7581],[-62.1756,-38.7583],[-62.1755,-38.7582],[-62.1759,-38.7578],[-62.1762,-38.7581],[-62.1772,-38.7577],[-62.1805,-38.757],[-62.1783,-38.7575],[-62.1761,-38.7583]],[[-62.3552,-38.6989],[-62.3563,-38.6989],[-62.3552,-38.6989],[-62.3546,-38.6994],[-62.3432,-38.7037],[-62.3418,-38.7042],[-62.3372,-38.706],[-62.334,-38.7082],[-62.3328,-38.709],[-62.3319,-38.7097],[-62.3313,-38.7103],[-62.3297,-38.7128],[-62.3297,-38.7147],[-62.3291,-38.7172],[-62.3168,-38.7242],[-62.3118,-38.7281],[-62.3109,-38.7283],[-62.3107,-38.7285],[-62.3103,-38.7291],[-62.3061,-38.7324],[-62.3031,-38.7348],[-62.2996,-38.7373],[-62.2975,-38.739],[-62.2967,-38.7396]],[[-59.899,-36.8494],[-59.8999,-36.85],[-59.9236,-36.8845],[-59.9238,-36.8847],[-59.9405,-36.9396],[-59.9239,-37.0212],[-59.9439,-37.0478],[-59.944,-37.0481],[-59.9546,-37.1513],[-59.9534,-37.1554],[-59.9758,-37.3105],[-59.9758,-37.3108],[-59.9757,-37.3111],[-59.9755,-37.3113],[-59.9752,-37.3116],[-59.9277,-37.368],[-59.8364,-37.5963],[-59.8458,-37.6365],[-59.8559,-37.6452],[-59.8584,-37.6482],[-59.8592,-37.6488],[-59.8625,-37.6507],[-59.86,-37.6481]],[[-62.357,-38.6984],[-62.3564,-38.6989]],[[-63.0172,-40.8124],[-63.0167,-40.8128],[-63.018,-40.8134],[-63.0172,-40.8124],[-63.0172,-40.8122],[-63.0167,-40.812],[-63.0166,-40.812],[-63.0083,-40.8057],[-63.0078,-40.806],[-63.0161,-40.8123],[-63.0166,-40.812]],[[-61.2413,-38.7225],[-61.2432,-38.724],[-61.2449,-38.7253],[-61.2427,-38.7235],[-61.2413,-38.7225],[-61.2312,-38.7156],[-61.1922,-38.7166],[-60.9753,-38.6894],[-60.9065,-38.6674],[-60.9064,-38.6673],[-60.729,-38.6028],[-60.6469,-38.6031],[-60.6466,-38.6031],[-60.6105,-38.6037],[-60.6096,-38.6034],[-60.3713,-38.4296],[-60.3676,-38.4265],[-60.3359,-38.4008],[-60.3185,-38.3868],[-60.3156,-38.3844],[-60.315,-38.3839],[-60.3149,-38.3838],[-60.3036,-38.3745],[-60.3033,-38.3742],[-60.3015,-38.3727],[-60.3011,-38.3725],[-60.3009,-38.3723],[-60.3008,-38.3722],[-60.2973,-38.3694],[-60.2918,-38.365],[-60.2915,-38.3648],[-60.2914,-38.3646],[-60.2913,-38.3646],[-60.2898,-38.3634],[-60.2869,-38.361],[-60.283,-38.3578],[-60.2821,-38.3575],[-60.2815,-38.357],[-60.2819,-38.3569],[-60.2809,-38.3561],[-60.2815,-38.357]],[[-63.4798,-40.6914],[-63.4785,-40.6925],[-63.4292,-40.7103],[-63.3656,-40.7444],[-63.1254,-40.8033],[-63.125,-40.8034],[-63.1222,-40.8041],[-63.1218,-40.8042],[-63.048,-40.8171],[-63.0476,-40.8171],[-63.0474,-40.8171],[-63.0446,-40.8172],[-63.0424,-40.8172],[-63.0395,-40.8172],[-63.0368,-40.8173],[-63.0273,-40.8173],[-63.0202,-40.815],[-63.018,-40.8134]],[[-59.8404,-36.7923],[-59.8416,-36.7931],[-59.8418,-36.7932],[-59.846,-36.7967],[-59.8596,-36.8082],[-59.8691,-36.8163],[-59.8984,-36.8483],[-59.899,-36.8486]],[[-59.1026,-36.0611],[-59.1018,-36.0599],[-59.1001,-36.0584],[-59.0806,-36.0417],[-59.0793,-36.0405],[-59.0828,-36.0352],[-59.0845,-36.0339],[-59.0851,-36.0334],[-59.0852,-36.0334],[-59.0857,-36.033],[-59.0858,-36.0329],[-59.0864,-36.0301],[-59.084,-36.0282],[-59.0834,-36.0281]],[[-59.1033,-36.0607],[-59.1041,-36.0613],[-59.1034,-36.0618],[-59.1026,-36.0612],[-59.1033,-36.0607]],[[-59.1041,-36.0614],[-59.105,-36.0626],[-59.1035,-36.0618]],[[-59.1018,-36.0599],[-59.1032,-36.0606]],[[-59.105,-36.0626],[-59.1052,-36.0628],[-59.1068,-36.0642],[-59.2992,-36.2209],[-59.2997,-36.2213],[-59.4897,-36.3853],[-59.4924,-36.3875],[-59.4925,-36.3876],[-59.4926,-36.3877],[-59.4947,-36.3894],[-59.4982,-36.3924],[-59.4996,-36.3936],[-59.5464,-36.4456],[-59.5469,-36.4461],[-59.547,-36.4462],[-59.5705,-36.4678],[-59.5706,-36.4678],[-59.593,-36.493],[-59.593,-36.4933],[-59.6461,-36.5839],[-59.7041,-36.6335],[-59.7454,-36.6965],[-59.7456,-36.6967],[-59.8049,-36.756],[-59.8051,-36.7571],[-59.8051,-36.7576],[-59.8052,-36.7584],[-59.8054,-36.7595],[-59.8223,-36.7768],[-59.831,-36.7841],[-59.8356,-36.788],[-59.8388,-36.7907],[-59.839,-36.7909],[-59.8404,-36.7919]],[[-59.8995,-36.8491],[-59.8999,-36.85]],[[-60.2809,-38.3561],[-60.2762,-38.3523],[-60.2631,-38.3417],[-60.2625,-38.3412],[-60.259,-38.3366],[-60.2189,-38.1069],[-60.1347,-38.0385],[-60.1332,-38.0373],[-60.1211,-38.0277],[-60.1211,-38.0276],[-60.1148,-38.0225],[-60.1127,-38.0209],[-60.1113,-38.0198],[-60.1108,-38.0193],[-60.1099,-38.0185],[-60.1111,-38.019],[-60.1118,-38.0195],[-60.1127,-38.0209]],[[-62.932,-40.7632],[-62.9335,-40.7634],[-62.9862,-40.7652],[-62.9878,-40.7663],[-62.997,-40.7791],[-62.9988,-40.7853],[-62.9993,-40.7868],[-63.0003,-40.7901],[-63.0014,-40.794],[-63.0018,-40.7955],[-63.0012,-40.7937],[-62.9988,-40.7853]],[[-63.0018,-40.7955],[-63.002,-40.7961],[-63.0028,-40.7989],[-63.0029,-40.7992],[-63.0031,-40.8001],[-63.0041,-40.8019],[-63.0057,-40.8039],[-63.0078,-40.8054],[-63.0074,-40.8057],[-63.0042,-40.8023],[-63.004,-40.802],[-63.0031,-40.8001]],[[-62.3555,-38.6992],[-62.3546,-38.6994]],[[-61.898,-38.7811],[-61.8993,-38.7813],[-61.8984,-38.7816]],[[-61.8972,-38.7818],[-61.8944,-38.7805],[-61.8975,-38.7811]],[[-61.8944,-38.7805],[-61.8931,-38.7801],[-61.8125,-38.7619],[-61.713,-38.7632],[-61.7115,-38.7631],[-61.4692,-38.7888],[-61.469,-38.7888],[-61.42,-38.7942],[-61.4077,-38.7955],[-61.4001,-38.7963],[-61.3959,-38.7967],[-61.3943,-38.7969],[-61.3917,-38.7971],[-61.3904,-38.7973],[-61.3859,-38.7963],[-61.384,-38.7948],[-61.3817,-38.793],[-61.383,-38.7939],[-61.3856,-38.7952],[-61.3867,-38.7957],[-61.3904,-38.7966],[-61.3942,-38.7968],[-61.3959,-38.7967]],[[-61.3817,-38.793],[-61.3783,-38.7904],[-61.3421,-38.7616],[-61.3414,-38.761],[-61.3258,-38.75],[-61.3219,-38.749],[-61.3214,-38.7489],[-61.3209,-38.7488],[-61.3186,-38.7484],[-61.2687,-38.7402],[-61.2658,-38.7397],[-61.2636,-38.7392],[-61.2635,-38.7392],[-61.2614,-38.7382],[-61.2628,-38.7387],[-61.2636,-38.7391],[-61.2658,-38.7397]],[[-62.6793,-39.5329],[-62.6793,-39.5333],[-62.6791,-39.5345],[-62.6794,-39.5333],[-62.6793,-39.5329],[-62.6794,-39.5325],[-62.6787,-39.5275],[-62.6784,-39.5272],[-62.6768,-39.5254],[-62.6764,-39.5246],[-62.6758,-39.523],[-62.6758,-39.5228],[-62.6743,-39.5157],[-62.6734,-39.514],[-62.6728,-39.5131],[-62.6722,-39.5119],[-62.6728,-39.5131]],[[-60.1007,-38.0117],[-60.1008,-38.0118],[-60.1007,-38.0117],[-60.1,-38.0108],[-60.1011,-38.0114]],[[-60.1018,-38.0119],[-60.1027,-38.0129],[-60.1088,-38.0178],[-60.1099,-38.0185]],[[-60.1027,-38.0129],[-60.1015,-38.0123]],[[-60.2821,-38.3575],[-60.2822,-38.3572],[-60.283,-38.3578]],[[-62.6722,-39.5119],[-62.669,-39.5055],[-62.6689,-39.5053],[-62.6636,-39.4936],[-62.6436,-39.4358],[-62.6435,-39.4357],[-62.639,-39.4221],[-62.639,-39.422],[-62.6371,-39.4147],[-62.6371,-39.4143],[-62.6322,-39.3965],[-62.6304,-39.3926],[-62.6279,-39.3885],[-62.63,-39.3918],[-62.6304,-39.3926]],[[-62.6743,-39.5157],[-62.6734,-39.514]],[[-59.8625,-37.6507],[-59.8693,-37.6556],[-59.9672,-37.7353],[-59.9675,-37.7355],[-59.9825,-37.7477],[-59.9829,-37.748],[-59.9955,-37.7583],[-59.9956,-37.7584],[-60.0065,-37.7673],[-60.0067,-37.7674],[-60.0932,-38.0053],[-60.1,-38.0108]],[[-59.8559,-37.6452],[-59.8592,-37.6475]],[[-63.4806,-40.6922],[-63.4822,-40.6927],[-63.5553,-40.7109],[-64.7185,-40.7108],[-64.7202,-40.7111],[-64.7217,-40.711],[-64.7235,-40.7108],[-64.7216,-40.7105],[-64.7217,-40.711]],[[-65.0019,-40.7132],[-64.9995,-40.7119],[-64.997,-40.7113],[-64.9947,-40.711],[-64.7235,-40.7108]],[[-65.0034,-40.7123],[-65.0058,-40.7134],[-65.0033,-40.7132]],[[-64.7185,-40.7108],[-64.7202,-40.7105],[-64.7216,-40.7105]],[[-62.6802,-39.5864],[-62.6802,-39.5878],[-62.6803,-39.5895],[-62.6803,-39.5884],[-62.6802,-39.5864],[-62.6796,-39.5702],[-62.6796,-39.5697],[-62.6794,-39.5614],[-62.6793,-39.5607],[-62.6792,-39.5562],[-62.6792,-39.556],[-62.6791,-39.5527],[-62.679,-39.5511],[-62.6786,-39.538],[-62.6787,-39.5367],[-62.679,-39.5352],[-62.679,-39.5351],[-62.6791,-39.5345]],[[-62.1162,-38.7747],[-62.115,-38.7748],[-62.1124,-38.775],[-62.1087,-38.7754],[-61.9377,-38.7752],[-61.9375,-38.7752],[-61.9081,-38.7798],[-61.9022,-38.7811],[-61.8993,-38.7813]],[[-63.4814,-40.6916],[-63.4822,-40.6927]],[[-63.4803,-40.6922],[-63.4785,-40.6925]],[[-59.8406,-36.7921],[-59.8416,-36.7931]],[[-59.8401,-36.792],[-59.839,-36.7909]],[[-62.9319,-40.7632],[-62.9307,-40.7629],[-62.8711,-40.7172],[-62.8071,-40.4874],[-62.8049,-40.4806],[-62.8048,-40.4805],[-62.8036,-40.4769],[-62.8003,-40.4668],[-62.7998,-40.465],[-62.7994,-40.464],[-62.7992,-40.4632],[-62.7989,-40.4621],[-62.7986,-40.4614],[-62.7985,-40.461],[-62.7977,-40.4587],[-62.761,-40.3154],[-62.7464,-40.3039],[-62.6484,-40.2291],[-62.6548,-40.1725],[-62.6552,-40.1699],[-62.6554,-40.1679],[-62.6552,-40.1699]],[[-62.9313,-40.7637],[-62.9307,-40.7629]],[[-62.9335,-40.7634],[-62.9325,-40.7638]],[[-62.7992,-40.4632],[-62.7992,-40.4631],[-62.7991,-40.463],[-62.7989,-40.4624],[-62.7986,-40.4614]],[[-62.6279,-39.3885],[-62.6235,-39.3794],[-62.6235,-39.3793],[-62.6215,-39.3702],[-62.6215,-39.3701],[-62.6125,-39.3296],[-62.6125,-39.3294],[-62.6115,-39.325],[-62.6115,-39.3248],[-62.6024,-39.2747],[-62.6024,-39.2746],[-62.5962,-39.2398],[-62.5962,-39.2396],[-62.5966,-39.2381],[-62.5966,-39.238],[-62.5573,-39.0479],[-62.5375,-38.9995],[-62.5179,-38.9509],[-62.4981,-38.902],[-62.4873,-38.8676],[-62.5047,-38.8398],[-62.5066,-38.8383],[-62.5083,-38.8368],[-62.509,-38.8362],[-62.5106,-38.8347],[-62.5116,-38.8338],[-62.5668,-38.7603],[-62.5672,-38.7587],[-62.5678,-38.7569],[-62.5681,-38.7562]],[[-59.0789,-36.0239],[-59.0786,-36.0233],[-59.0676,-36.0137],[-59.0672,-36.0134],[-59.0654,-36.006],[-59.0419,-35.9809],[-59.0418,-35.9808],[-58.9837,-35.932],[-58.9093,-35.8631],[-58.9323,-35.7958],[-58.9325,-35.7956],[-58.9403,-35.7759],[-58.8507,-35.6516],[-58.8506,-35.649],[-58.8317,-35.6154],[-58.8587,-35.5011],[-58.8557,-35.488],[-58.8442,-35.4672],[-58.844,-35.4669],[-58.8329,-35.4568],[-58.8295,-35.4542],[-58.8282,-35.4534],[-58.8227,-35.4497],[-58.8161,-35.4452],[-58.8163,-35.4414],[-58.8165,-35.4399],[-58.8165,-35.4393],[-58.8168,-35.437],[-58.817,-35.436],[-58.8166,-35.4333],[-58.8159,-35.4333],[-58.815,-35.4332],[-58.8124,-35.433],[-58.8095,-35.4328],[-58.8077,-35.4327],[-58.8074,-35.4327],[-58.8073,-35.4321],[-58.8078,-35.431],[-58.8079,-35.4322],[-58.8073,-35.4321]],[[-62.5267,-38.7224],[-62.5273,-38.7228],[-62.5276,-38.723],[-62.5284,-38.7236],[-62.5288,-38.7241]],[[-62.3118,-38.7281],[-62.3113,-38.7284],[-62.311,-38.7287],[-62.3103,-38.7291]],[[-62.2701,-38.7648],[-62.2695,-38.7653],[-62.269,-38.7656]],[[-62.2852,-38.7518],[-62.2846,-38.7524],[-62.2828,-38.7551],[-62.2824,-38.7554],[-62.2818,-38.7558],[-62.2713,-38.7638],[-62.2849,-38.7516]],[[-59.8985,-36.8489],[-59.8984,-36.8483]],[[-59.9534,-37.1554],[-59.9546,-37.1513]],[[-64.9995,-40.7119],[-65.0018,-40.7123]],[[-60.2819,-38.3569],[-60.2821,-38.3571],[-60.2822,-38.3572]],[[-63.0078,-40.8054],[-63.0079,-40.8054],[-63.0083,-40.8057]],[[-63.0078,-40.806],[-63.0075,-40.8059],[-63.0074,-40.8057]],[[-64.7202,-40.7111],[-64.7202,-40.7105]],[[-65.1228,-40.7492],[-65.1202,-40.7489],[-65.1151,-40.7486],[-65.1141,-40.7485],[-65.0573,-40.7436],[-65.0058,-40.7134]],[[-65.3422,-40.8187],[-65.3405,-40.815]],[[-62.6554,-40.1679],[-62.6559,-40.1649],[-62.6633,-39.892],[-62.6632,-39.8893],[-62.6632,-39.8891],[-62.6631,-39.8852],[-62.6746,-39.6863],[-62.6746,-39.6858],[-62.6792,-39.6186],[-62.6803,-39.5895]],[[-61.2614,-38.7382],[-61.2601,-38.7372],[-61.2565,-38.7344],[-61.2449,-38.7253]],[[-62.3441,-38.7036],[-62.3299,-38.7142],[-62.3296,-38.7151],[-62.327,-38.7186],[-62.3204,-38.7217]],[[-63.0167,-40.8128],[-63.0165,-40.8128],[-63.0161,-40.8124],[-63.0161,-40.8123]],[[-62.3258,-38.719],[-62.3292,-38.7152],[-62.3294,-38.7144],[-62.338,-38.7056],[-62.3543,-38.6993]],[[-62.5682,-38.7545],[-62.5691,-38.7538]],[[-62.5693,-38.7551],[-62.5683,-38.7547]],[[-65.1229,-40.7493],[-65.1205,-40.7491],[-65.12,-40.749],[-65.1196,-40.749],[-65.1151,-40.7486]],[[-62.1988,-38.7536],[-62.2004,-38.7539],[-62.2003,-38.7537]],[[-62.2422,-38.7732],[-62.2423,-38.7731]],[[-59.8592,-37.6488],[-59.8584,-37.6482]],[[-59.083,-36.0277],[-59.0828,-36.027],[-59.0833,-36.0275]],[[-59.0796,-36.024],[-59.08,-36.0245],[-59.0828,-36.027]],[[-59.0786,-36.0233],[-59.0793,-36.0237]],[[-59.08,-36.0245],[-59.0794,-36.0242]],[[-59.0837,-36.0278],[-59.084,-36.0282]],[[-58.7369,-35.0612],[-58.7369,-35.0628],[-58.7368,-35.0636],[-58.7348,-35.1076],[-58.7347,-35.1085],[-58.735,-35.1107],[-58.7354,-35.112],[-58.7727,-35.2838],[-58.7731,-35.2849],[-58.8108,-35.391],[-58.8108,-35.3916],[-58.8112,-35.3923],[-58.8115,-35.3926],[-58.8119,-35.3937],[-58.8116,-35.3925],[-58.8118,-35.3921],[-58.8113,-35.3914],[-58.8109,-35.391],[-58.7736,-35.2847],[-58.7735,-35.2845],[-58.7733,-35.2839],[-58.7732,-35.2836],[-58.7356,-35.112],[-58.7354,-35.1107],[-58.7351,-35.1084],[-58.735,-35.1076],[-58.737,-35.0632],[-58.737,-35.0628],[-58.7369,-35.0617],[-58.7369,-35.0612],[-58.7321,-35.0404],[-58.7337,-35.0332],[-58.7337,-35.0326],[-58.7343,-35.0327],[-58.7353,-35.0336],[-58.743,-35.0275],[-58.744,-35.0258],[-58.7447,-35.0267],[-58.743,-35.0275]],[[-58.746,-35.0252],[-58.7454,-35.0261],[-58.7449,-35.0254],[-58.746,-35.0252],[-58.7473,-35.0216],[-58.7468,-35.0205],[-58.7466,-35.0204],[-58.7464,-35.0197],[-58.7467,-35.0192],[-58.747,-35.0183],[-58.7459,-34.987],[-58.7453,-34.9859],[-58.7382,-34.9714],[-58.7343,-34.9635],[-58.734,-34.9628],[-58.7329,-34.9606],[-58.7318,-34.9584],[-58.7294,-34.9533],[-58.7237,-34.939],[-58.7223,-34.9352],[-58.7223,-34.9351],[-58.7221,-34.9328],[-58.7213,-34.9228],[-58.7214,-34.9224],[-58.7102,-34.9111],[-58.7073,-34.9096],[-58.7072,-34.9096],[-58.7043,-34.9081],[-58.7008,-34.9063],[-58.6978,-34.9044],[-58.6962,-34.9027],[-58.6962,-34.9026],[-58.6929,-34.8989],[-58.6928,-34.8989],[-58.6866,-34.8919],[-58.6841,-34.889],[-58.6824,-34.8857],[-58.6811,-34.8839],[-58.6796,-34.8817],[-58.6778,-34.8792],[-58.676,-34.8765],[-58.675,-34.8751],[-58.6745,-34.8744],[-58.6731,-34.8724],[-58.6722,-34.8711],[-58.6715,-34.87],[-58.666,-34.8627],[-58.6647,-34.8615],[-58.6644,-34.8612],[-58.6533,-34.8439],[-58.6532,-34.8438],[-58.6529,-34.8428],[-58.6518,-34.84],[-58.6482,-34.8328],[-58.6479,-34.832],[-58.6456,-34.8279],[-58.6447,-34.8261],[-58.6428,-34.8226],[-58.6412,-34.8196],[-58.6404,-34.8183],[-58.6397,-34.8169],[-58.6383,-34.8145],[-58.6361,-34.8105],[-58.6324,-34.8044],[-58.6323,-34.8041],[-58.6309,-34.7919],[-58.6305,-34.7913],[-58.6296,-34.7899],[-58.6291,-34.7891],[-58.6272,-34.7862],[-58.6234,-34.7796],[-58.6218,-34.775],[-58.6207,-34.7726],[-58.6186,-34.7682],[-58.6178,-34.7664],[-58.6173,-34.7653],[-58.6171,-34.7642],[-58.6161,-34.7609],[-58.6158,-34.7598],[-58.6157,-34.7595],[-58.6149,-34.7567],[-58.6147,-34.7559],[-58.6147,-34.7557],[-58.6146,-34.7553],[-58.6143,-34.7546],[-58.6142,-34.7542],[-58.6141,-34.7537],[-58.613,-34.7513],[-58.6125,-34.7507],[-58.6119,-34.7499],[-58.6115,-34.7492],[-58.6099,-34.7467],[-58.6097,-34.7464],[-58.6088,-34.7451],[-58.6061,-34.741],[-58.6056,-34.7402],[-58.6051,-34.7394],[-58.6044,-34.738],[-58.604,-34.7371],[-58.6035,-34.7359],[-58.6031,-34.7344],[-58.6026,-34.7327],[-58.6011,-34.7296],[-58.6006,-34.7286],[-58.5996,-34.7267],[-58.5991,-34.7258],[-58.5987,-34.7248],[-58.5977,-34.7227],[-58.5976,-34.7225],[-58.5964,-34.7199],[-58.5963,-34.7198],[-58.5952,-34.718],[-58.5942,-34.7167],[-58.5921,-34.7137],[-58.5911,-34.7126],[-58.5904,-34.712],[-58.5887,-34.7103],[-58.5887,-34.7102],[-58.5873,-34.7089],[-58.5868,-34.7085],[-58.5858,-34.7074],[-58.5852,-34.7068],[-58.5838,-34.7053],[-58.5838,-34.7052],[-58.5834,-34.7048],[-58.5824,-34.7038],[-58.5817,-34.703],[-58.5816,-34.7029],[-58.581,-34.7024],[-58.5804,-34.7018],[-58.58,-34.7014],[-58.5798,-34.7012],[-58.5792,-34.7005],[-58.5785,-34.6998],[-58.5781,-34.6992],[-58.5776,-34.6986],[-58.5767,-34.6976],[-58.5762,-34.6971],[-58.5756,-34.6963],[-58.5746,-34.6952],[-58.5736,-34.6941],[-58.5729,-34.6934],[-58.5719,-34.6925],[-58.5719,-34.6924],[-58.5716,-34.6922],[-58.5694,-34.6907],[-58.5682,-34.69],[-58.5671,-34.6893],[-58.566,-34.6887],[-58.5634,-34.6872],[-58.5615,-34.6862],[-58.5608,-34.686],[-58.5602,-34.686],[-58.5599,-34.6857],[-58.5598,-34.6857],[-58.5601,-34.6853],[-58.5607,-34.6852],[-58.5612,-34.6856],[-58.5617,-34.6861],[-58.5627,-34.6865],[-58.5637,-34.687],[-58.5646,-34.6876],[-58.5663,-34.6886],[-58.5672,-34.6892],[-58.5684,-34.6899],[-58.5696,-34.6906],[-58.5708,-34.6913],[-58.5717,-34.6921],[-58.572,-34.6923],[-58.5732,-34.6934],[-58.5738,-34.6939],[-58.5748,-34.6951],[-58.5763,-34.6968],[-58.5765,-34.6969],[-58.5767,-34.6972],[-58.5785,-34.6993],[-58.58,-34.7011],[-58.5803,-34.7013],[-58.5809,-34.7019],[-58.5812,-34.7022],[-58.5819,-34.703],[-58.5821,-34.7032],[-58.5828,-34.7038],[-58.5835,-34.7046],[-58.5841,-34.7054],[-58.5857,-34.707],[-58.586,-34.7073],[-58.5865,-34.7078],[-58.587,-34.7083],[-58.5879,-34.7092],[-58.5888,-34.7101],[-58.5906,-34.7118],[-58.5915,-34.7127],[-58.5923,-34.7132]],[[-58.5915,-34.7127],[-58.5923,-34.7135],[-58.5943,-34.7165],[-58.5944,-34.7166],[-58.5956,-34.7182],[-58.596,-34.7189],[-58.5964,-34.7195],[-58.5965,-34.7196],[-58.5966,-34.7197],[-58.5967,-34.7199],[-58.5969,-34.7204],[-58.5973,-34.7213],[-58.5989,-34.7247],[-58.6007,-34.7286],[-58.6023,-34.7316],[-58.6028,-34.7326],[-58.6029,-34.7328],[-58.6031,-34.7336],[-58.6033,-34.7343],[-58.6038,-34.7357],[-58.6049,-34.7385],[-58.6053,-34.7393],[-58.6058,-34.74],[-58.6063,-34.7409],[-58.6076,-34.7428],[-58.6082,-34.7438],[-58.609,-34.745],[-58.611,-34.748],[-58.6113,-34.7485],[-58.6117,-34.7491],[-58.6131,-34.7512],[-58.6141,-34.7527],[-58.6143,-34.7532],[-58.6146,-34.7544],[-58.6148,-34.7557],[-58.6151,-34.7568],[-58.6159,-34.7596],[-58.6159,-34.7599],[-58.6162,-34.7608],[-58.6171,-34.764],[-58.6188,-34.7682],[-58.6208,-34.7725],[-58.6219,-34.7749],[-58.6222,-34.7757],[-58.6235,-34.7794],[-58.6236,-34.7796],[-58.6245,-34.7818],[-58.6248,-34.7823],[-58.6273,-34.7862],[-58.6332,-34.7951],[-58.6323,-34.8041],[-58.6325,-34.8043],[-58.635,-34.8082],[-58.6363,-34.8104],[-58.6379,-34.8134],[-58.6388,-34.8149],[-58.6398,-34.8169],[-58.6413,-34.8196],[-58.6429,-34.8225],[-58.6452,-34.8268],[-58.6485,-34.8329],[-58.6493,-34.8345],[-58.6493,-34.8346],[-58.6509,-34.8377],[-58.652,-34.8399],[-58.652,-34.84],[-58.6534,-34.8438],[-58.6563,-34.8529],[-58.6623,-34.8591],[-58.6645,-34.8611],[-58.6648,-34.8614],[-58.6715,-34.8698],[-58.6724,-34.8711],[-58.6733,-34.8723],[-58.6745,-34.8741],[-58.6755,-34.8755],[-58.6761,-34.8764],[-58.6776,-34.8785],[-58.6797,-34.8816],[-58.6812,-34.8838],[-58.6813,-34.8838],[-58.6849,-34.8897],[-58.6868,-34.8918],[-58.693,-34.8988],[-58.695,-34.9011],[-58.6963,-34.9025],[-58.6964,-34.9026],[-58.698,-34.9044],[-58.7009,-34.9062],[-58.7073,-34.9095],[-58.7074,-34.9095],[-58.7106,-34.9111],[-58.713,-34.9124],[-58.7198,-34.9157],[-58.7215,-34.9224],[-58.7215,-34.9228],[-58.7223,-34.9327],[-58.7225,-34.9351],[-58.7225,-34.9352],[-58.732,-34.9583],[-58.7331,-34.9606],[-58.7364,-34.9674],[-58.745,-34.9848],[-58.7455,-34.9858],[-58.7472,-35.0183],[-58.7477,-35.0189],[-58.7467,-35.0192]],[[-58.8078,-35.431],[-58.8079,-35.4302],[-58.8084,-35.4266],[-58.8091,-35.4205],[-58.8092,-35.42],[-58.8097,-35.4158],[-58.81,-35.4139],[-58.8107,-35.4085],[-58.8117,-35.3999],[-58.8119,-35.3937]],[[-58.8077,-35.4327],[-58.808,-35.4323],[-58.8095,-35.4328]],[[-58.7468,-35.0205],[-58.7476,-35.0203],[-58.7473,-35.0216]],[[-58.5612,-34.6856],[-58.561,-34.6859],[-58.5608,-34.686]],[[-58.5973,-34.7213],[-58.5974,-34.7215]],[[-58.5954,-34.7176],[-58.5956,-34.7182]],[[-58.7454,-35.0261],[-58.7454,-35.0262],[-58.7449,-35.0267],[-58.7447,-35.0267]],[[-58.7477,-35.0189],[-58.7479,-35.019],[-58.7479,-35.0199],[-58.7476,-35.0203]],[[-58.744,-35.0258],[-58.7441,-35.0257],[-58.7448,-35.0253],[-58.7449,-35.0254]],[[-58.8079,-35.4322],[-58.808,-35.4323]],[[-58.8108,-35.3916],[-58.8113,-35.3914]],[[-58.8118,-35.3921],[-58.8112,-35.3923]],[[-58.8571,-35.5138],[-58.8385,-35.4543],[-58.8362,-35.4473],[-58.8347,-35.4429],[-58.8332,-35.4388],[-58.8122,-35.3947]],[[-58.8505,-35.6556],[-58.8503,-35.651]]]}},{"type":"Feature","properties":{"ref":"RN 5"},"geometry":{"type":"MultiLineString","coordinates":[[[-64.2703,-36.6202],[-64.2702,-36.6202],[-64.268,-36.6196],[-64.2671,-36.6193],[-64.2683,-36.6196],[-64.2695,-36.6199],[-64.2702,-36.6201],[-64.2703,-36.6201]],[[-62.7491,-36.0144],[-62.7487,-36.0149],[-62.75,-36.0152],[-62.7491,-36.0144],[-62.7485,-36.014],[-62.7483,-36.0141],[-62.7479,-36.0145],[-62.747,-36.0137],[-62.7483,-36.0141]],[[-62.7169,-35.9985],[-62.7152,-35.9978],[-62.7155,-35.9974],[-62.7169,-35.9985],[-62.7411,-36.0107],[-62.747,-36.0137]],[[-62.75,-36.0152],[-62.7546,-36.0175],[-62.7553,-36.0179],[-62.7623,-36.0215],[-63.0276,-36.1769],[-63.1457,-36.2721],[-63.147,-36.2731],[-63.1504,-36.276],[-63.1506,-36.2761],[-63.1508,-36.2763],[-63.1532,-36.2782],[-63.1535,-36.2784],[-63.1538,-36.2787],[-63.1564,-36.2807],[-63.2418,-36.3403],[-63.2526,-36.3477],[-63.2529,-36.3478],[-63.2531,-36.348],[-63.2579,-36.3512],[-63.2695,-36.3591],[-63.2746,-36.3626],[-63.3212,-36.394],[-63.3858,-36.4106],[-63.3885,-36.4109],[-63.4058,-36.4129],[-63.4136,-36.4138],[-63.4297,-36.4187],[-63.4375,-36.4191],[-63.4384,-36.419],[-63.4386,-36.419],[-63.4399,-36.4189],[-63.4574,-36.4224],[-63.663,-36.4931],[-63.6635,-36.4932],[-63.6645,-36.4935],[-63.6646,-36.4935],[-63.666,-36.4939],[-63.6665,-36.494],[-63.7986,-36.5375],[-63.8584,-36.5377],[-63.8591,-36.5377],[-63.8597,-36.5377],[-63.8602,-36.5377],[-63.8613,-36.5376],[-63.943,-36.5374],[-63.9435,-36.5374],[-63.9443,-36.5374],[-63.9452,-36.5374],[-63.9458,-36.5374],[-64.0068,-36.5373],[-64.0084,-36.5373],[-64.0095,-36.5373],[-64.0117,-36.5373],[-64.2172,-36.5927],[-64.2477,-36.6167],[-64.2494,-36.6168],[-64.2499,-36.6168],[-64.2509,-36.6168],[-64.2519,-36.6168],[-64.253,-36.6168],[-64.254,-36.6168],[-64.253,-36.6169],[-64.252,-36.6169],[-64.2519,-36.6169],[-64.2509,-36.6169],[-64.2499,-36.6168]],[[-64.254,-36.6168],[-64.2561,-36.6168],[-64.2597,-36.6172],[-64.2621,-36.6179],[-64.2635,-36.6183],[-64.264,-36.6184],[-64.2646,-36.6186],[-64.2671,-36.6193]],[[-62.7487,-36.0149],[-62.7486,-36.015],[-62.748,-36.0146],[-62.7479,-36.0145]],[[-64.2646,-36.6186],[-64.264,-36.6184]],[[-59.0546,-34.5699],[-59.0575,-34.5684],[-59.0597,-34.5673],[-59.0625,-34.5679],[-59.0632,-34.5682],[-59.0649,-34.5691],[-59.0651,-34.5691],[-59.0791,-34.5751],[-59.0818,-34.5768],[-59.0878,-34.582],[-59.1087,-34.5908],[-59.1098,-34.5912],[-59.114,-34.5928],[-59.1179,-34.595],[-59.1184,-34.5953],[-59.1549,-34.6047],[-59.1556,-34.6048],[-59.1683,-34.607],[-59.1777,-34.6101],[-59.1925,-34.6148],[-59.1928,-34.6149],[-59.2457,-34.6317],[-59.253,-34.634],[-59.282,-34.6424],[-59.2904,-34.6442],[-59.2927,-34.6447],[-59.2971,-34.6455],[-59.3001,-34.646],[-59.3005,-34.6461],[-59.3144,-34.6487],[-59.316,-34.649],[-59.3278,-34.6512],[-59.3288,-34.6514],[-59.3414,-34.6537],[-59.3506,-34.6554],[-59.3586,-34.6569],[-59.3662,-34.6583],[-59.3818,-34.6612],[-59.3826,-34.6614],[-59.3889,-34.6625],[-59.4,-34.6646],[-59.4057,-34.6658],[-59.4072,-34.6662],[-59.4084,-34.6665],[-59.4087,-34.6668],[-59.4106,-34.6682],[-59.4085,-34.6674],[-59.4069,-34.6667],[-59.4037,-34.6656],[-59.3904,-34.6631],[-59.3821,-34.6616],[-59.3814,-34.6614],[-59.3658,-34.6585],[-59.3585,-34.6571],[-59.3511,-34.6558],[-59.3431,-34.6543],[-59.3287,-34.6516],[-59.3277,-34.6514],[-59.3084,-34.6478],[-59.3066,-34.6475],[-59.3033,-34.6469],[-59.3005,-34.6464],[-59.3001,-34.6463],[-59.2981,-34.6459],[-59.2976,-34.6458],[-59.2957,-34.6454],[-59.2931,-34.6449],[-59.292,-34.6448],[-59.2528,-34.6342],[-59.2455,-34.632],[-59.1927,-34.6151],[-59.1924,-34.615],[-59.1775,-34.6103],[-59.1675,-34.6071],[-59.1556,-34.605],[-59.1549,-34.605],[-59.1266,-34.6004],[-59.1182,-34.5956],[-59.1177,-34.5952],[-59.0877,-34.5821],[-59.0809,-34.5764],[-59.0798,-34.5758],[-59.0792,-34.5754],[-59.0691,-34.5711],[-59.067,-34.5703],[-59.066,-34.57],[-59.0648,-34.5696],[-59.0646,-34.5696],[-59.0552,-34.5698]],[[-59.4106,-34.6682],[-59.4124,-34.6696],[-59.4161,-34.6721],[-59.4364,-34.6841],[-59.4545,-34.6921],[-59.4563,-34.6928],[-59.4577,-34.6934],[-59.4593,-34.694],[-59.5024,-34.7144],[-59.5026,-34.7144],[-59.5568,-34.7352],[-59.557,-34.7352],[-59.6339,-34.7649],[-59.6341,-34.765],[-59.6743,-34.7804],[-59.7991,-34.8218],[-59.7996,-34.822],[-59.8636,-34.8443],[-59.8645,-34.8446],[-59.9253,-34.8667],[-59.9557,-34.8966],[-59.9568,-34.8977],[-59.9575,-34.8984],[-59.9576,-34.8984],[-59.9592,-34.8993],[-59.9827,-34.9179],[-59.9862,-34.9209],[-59.987,-34.9214],[-59.9874,-34.9218],[-59.9878,-34.9225],[-59.9871,-34.922],[-59.9867,-34.9216],[-59.9862,-34.9209]],[[-59.9878,-34.9225],[-59.9919,-34.9262],[-60.0196,-34.952],[-60.0199,-34.9523],[-60.0615,-34.9653],[-60.1059,-35.006],[-60.1081,-35.008],[-60.1134,-35.0127],[-60.1156,-35.0136],[-60.1163,-35.0137],[-60.1169,-35.0138],[-60.1742,-35.0219],[-60.1745,-35.022],[-60.179,-35.0226],[-60.1791,-35.0226],[-60.2306,-35.0396],[-60.2309,-35.0397],[-60.2324,-35.0405],[-60.2326,-35.0405],[-60.2365,-35.0425],[-60.2622,-35.0533],[-60.2628,-35.0535],[-60.2632,-35.0539],[-60.2634,-35.0535],[-60.2628,-35.0535]],[[-60.2634,-35.0535],[-60.2635,-35.0535],[-60.2636,-35.0535],[-60.2645,-35.0539],[-60.265,-35.0543],[-60.2776,-35.0588],[-60.2924,-35.0625],[-60.2934,-35.0627],[-60.3938,-35.0916],[-60.3939,-35.0917],[-60.3952,-35.0929],[-60.4101,-35.1059],[-60.4104,-35.1061],[-60.4291,-35.1168],[-60.4351,-35.1216],[-60.4357,-35.1222],[-60.436,-35.1224],[-60.437,-35.1232],[-60.4375,-35.1236],[-60.438,-35.124],[-60.4422,-35.1278],[-60.4429,-35.1283],[-60.4436,-35.1291],[-60.4442,-35.1296],[-60.4456,-35.1309],[-60.4467,-35.1318],[-60.4492,-35.134],[-60.4502,-35.1348],[-60.45,-35.135],[-60.4492,-35.134]],[[-61.9116,-35.849],[-61.8991,-35.8452],[-61.9116,-35.849],[-62.3667,-35.8598],[-62.4637,-35.8854],[-62.4644,-35.8856],[-62.5762,-35.9282],[-62.5764,-35.9283],[-62.691,-35.9854],[-62.696,-35.9879],[-62.7133,-35.9966],[-62.7147,-35.9975],[-62.7148,-35.9976],[-62.7151,-35.9978],[-62.7152,-35.9978]],[[-60.4442,-35.1296],[-60.4435,-35.1291],[-60.4429,-35.1285],[-60.4418,-35.1276],[-60.4382,-35.1244],[-60.4375,-35.1237],[-60.437,-35.1233],[-60.436,-35.1224]],[[-60.8498,-35.4685],[-60.8509,-35.4688],[-60.8595,-35.4733],[-60.8614,-35.4743],[-60.8653,-35.4763],[-60.8692,-35.4783],[-60.8919,-35.49],[-60.9016,-35.495],[-60.8996,-35.4939],[-60.8919,-35.49]],[[-60.849,-35.4681],[-60.8485,-35.4675],[-60.8493,-35.4678]],[[-61.3531,-35.6368],[-61.3536,-35.6369],[-61.3599,-35.6397],[-61.36,-35.6397],[-61.3601,-35.6398],[-61.3602,-35.6399],[-61.3603,-35.6399],[-61.3605,-35.64],[-61.3621,-35.6407],[-61.3653,-35.6421],[-61.375,-35.6464],[-61.3754,-35.6466],[-61.3755,-35.6467],[-61.3762,-35.647],[-61.3763,-35.647],[-61.3764,-35.6471],[-61.3766,-35.6471],[-61.3954,-35.6555],[-61.3962,-35.6558],[-61.3972,-35.6563],[-61.3982,-35.6567],[-61.4031,-35.6589],[-61.467,-35.6871],[-61.6299,-35.7198],[-61.6352,-35.72],[-61.6393,-35.7201],[-61.644,-35.7203],[-61.6512,-35.7206],[-61.7649,-35.7607],[-61.8599,-35.8333],[-61.8603,-35.8337]],[[-62.7133,-35.9966],[-62.715,-35.9972],[-62.7151,-35.9972],[-62.7154,-35.9974],[-62.7155,-35.9974]],[[-60.85,-35.4681],[-60.8509,-35.4688]],[[-61.8755,-35.8383],[-61.8748,-35.8378],[-61.8758,-35.838],[-61.8759,-35.838],[-61.8758,-35.838]],[[-61.8991,-35.8452],[-61.8772,-35.8386],[-61.8761,-35.8386]],[[-60.4555,-35.1394],[-60.4563,-35.1403],[-60.48,-35.1611],[-60.526,-35.2017],[-60.5443,-35.2387],[-60.6407,-35.323],[-60.7019,-35.3596],[-60.7029,-35.3604],[-60.703,-35.3605],[-60.7038,-35.3613],[-60.7029,-35.3605],[-60.7028,-35.3605],[-60.7019,-35.3596]],[[-60.45,-35.135],[-60.4502,-35.1352],[-60.4511,-35.1357],[-60.4516,-35.1362],[-60.4537,-35.138],[-60.4544,-35.1386],[-60.4552,-35.1391],[-60.4549,-35.1394],[-60.4552,-35.1396],[-60.4555,-35.1393],[-60.4552,-35.1391]],[[-60.7038,-35.3613],[-60.7552,-35.3985],[-60.7554,-35.3986],[-60.7774,-35.4114],[-60.8238,-35.4516],[-60.8361,-35.46],[-60.8485,-35.4675]],[[-60.4563,-35.1403],[-60.4553,-35.1396]],[[-60.265,-35.0543],[-60.2643,-35.0543],[-60.2638,-35.0542],[-60.2632,-35.0539]],[[-59.4593,-34.694],[-59.4563,-34.6929],[-59.4545,-34.6921]],[[-60.4549,-35.1393],[-60.4544,-35.1386]],[[-60.4502,-35.1348],[-60.4503,-35.1348],[-60.4505,-35.135],[-60.4511,-35.1357]],[[-59.0676,-34.5706],[-59.065,-34.5692],[-59.0648,-34.5691],[-59.0631,-34.5683],[-59.0624,-34.568],[-59.0584,-34.568]],[[-61.8763,-35.8383],[-61.8772,-35.8386]],[[-60.9016,-35.495],[-61.0419,-35.5559],[-61.3271,-35.6259],[-61.334,-35.6281],[-61.352,-35.6362],[-61.3525,-35.6366]],[[-61.3536,-35.6369],[-61.3532,-35.6366],[-61.3532,-35.6365],[-61.3532,-35.6366]],[[-61.352,-35.6362],[-61.3526,-35.6363]],[[-61.861,-35.8335],[-61.8616,-35.8338],[-61.8609,-35.8339]],[[-61.8616,-35.8338],[-61.8624,-35.8341],[-61.8739,-35.8376],[-61.8748,-35.8378]],[[-59.9557,-34.8966],[-59.9571,-34.8974],[-59.9579,-34.898],[-59.9579,-34.8981],[-59.9592,-34.8993]],[[-60.1059,-35.006],[-60.1073,-35.0071],[-60.1078,-35.0076],[-60.1134,-35.0126],[-60.1156,-35.0136]],[[-59.9867,-34.9216],[-59.987,-34.9214]],[[-59.9874,-34.9218],[-59.9871,-34.922]],[[-61.8599,-35.8333],[-61.8605,-35.8334]],[[-62.7147,-35.9975],[-62.715,-35.9972]],[[-60.4505,-35.135],[-60.4502,-35.1352]],[[-60.2645,-35.0539],[-60.2643,-35.0543]]]}},{"type":"Feature","properties":{"ref":"RN 7"},"geometry":{"type":"MultiLineString","coordinates":[[[-58.5299,-34.6346],[-58.5345,-34.6346],[-58.5373,-34.6345],[-58.5376,-34.6344],[-58.5385,-34.6341],[-58.5388,-34.634],[-58.5429,-34.6326],[-58.5611,-34.63],[-58.5618,-34.6301],[-58.5677,-34.6307],[-58.57,-34.631],[-58.5746,-34.6311],[-58.5752,-34.6311],[-58.58,-34.6311],[-58.5825,-34.6311],[-58.5957,-34.6321],[-58.6072,-34.6323],[-58.6197,-34.6326],[-58.6247,-34.6327],[-58.629,-34.6326],[-58.6297,-34.6326],[-58.6314,-34.6325],[-58.6316,-34.6325],[-58.632,-34.6325],[-58.6361,-34.6322],[-58.6414,-34.6317],[-58.6422,-34.6317],[-58.65,-34.6312],[-58.6576,-34.6321],[-58.6619,-34.6327],[-58.6685,-34.6324],[-58.6695,-34.6322],[-58.6723,-34.6317],[-58.676,-34.6309],[-58.6798,-34.6305],[-58.684,-34.6298],[-58.6886,-34.6292],[-58.689,-34.6291],[-58.6906,-34.6289],[-58.691,-34.6289],[-58.6956,-34.6285],[-58.7014,-34.6281],[-58.7164,-34.6283],[-58.7239,-34.6282],[-58.7249,-34.6281],[-58.7298,-34.628],[-58.7392,-34.6294],[-58.747,-34.6317],[-58.7495,-34.6327],[-58.761,-34.6343],[-58.7689,-34.6351],[-58.7773,-34.6355],[-58.7804,-34.6355],[-58.785,-34.6355],[-58.7861,-34.6354],[-58.7911,-34.6343],[-58.7916,-34.6341],[-58.7939,-34.6331],[-58.7951,-34.6325],[-58.7971,-34.6314],[-58.7973,-34.6313],[-58.8072,-34.6278],[-58.8125,-34.6263],[-58.815,-34.6256],[-58.8369,-34.6196],[-58.8422,-34.6182],[-58.8648,-34.6116],[-58.8667,-34.611],[-58.867,-34.6109],[-58.8721,-34.6094],[-58.9071,-34.6013],[-58.9327,-34.5969],[-58.9393,-34.5952],[-58.9433,-34.5942],[-58.9475,-34.5932],[-58.9479,-34.5931],[-58.9522,-34.5921],[-58.9681,-34.5886],[-58.9728,-34.5876],[-58.9938,-34.583],[-58.9963,-34.5825],[-58.997,-34.5824],[-58.9984,-34.5821],[-59.0012,-34.5815],[-59.0025,-34.5812],[-59.005,-34.5805],[-59.006,-34.5803],[-59.0075,-34.5798],[-59.0096,-34.5795],[-59.0136,-34.5785],[-59.0153,-34.5782],[-59.0161,-34.578],[-59.019,-34.5775],[-59.0412,-34.5728],[-59.0546,-34.5699],[-59.0678,-34.567],[-59.0719,-34.5661],[-59.0777,-34.5648],[-59.0779,-34.5648],[-59.0882,-34.5617],[-59.0885,-34.5616],[-59.0906,-34.5605],[-59.0993,-34.5564],[-59.1001,-34.556],[-59.1103,-34.551],[-59.1151,-34.5491],[-59.1165,-34.5486],[-59.1173,-34.5483],[-59.1196,-34.5475],[-59.1278,-34.5448],[-59.1385,-34.5422],[-59.1439,-34.5428],[-59.1544,-34.544],[-59.1571,-34.5443],[-59.1573,-34.5443],[-59.1591,-34.5446],[-59.1611,-34.5451],[-59.1618,-34.5454],[-59.1621,-34.5455],[-59.163,-34.5459],[-59.1633,-34.546],[-59.166,-34.547],[-59.1691,-34.5475],[-59.1714,-34.5477],[-59.187,-34.5495],[-59.1912,-34.5499],[-59.1918,-34.5499],[-59.1938,-34.5498],[-59.1947,-34.5496],[-59.1954,-34.5494],[-59.1981,-34.5483],[-59.2306,-34.5439],[-59.3074,-34.5204],[-59.3083,-34.5201],[-59.3085,-34.5199],[-59.3088,-34.5198],[-59.3089,-34.5197],[-59.3092,-34.5196],[-59.3103,-34.519],[-59.33,-34.5087],[-59.331,-34.5082],[-59.3347,-34.5061],[-59.335,-34.506],[-59.3382,-34.5035],[-59.3948,-34.4649],[-59.3992,-34.4637],[-59.4048,-34.4623],[-59.406,-34.4621],[-59.4467,-34.4656],[-59.4501,-34.466],[-59.4505,-34.466],[-59.4531,-34.4662],[-59.4664,-34.4675],[-59.4666,-34.4675],[-59.4883,-34.4627],[-59.5586,-34.4623],[-59.5671,-34.4624],[-59.6807,-34.4551],[-59.685,-34.4544],[-59.6879,-34.4536],[-59.7309,-34.4342],[-59.7379,-34.4314],[-59.8051,-34.4077],[-59.8055,-34.4076],[-59.8208,-34.4053],[-59.8056,-34.4077],[-59.8052,-34.4078],[-59.7379,-34.4316],[-59.7312,-34.4343],[-59.6888,-34.4536],[-59.6818,-34.4552],[-59.5734,-34.4627],[-59.5669,-34.4626],[-59.5586,-34.4624],[-59.4884,-34.4628],[-59.4666,-34.4677],[-59.4663,-34.4677],[-59.4542,-34.4665],[-59.4503,-34.4662],[-59.4499,-34.4661],[-59.4494,-34.4661],[-59.4461,-34.4658],[-59.4092,-34.4621],[-59.4059,-34.4623],[-59.4025,-34.4631],[-59.3956,-34.4648],[-59.3384,-34.5037],[-59.3356,-34.5058],[-59.3346,-34.5065],[-59.3314,-34.5082],[-59.3301,-34.5089],[-59.3103,-34.5191],[-59.3097,-34.5195],[-59.3094,-34.5197],[-59.3092,-34.5198],[-59.309,-34.5199],[-59.3089,-34.52],[-59.3083,-34.5202],[-59.3075,-34.5206],[-59.2305,-34.5441],[-59.2115,-34.5462],[-59.1957,-34.5495],[-59.1949,-34.5497],[-59.1919,-34.5501],[-59.1903,-34.55],[-59.187,-34.5496],[-59.1697,-34.5477],[-59.1676,-34.5475],[-59.166,-34.5471],[-59.1632,-34.546],[-59.1629,-34.5459],[-59.1621,-34.5456],[-59.1618,-34.5455],[-59.1611,-34.5452],[-59.159,-34.5447],[-59.1573,-34.5444],[-59.157,-34.5444],[-59.1533,-34.544],[-59.1438,-34.5429],[-59.1385,-34.5423],[-59.1278,-34.5449],[-59.1196,-34.5476],[-59.1174,-34.5484],[-59.1166,-34.5487],[-59.1151,-34.5492],[-59.1107,-34.551],[-59.1002,-34.5561],[-59.0993,-34.5565],[-59.0887,-34.5616],[-59.0884,-34.5618],[-59.0855,-34.563],[-59.0779,-34.5649],[-59.0777,-34.5649],[-59.0724,-34.5661],[-59.0679,-34.5671],[-59.0552,-34.5698],[-59.0414,-34.5728],[-59.0367,-34.5739],[-59.0181,-34.5778],[-59.0161,-34.5782],[-59.0153,-34.5783],[-59.0133,-34.5787],[-59.0114,-34.5791],[-59.01,-34.5795],[-59.0092,-34.5797],[-59.0077,-34.5802],[-59.0049,-34.5807],[-58.9994,-34.582],[-58.9971,-34.5825],[-58.9965,-34.5826],[-58.9949,-34.5829],[-58.9718,-34.5879],[-58.9675,-34.5889],[-58.9522,-34.5922],[-58.9479,-34.5932],[-58.9475,-34.5933],[-58.9432,-34.5944],[-58.9392,-34.5954],[-58.9333,-34.5969],[-58.9067,-34.6015],[-58.8721,-34.6096],[-58.8668,-34.6111],[-58.8423,-34.6182],[-58.8365,-34.6198],[-58.8123,-34.6265],[-58.8075,-34.6278],[-58.7974,-34.6313],[-58.7972,-34.6314],[-58.7959,-34.6322],[-58.7933,-34.6335],[-58.7917,-34.6342],[-58.7911,-34.6344],[-58.7887,-34.6351],[-58.7862,-34.6355],[-58.785,-34.6356],[-58.7824,-34.6358],[-58.7812,-34.6358],[-58.7764,-34.6358],[-58.7671,-34.6351],[-58.7598,-34.6345],[-58.7486,-34.6326],[-58.7451,-34.6311],[-58.7375,-34.6293],[-58.733,-34.6285],[-58.7249,-34.6284],[-58.724,-34.6284],[-58.7167,-34.6285],[-58.7152,-34.6285],[-58.7075,-34.6284],[-58.707,-34.6284],[-58.6994,-34.6285],[-58.6954,-34.6288],[-58.691,-34.6291],[-58.6906,-34.6292],[-58.689,-34.6293],[-58.6886,-34.6294],[-58.6844,-34.63],[-58.683,-34.6302],[-58.6817,-34.6304],[-58.6804,-34.6306],[-58.6791,-34.6308],[-58.6782,-34.631],[-58.6761,-34.6315],[-58.6729,-34.6318],[-58.6721,-34.632],[-58.6708,-34.6322],[-58.6699,-34.6324],[-58.6668,-34.6329],[-58.6624,-34.6329],[-58.6568,-34.6322],[-58.65,-34.6314],[-58.6423,-34.6318],[-58.6416,-34.6319],[-58.6342,-34.6326],[-58.632,-34.6327],[-58.6315,-34.6327],[-58.6296,-34.6328],[-58.6289,-34.6328],[-58.6247,-34.6328],[-58.621,-34.6328],[-58.584,-34.6314],[-58.5801,-34.6312],[-58.5752,-34.6313],[-58.5746,-34.6313],[-58.569,-34.6311],[-58.5616,-34.6302],[-58.561,-34.6302],[-58.5415,-34.6333],[-58.5386,-34.6343],[-58.5377,-34.6346],[-58.5375,-34.6347],[-58.5342,-34.635],[-58.5323,-34.6346],[-58.53,-34.6349]],[[-62.2902,-34.3788],[-62.2953,-34.3774],[-62.309,-34.3737],[-62.3097,-34.3735],[-62.3502,-34.3642],[-62.3647,-34.3616],[-62.4773,-34.3436],[-62.4994,-34.3384],[-62.4995,-34.3384],[-62.5034,-34.3375],[-62.5518,-34.3217],[-62.5519,-34.3216],[-62.5592,-34.3189],[-62.5597,-34.3187],[-62.597,-34.3044],[-62.5971,-34.3044],[-62.6389,-34.2942],[-62.639,-34.2942],[-62.6898,-34.285],[-62.6906,-34.2848],[-62.6914,-34.2849],[-62.6913,-34.2844],[-62.6906,-34.2848]],[[-65.4302,-33.6513],[-65.4335,-33.65],[-65.4469,-33.648],[-65.4495,-33.6476],[-65.4498,-33.6476],[-65.4517,-33.6473],[-65.4598,-33.6457],[-65.46,-33.6457],[-65.4926,-33.6371],[-65.4977,-33.6361],[-65.498,-33.636],[-65.5001,-33.6356],[-65.5787,-33.611],[-65.5797,-33.6108],[-65.6395,-33.5804],[-65.6405,-33.5799],[-65.8759,-33.4553],[-65.8769,-33.4548],[-65.8888,-33.4489],[-65.8934,-33.4465],[-65.8935,-33.4464],[-65.9825,-33.399],[-65.9826,-33.3989],[-66.0128,-33.3818],[-66.0138,-33.3812],[-66.0664,-33.3594],[-66.0671,-33.3592],[-66.0673,-33.3591],[-66.0678,-33.359],[-66.0699,-33.3584],[-66.0716,-33.3579],[-66.1148,-33.3457],[-66.1257,-33.3427],[-66.2765,-33.3043],[-66.2767,-33.3043],[-66.2811,-33.3048],[-66.2813,-33.3049],[-66.2824,-33.305],[-66.2826,-33.305],[-66.2907,-33.306],[-66.2916,-33.3061],[-66.306,-33.3328],[-66.3637,-33.351],[-66.3753,-33.3418],[-66.3755,-33.3414],[-66.3894,-33.3283],[-66.406,-33.3314],[-66.407,-33.3316],[-66.4393,-33.338],[-66.4404,-33.3383],[-66.8011,-33.4097],[-66.8023,-33.4099],[-66.9241,-33.437],[-66.9253,-33.4372],[-67.025,-33.4263],[-67.0276,-33.4259],[-67.0288,-33.4257],[-67.0306,-33.4254],[-67.1148,-33.4131],[-67.1164,-33.4129],[-67.1216,-33.4122],[-67.123,-33.4118],[-67.1235,-33.4118],[-67.1236,-33.4117],[-67.1246,-33.4116],[-67.1253,-33.4115],[-67.1263,-33.4113],[-67.1303,-33.4106],[-67.1372,-33.409],[-67.1378,-33.4088],[-67.1494,-33.4052],[-67.1495,-33.4052],[-67.1513,-33.4043],[-67.152,-33.404],[-67.1526,-33.4038],[-67.1537,-33.4033],[-67.1538,-33.4033],[-67.1549,-33.4028],[-67.1594,-33.4009],[-67.1632,-33.3992],[-67.1808,-33.3951],[-67.2493,-33.4014],[-67.4421,-33.4205],[-67.4465,-33.4212],[-67.4475,-33.4214],[-67.453,-33.4222],[-67.4673,-33.4252],[-67.4924,-33.4324],[-67.4974,-33.434],[-67.5004,-33.4352],[-67.5024,-33.4358],[-67.5025,-33.4358],[-67.5281,-33.4428],[-67.5306,-33.4433],[-67.5332,-33.4439],[-67.5603,-33.4566],[-67.5604,-33.4568],[-67.5666,-33.4597],[-67.5915,-33.4553],[-67.5958,-33.4545],[-67.8309,-33.3797],[-67.8338,-33.3787],[-67.991,-33.3129],[-68.1565,-33.2322],[-68.1572,-33.2319],[-68.1609,-33.2304],[-68.2718,-33.1555],[-68.3863,-33.0933],[-68.3906,-33.0918],[-68.3909,-33.0917],[-68.3955,-33.0901],[-68.4099,-33.0853],[-68.4101,-33.0852],[-68.426,-33.0804],[-68.4263,-33.0803],[-68.4462,-33.0739],[-68.4466,-33.0738],[-68.4763,-33.0648],[-68.4769,-33.0646],[-68.4778,-33.0644],[-68.5012,-33.0508],[-68.5147,-33.042],[-68.5628,-33.0297],[-68.5648,-33.029],[-68.5661,-33.0285],[-68.5685,-33.0275],[-68.5689,-33.028],[-68.5754,-33.0389],[-68.5756,-33.0391],[-68.576,-33.0397],[-68.5761,-33.0398],[-68.5795,-33.0448],[-68.5797,-33.0451],[-68.6365,-33.0688],[-68.6367,-33.0688],[-68.7417,-33.0501],[-68.7418,-33.0502],[-68.7435,-33.0521],[-68.7453,-33.0542],[-68.7502,-33.0692],[-68.7503,-33.0694],[-68.7511,-33.0732],[-68.7511,-33.0733],[-68.7947,-33.0975]],[[-58.7344,-34.6634],[-58.7342,-34.6638],[-58.7341,-34.664],[-58.7337,-34.6649]],[[-68.7949,-33.0978],[-68.8795,-33.1022],[-68.8801,-33.1021],[-68.8832,-33.1019],[-68.8835,-33.1018],[-68.8874,-33.1015],[-68.8878,-33.1014],[-68.8954,-33.1006],[-68.9009,-33.0997],[-68.9453,-33.0898],[-68.9681,-33.0909],[-68.9711,-33.0904],[-68.9776,-33.0893],[-68.9789,-33.0891],[-68.9807,-33.0888],[-69.007,-33.0842],[-69.0278,-33.0807],[-69.0291,-33.0804],[-69.0316,-33.08],[-69.0321,-33.0799],[-69.0363,-33.079],[-69.0378,-33.0784],[-69.0381,-33.0783],[-69.039,-33.0779],[-69.0395,-33.0777],[-69.0848,-33.0827],[-69.1114,-33.0846],[-69.1272,-33.0745],[-69.1654,-33.0463],[-69.17,-33.0369],[-69.1736,-33.0347],[-69.183,-33.023],[-69.1834,-33.0223],[-69.1824,-33.0151],[-69.1824,-33.0147],[-69.1797,-33.006],[-69.1717,-32.9953],[-69.1718,-32.9947],[-69.1722,-32.9923],[-69.1738,-32.9888],[-69.1837,-32.9746],[-69.1866,-32.9718],[-69.1967,-32.967],[-69.1975,-32.9667],[-69.1994,-32.9663],[-69.1998,-32.9661],[-69.202,-32.9655],[-69.2031,-32.9652],[-69.2043,-32.9649],[-69.2098,-32.9628],[-69.2099,-32.9627],[-69.2107,-32.9612],[-69.2111,-32.9602],[-69.2119,-32.958],[-69.2125,-32.9568],[-69.2129,-32.9519],[-69.209,-32.9483],[-69.2139,-32.9383],[-69.2164,-32.9361],[-69.2363,-32.9179],[-69.2637,-32.9139],[-69.2661,-32.9108],[-69.2662,-32.9105],[-69.2614,-32.8905],[-69.2611,-32.8897],[-69.2605,-32.8883],[-69.2601,-32.8873],[-69.2642,-32.85],[-69.3007,-32.8123],[-69.301,-32.8121],[-69.3076,-32.8035],[-69.3081,-32.8031],[-69.31,-32.8021],[-69.3106,-32.8019],[-69.3148,-32.7992],[-69.3193,-32.7788],[-69.3192,-32.7781],[-69.3245,-32.7434],[-69.325,-32.7423],[-69.3251,-32.7419],[-69.3259,-32.7399],[-69.3259,-32.7392],[-69.3259,-32.7389],[-69.326,-32.7385],[-69.326,-32.7378],[-69.3259,-32.737],[-69.3261,-32.7362],[-69.3271,-32.7351],[-69.3282,-32.7333],[-69.3329,-32.7198],[-69.334,-32.7182],[-69.3346,-32.7174],[-69.3357,-32.7159],[-69.3609,-32.685],[-69.361,-32.6848],[-69.3654,-32.678],[-69.3655,-32.6779],[-69.3653,-32.6718],[-69.3643,-32.6701],[-69.3617,-32.643],[-69.3525,-32.6056],[-69.3524,-32.6047],[-69.348,-32.5915],[-69.3482,-32.591],[-69.3511,-32.59],[-69.3517,-32.5898],[-69.3723,-32.5962],[-69.3724,-32.5962],[-69.3807,-32.6024],[-69.4281,-32.6194],[-69.4285,-32.6193],[-69.4308,-32.6189],[-69.431,-32.6189],[-69.4705,-32.6208],[-69.4707,-32.6209],[-69.4904,-32.6302],[-69.4907,-32.6305],[-69.5084,-32.6551],[-69.5122,-32.6588],[-69.5207,-32.683],[-69.5212,-32.6838],[-69.5359,-32.7064],[-69.5431,-32.7162],[-69.5646,-32.7327],[-69.5656,-32.7332],[-69.566,-32.7333],[-69.5664,-32.7334],[-69.5676,-32.7341],[-69.5676,-32.7343],[-69.5848,-32.7514],[-69.585,-32.7515],[-69.5991,-32.7691],[-69.5992,-32.7693],[-69.6151,-32.7831],[-69.6218,-32.7848],[-69.6223,-32.7846],[-69.6349,-32.7854],[-69.6356,-32.7855],[-69.6376,-32.7862],[-69.6386,-32.7864],[-69.6441,-32.7873],[-69.6484,-32.7908],[-69.6487,-32.7913],[-69.6562,-32.7964],[-69.6573,-32.7977],[-69.6575,-32.7977],[-69.6585,-32.7982],[-69.6665,-32.8031],[-69.6676,-32.8035],[-69.6678,-32.8036],[-69.6693,-32.8044],[-69.6733,-32.8089],[-69.6818,-32.8142],[-69.686,-32.8151],[-69.7041,-32.8261],[-69.7059,-32.8268],[-69.7072,-32.8271],[-69.7145,-32.8308],[-69.743,-32.8434],[-69.7444,-32.8432],[-69.7446,-32.8431],[-69.7482,-32.8452],[-69.7567,-32.8498],[-69.7572,-32.8501],[-69.7577,-32.8503],[-69.7661,-32.8572],[-69.7729,-32.8665],[-69.7741,-32.8664],[-69.7784,-32.8643],[-69.8368,-32.8418],[-69.8447,-32.8412],[-69.8553,-32.8373],[-69.8556,-32.8372],[-69.8603,-32.8356],[-69.8628,-32.8345],[-69.8873,-32.8267],[-69.8875,-32.8267],[-69.895,-32.8247],[-69.8954,-32.8247],[-69.9024,-32.8251],[-69.9074,-32.8247],[-69.9186,-32.8218],[-69.9191,-32.822],[-69.92,-32.8223],[-69.9265,-32.8233],[-69.9494,-32.8209],[-70.0408,-32.814],[-70.0456,-32.8141],[-70.0534,-32.8124],[-70.0657,-32.807],[-70.0666,-32.8067],[-70.068,-32.8059],[-70.0666,-32.8067]],[[-64.3939,-33.9305],[-64.3943,-33.9303],[-64.3948,-33.9305],[-64.3965,-33.9301],[-64.398,-33.9302],[-64.4,-33.9305],[-64.4012,-33.9306],[-64.5401,-33.9302],[-64.5407,-33.9302],[-64.6105,-33.9251],[-64.6109,-33.9251],[-64.8242,-33.9006],[-65.0074,-33.9103],[-65.1062,-33.8827],[-65.1093,-33.8788],[-65.1098,-33.8782],[-65.1116,-33.876],[-65.1231,-33.8663],[-65.1246,-33.8655],[-65.1258,-33.8649],[-65.1266,-33.8645],[-65.1306,-33.8625],[-65.1491,-33.853],[-65.15,-33.8526],[-65.1503,-33.8524],[-65.1507,-33.8522],[-65.1509,-33.8521],[-65.1515,-33.8518],[-65.153,-33.8505],[-65.1533,-33.8502],[-65.1603,-33.8473],[-65.2016,-33.8177],[-65.2024,-33.817],[-65.2776,-33.7574],[-65.2778,-33.7572],[-65.3522,-33.696],[-65.353,-33.6954],[-65.3818,-33.673],[-65.3821,-33.6729],[-65.3936,-33.6677],[-65.3937,-33.6677],[-65.4179,-33.6568],[-65.4252,-33.6535],[-65.4291,-33.6517],[-65.4294,-33.6515],[-65.4298,-33.6514],[-65.43,-33.6513],[-65.4334,-33.6499],[-65.4468,-33.6479],[-65.4495,-33.6475],[-65.4498,-33.6475],[-65.4517,-33.6472],[-65.4598,-33.6456],[-65.46,-33.6456],[-65.4925,-33.637],[-65.4977,-33.636],[-65.4979,-33.6359],[-65.5001,-33.6355],[-65.5787,-33.6109],[-65.5796,-33.6106],[-65.6394,-33.5802],[-65.6403,-33.5797],[-65.8758,-33.4552],[-65.8768,-33.4547],[-65.8814,-33.4523],[-65.8933,-33.4464],[-65.8934,-33.4463],[-65.9823,-33.3988],[-65.9825,-33.3987],[-66.0127,-33.3817],[-66.0137,-33.3811],[-66.0625,-33.3604],[-66.0635,-33.3601],[-66.0664,-33.3593],[-66.0669,-33.3591],[-66.0671,-33.3591],[-66.0677,-33.3589],[-66.1147,-33.3456],[-66.1256,-33.3425],[-66.2607,-33.3041],[-66.277,-33.3041],[-66.2773,-33.3041],[-66.2811,-33.3046],[-66.2813,-33.3046],[-66.2825,-33.3047],[-66.2826,-33.3048],[-66.2908,-33.3058],[-66.2916,-33.3059],[-66.3064,-33.3327],[-66.3636,-33.3507],[-66.3751,-33.3415],[-66.3753,-33.3411],[-66.3888,-33.3281],[-66.3908,-33.3282],[-66.406,-33.3313],[-66.407,-33.3315],[-66.4393,-33.3379],[-66.4405,-33.3381],[-66.8012,-33.4095],[-66.8023,-33.4097],[-66.9242,-33.4368],[-66.9253,-33.4371],[-67.0258,-33.426],[-67.0276,-33.4257],[-67.0288,-33.4256],[-67.032,-33.4251],[-67.1119,-33.4133],[-67.1127,-33.4132],[-67.1138,-33.413],[-67.1145,-33.4129],[-67.1147,-33.4129],[-67.1148,-33.4129],[-67.1211,-33.4117],[-67.1217,-33.4118],[-67.1229,-33.4117],[-67.1253,-33.4113],[-67.1303,-33.4106]],[[-62.6913,-34.2844],[-62.6915,-34.2843],[-62.6924,-34.2841],[-62.6927,-34.2842],[-62.6935,-34.2843],[-62.6928,-34.2847]],[[-62.6935,-34.2843],[-62.6942,-34.2842],[-62.7157,-34.2803],[-62.7195,-34.2796],[-62.8648,-34.2476],[-62.8653,-34.2475],[-62.9538,-34.2299],[-62.9541,-34.2299],[-62.9882,-34.2232],[-62.991,-34.2227],[-63.0642,-34.2075],[-63.0658,-34.207],[-63.0674,-34.2064],[-63.1513,-34.1835],[-63.1564,-34.1825],[-63.3641,-34.1489],[-63.3824,-34.1472],[-63.3907,-34.146],[-63.3926,-34.1457],[-63.3932,-34.1456],[-63.3933,-34.1456],[-63.3941,-34.1454],[-63.3954,-34.1453],[-63.3937,-34.1456],[-63.3933,-34.1457],[-63.393,-34.1457],[-63.3907,-34.146]],[[-65.4297,-33.6516],[-65.4293,-33.6518],[-65.4253,-33.6535],[-65.4163,-33.6577],[-65.3937,-33.6679],[-65.3936,-33.6679],[-65.3822,-33.673],[-65.382,-33.6731],[-65.3531,-33.6955],[-65.3523,-33.6962],[-65.278,-33.7574],[-65.2778,-33.7575],[-65.2025,-33.8172],[-65.2017,-33.8178],[-65.1594,-33.848],[-65.159,-33.8482],[-65.1588,-33.8483],[-65.1586,-33.8484],[-65.1572,-33.8492],[-65.1522,-33.8517],[-65.1318,-33.8621],[-65.1307,-33.8627],[-65.1266,-33.8645]],[[-60.4336,-34.6174],[-60.4325,-34.618],[-60.4319,-34.6185],[-60.4313,-34.6191],[-60.4322,-34.6188],[-60.4328,-34.6183],[-60.4336,-34.6174],[-60.4371,-34.6147],[-60.4444,-34.6091],[-60.4487,-34.6057],[-60.4507,-34.6042],[-60.4512,-34.6037],[-60.4671,-34.5914],[-60.4683,-34.5905],[-60.4685,-34.5903],[-60.4694,-34.59],[-60.4692,-34.5898],[-60.4685,-34.5903]],[[-64.3965,-33.9301],[-64.3965,-33.9306],[-64.3943,-33.9306],[-64.392,-33.9305],[-64.3499,-33.9317],[-64.0976,-34.0154],[-64.0974,-34.0154],[-64.031,-34.0369],[-63.9457,-34.0371],[-63.9456,-34.0371],[-63.9313,-34.0371],[-63.9197,-34.0371],[-63.7154,-34.0851],[-63.7151,-34.0852],[-63.6126,-34.11],[-63.6124,-34.1101],[-63.6094,-34.1108],[-63.6092,-34.1108],[-63.4684,-34.1344],[-63.4682,-34.1344],[-63.4273,-34.1405],[-63.4271,-34.1405],[-63.4217,-34.1414],[-63.4209,-34.1415],[-63.4204,-34.1416],[-63.4206,-34.1427],[-63.4212,-34.1416]],[[-60.4704,-34.5904],[-60.4695,-34.59],[-60.4697,-34.5898],[-60.4704,-34.5904],[-60.4706,-34.5905],[-60.4939,-34.611],[-60.4962,-34.6131],[-60.5046,-34.6205],[-60.5101,-34.6253],[-60.5088,-34.6241],[-60.5083,-34.6236],[-60.5078,-34.6232],[-60.5073,-34.6227],[-60.5067,-34.6223],[-60.506,-34.6216],[-60.5046,-34.6205]],[[-61.5122,-34.5116],[-61.5139,-34.511],[-61.5121,-34.511],[-61.511,-34.5113],[-61.5099,-34.5117],[-61.5112,-34.5118]],[[-61.5139,-34.511],[-61.521,-34.5099],[-61.5231,-34.5093],[-61.5241,-34.5093],[-61.5259,-34.5092],[-61.5386,-34.5072],[-61.5459,-34.5062],[-61.5386,-34.5072]],[[-61.5259,-34.5092],[-61.5241,-34.5097]],[[-60.9754,-34.5961],[-60.9777,-34.5957],[-60.9757,-34.5966],[-60.9696,-34.6012],[-60.9655,-34.6046],[-60.9616,-34.6079],[-60.9609,-34.6085],[-60.9577,-34.6111],[-60.9571,-34.6115],[-60.9562,-34.6122],[-60.9555,-34.6128],[-60.9543,-34.6136],[-60.9551,-34.613],[-60.9555,-34.6127],[-60.957,-34.6115],[-60.9574,-34.6112],[-60.9576,-34.611],[-60.9625,-34.607],[-60.9754,-34.5961]],[[-59.8604,-34.417],[-59.8581,-34.4164],[-59.8573,-34.4163],[-59.8572,-34.4163],[-59.8565,-34.4161],[-59.8561,-34.416],[-59.8547,-34.4156],[-59.8565,-34.4162],[-59.8572,-34.4164],[-59.8573,-34.4164],[-59.8581,-34.4165],[-59.8604,-34.417],[-59.8793,-34.4213],[-59.8795,-34.4214],[-59.9061,-34.4328],[-59.9094,-34.4343],[-59.9125,-34.4357],[-59.9138,-34.4362],[-59.9148,-34.4367],[-59.9158,-34.4371],[-59.9173,-34.4378],[-59.9204,-34.4392],[-59.9896,-34.4698],[-59.9902,-34.4698],[-60.0954,-34.4637],[-60.3351,-34.565],[-60.0936,-34.4638],[-60.001,-34.4696],[-59.8257,-34.4043],[-59.8204,-34.4051]],[[-63.421,-34.1413],[-63.4197,-34.1406],[-63.4204,-34.14],[-63.4196,-34.1401],[-63.4164,-34.1421],[-63.4224,-34.144]],[[-63.4216,-34.1422],[-63.4209,-34.1432]],[[-68.5667,-33.0286],[-68.565,-33.0292],[-68.5629,-33.03],[-68.5149,-33.0422],[-68.5014,-33.051],[-68.4771,-33.0648],[-68.4765,-33.065],[-68.4747,-33.0655],[-68.4467,-33.074],[-68.4464,-33.0741],[-68.4265,-33.0805],[-68.4261,-33.0806],[-68.4105,-33.0854],[-68.4102,-33.0855],[-68.3949,-33.0906],[-68.3911,-33.0919],[-68.3908,-33.092],[-68.3866,-33.0935],[-68.1573,-33.2322],[-68.1567,-33.2324],[-67.8339,-33.3791],[-67.8311,-33.3801],[-67.6073,-33.4527],[-67.5962,-33.4549],[-67.5914,-33.4557],[-67.5853,-33.4568],[-67.5603,-33.4569],[-67.5602,-33.4568],[-67.528,-33.4432],[-67.5025,-33.4359],[-67.5024,-33.4359],[-67.4673,-33.4255],[-67.4421,-33.4208],[-67.1808,-33.3951]],[[-68.2051,-33.2072],[-68.2047,-33.207]],[[-68.2063,-33.2057],[-68.2067,-33.2059]],[[-61.5459,-34.5062],[-61.5868,-34.4998],[-61.5909,-34.4988],[-61.822,-34.4569],[-61.8221,-34.4569],[-61.8255,-34.4565],[-61.8287,-34.4561],[-62.1238,-34.399],[-62.1966,-34.3859],[-62.2432,-34.3857],[-62.2602,-34.3857],[-62.2894,-34.379],[-62.2947,-34.3776]],[[-62.3684,-34.3609],[-62.3687,-34.3611]],[[-61.0127,-34.5931],[-61.0087,-34.5935],[-61.0046,-34.5938],[-61.0038,-34.5938],[-61.0,-34.5941],[-60.996,-34.5943],[-61.0,-34.594],[-61.0037,-34.5938],[-61.0045,-34.5937],[-61.0085,-34.5934],[-61.0127,-34.5931],[-61.1029,-34.5775],[-61.1115,-34.5758],[-61.1122,-34.5757],[-61.1192,-34.5743],[-61.3974,-34.5321],[-61.3986,-34.5318],[-61.4019,-34.531],[-61.4033,-34.5307],[-61.4045,-34.5305],[-61.4056,-34.5303],[-61.4057,-34.5303],[-61.4093,-34.5298],[-61.4063,-34.5303],[-61.4057,-34.5304],[-61.4019,-34.531]],[[-68.0841,-33.2617],[-68.0843,-33.262]],[[-68.0821,-33.2633],[-68.0818,-33.263]],[[-63.4206,-34.1427],[-63.422,-34.1429]],[[-63.4197,-34.1406],[-63.4204,-34.1416],[-63.4164,-34.1421],[-63.4054,-34.1438],[-63.398,-34.1449],[-63.4005,-34.1445],[-63.4015,-34.1444],[-63.4054,-34.1438]],[[-64.4,-33.9305],[-64.3978,-33.9308]],[[-60.9777,-34.5957],[-60.9785,-34.5954],[-60.9852,-34.5945],[-60.986,-34.5944],[-60.996,-34.5943]],[[-60.5101,-34.6253],[-60.5615,-34.6561],[-60.7507,-34.6417],[-60.7517,-34.6421],[-60.8924,-34.6637],[-60.9524,-34.6159],[-60.8924,-34.6639],[-60.7515,-34.6422],[-60.7508,-34.6419],[-60.5615,-34.6561]],[[-62.7157,-34.2803],[-62.7167,-34.28],[-62.7187,-34.2797],[-62.7195,-34.2796]],[[-60.3833,-34.5899],[-60.3407,-34.5655],[-60.3351,-34.565],[-60.3797,-34.5898],[-60.3838,-34.5919],[-60.4081,-34.6126],[-60.4084,-34.6129],[-60.4199,-34.6228],[-60.4246,-34.6235],[-60.4254,-34.6233],[-60.4255,-34.6233],[-60.4253,-34.6236],[-60.4246,-34.6235]],[[-62.2922,-34.3781],[-62.2923,-34.3784]],[[-62.2925,-34.3784],[-62.2924,-34.378]],[[-62.2894,-34.379],[-62.2953,-34.3774]],[[-68.9776,-33.0893],[-68.9757,-33.0897],[-68.9742,-33.0899],[-68.9741,-33.0899],[-68.9732,-33.0901],[-68.9711,-33.0904]],[[-69.1975,-32.9667],[-69.1987,-32.9664],[-69.2008,-32.9658],[-69.202,-32.9655]],[[-60.4255,-34.6233],[-60.4263,-34.623],[-60.4313,-34.6191]],[[-60.4263,-34.623],[-60.4257,-34.6236]],[[-59.8288,-34.4041],[-59.8287,-34.4037],[-59.8297,-34.4038],[-59.8288,-34.4041],[-59.8279,-34.4042],[-59.8268,-34.4042],[-59.8278,-34.4038],[-59.828,-34.4037],[-59.8285,-34.4036],[-59.8287,-34.4037]],[[-59.8297,-34.4038],[-59.8508,-34.4131],[-59.8547,-34.4156]],[[-70.068,-32.8059],[-70.0721,-32.8054],[-70.0825,-32.8157]],[[-64.392,-33.9305],[-64.3943,-33.9305],[-64.3948,-33.9305]],[[-61.4093,-34.5298],[-61.4102,-34.5296],[-61.4443,-34.5241],[-61.445,-34.524],[-61.5023,-34.5131],[-61.5024,-34.5131],[-61.5032,-34.513],[-61.5032,-34.5129],[-61.5099,-34.5117]],[[-59.8279,-34.4042],[-59.8278,-34.4038]],[[-68.7946,-33.0978],[-68.7508,-33.0733],[-68.75,-33.0696],[-68.75,-33.0693],[-68.745,-33.0544],[-68.7433,-33.0522],[-68.7416,-33.0504],[-68.7415,-33.0503],[-68.6367,-33.069],[-68.6364,-33.069],[-68.5795,-33.0451],[-68.5793,-33.0448],[-68.576,-33.0399],[-68.5759,-33.0397],[-68.5755,-33.0392],[-68.5753,-33.0389],[-68.5699,-33.0293],[-68.5688,-33.028],[-68.5684,-33.0276],[-68.5682,-33.0278]],[[-68.7949,-33.0975],[-68.8795,-33.1019],[-68.88,-33.1019],[-68.8832,-33.1016],[-68.8835,-33.1016],[-68.8874,-33.1012],[-68.8878,-33.1012],[-68.8954,-33.1006]],[[-61.5231,-34.5098],[-61.521,-34.5099]],[[-59.8208,-34.4053],[-59.8268,-34.4042]],[[-60.9524,-34.6159],[-60.9543,-34.6136]],[[-61.8287,-34.4561],[-61.8278,-34.4563],[-61.8264,-34.4565],[-61.8256,-34.4566],[-61.825,-34.4567],[-61.822,-34.4569]],[[-60.4692,-34.5898],[-60.4693,-34.5897],[-60.4695,-34.5896],[-60.4697,-34.5897],[-60.4697,-34.5898]],[[-60.4695,-34.59],[-60.4694,-34.59]],[[-60.4322,-34.6188],[-60.4319,-34.6185]],[[-60.4325,-34.618],[-60.4328,-34.6183]],[[-63.3954,-34.1453],[-63.3966,-34.1451],[-63.398,-34.1449]],[[-69.1738,-32.9888],[-69.1722,-32.9923]],[[-61.5231,-34.5093],[-61.5241,-34.5093]],[[-61.511,-34.5113],[-61.5121,-34.511]],[[-60.4253,-34.6236],[-60.4254,-34.6233]],[[-62.6927,-34.2842],[-62.6926,-34.2849],[-62.6916,-34.285],[-62.6914,-34.2849]],[[-63.4196,-34.1401],[-63.4196,-34.1385]],[[-64.398,-33.9302],[-64.398,-33.9307],[-64.3974,-33.9308],[-64.3967,-33.9306],[-64.3965,-33.9306]]]}},{"type":"Feature","properties":{"ref":"RN 8"},"geometry":{"type":"MultiLineString","coordinates":[[[-58.6813,-34.4693],[-58.7058,-34.462],[-58.7066,-34.4617],[-58.7087,-34.4611],[-58.7088,-34.461],[-58.7089,-34.461],[-58.7112,-34.4603],[-58.7124,-34.4599],[-58.717,-34.4584],[-58.7213,-34.4571],[-58.7252,-34.4558],[-58.7283,-34.4548],[-58.7316,-34.4537],[-58.7321,-34.4536],[-58.7341,-34.4529],[-58.7387,-34.4515],[-58.7458,-34.4492],[-58.7483,-34.4484],[-58.7488,-34.4483],[-58.7512,-34.4475],[-58.7606,-34.4448],[-58.769,-34.4431],[-58.7798,-34.4412],[-58.7825,-34.4407],[-58.7829,-34.4406],[-58.7867,-34.44],[-58.7875,-34.4398],[-58.7929,-34.439],[-58.7974,-34.4384],[-58.8036,-34.4375],[-58.8037,-34.4375],[-58.8059,-34.4372],[-58.8064,-34.4371],[-58.8092,-34.4367],[-58.8139,-34.436],[-58.8192,-34.4353],[-58.8202,-34.4353],[-58.8206,-34.4353],[-58.8248,-34.4357],[-58.828,-34.4367],[-58.8287,-34.437],[-58.8316,-34.4382],[-58.8326,-34.4385],[-58.8389,-34.4405],[-58.8423,-34.4413],[-58.8451,-34.4418],[-58.8456,-34.4419],[-58.8479,-34.4421],[-58.8544,-34.4425],[-58.8597,-34.4427],[-58.8614,-34.4427],[-58.8648,-34.4429],[-58.8653,-34.443],[-58.8681,-34.4432],[-58.8692,-34.4433],[-58.8698,-34.4434],[-58.8755,-34.4441],[-58.8769,-34.4444],[-58.8803,-34.445],[-58.8807,-34.445],[-58.8834,-34.4455],[-58.8876,-34.4463],[-58.8934,-34.4473],[-58.8943,-34.4475],[-58.9001,-34.4485],[-58.901,-34.4487],[-58.9052,-34.4494],[-58.9059,-34.4495],[-58.9199,-34.4514],[-58.9231,-34.4518],[-58.9235,-34.4519],[-58.9268,-34.4523],[-58.9269,-34.4523],[-58.9328,-34.453],[-58.9358,-34.4533],[-58.9391,-34.4533],[-58.9394,-34.4533],[-58.9401,-34.4533],[-58.9404,-34.4533],[-58.9448,-34.4521],[-58.9455,-34.4517],[-58.9519,-34.4483],[-58.9566,-34.4458],[-58.9573,-34.4454],[-58.964,-34.4419],[-58.9677,-34.4406],[-58.9732,-34.4394],[-58.992,-34.4319],[-58.9932,-34.4309],[-58.9934,-34.4307],[-58.9949,-34.4293],[-59.0086,-34.4078],[-59.0094,-34.407],[-59.0096,-34.4068],[-59.01,-34.4064],[-59.0119,-34.4046],[-59.013,-34.4033],[-59.0134,-34.4029],[-59.0135,-34.4028],[-59.0137,-34.4027],[-59.0142,-34.4023],[-59.0187,-34.3988],[-59.0257,-34.3929],[-59.0276,-34.3917],[-59.0318,-34.3911],[-59.0323,-34.3911],[-59.0343,-34.3912],[-59.0346,-34.3912],[-59.0372,-34.3913],[-59.0434,-34.3912],[-59.0585,-34.3905],[-59.0805,-34.3844],[-59.0856,-34.3821],[-59.0898,-34.3806],[-59.0926,-34.3802],[-59.1063,-34.3779],[-59.1095,-34.3774],[-59.113,-34.3768],[-59.1154,-34.3762],[-59.1188,-34.3744],[-59.1234,-34.3728],[-59.1238,-34.3728],[-59.1306,-34.3736],[-59.1309,-34.3737],[-59.1327,-34.3736],[-59.1364,-34.373],[-59.1431,-34.3719],[-59.1434,-34.3719],[-59.1905,-34.3603],[-59.1912,-34.3601],[-59.2228,-34.348],[-59.2292,-34.3431],[-59.2294,-34.3429],[-59.2452,-34.3309],[-59.2454,-34.3307],[-59.2553,-34.3239],[-59.3173,-34.303],[-59.3282,-34.2994],[-59.3286,-34.2991],[-59.3299,-34.2978],[-59.3319,-34.2962],[-59.332,-34.2961],[-59.3341,-34.2946],[-59.3484,-34.2885],[-59.3485,-34.2885],[-59.359,-34.2857],[-59.3615,-34.2851],[-59.3634,-34.2845],[-59.3636,-34.2845],[-59.3661,-34.2838],[-59.3683,-34.2833],[-59.3889,-34.2777],[-59.3897,-34.2775],[-59.4098,-34.274],[-59.4113,-34.2736],[-59.4151,-34.2696],[-59.4164,-34.2675],[-59.4342,-34.2462],[-59.4569,-34.2262],[-59.4862,-34.2284],[-59.4991,-34.2239],[-59.4995,-34.2238],[-59.508,-34.2208],[-59.5083,-34.2207],[-59.7241,-34.1713],[-59.7244,-34.1712],[-59.7509,-34.1666],[-59.7691,-34.1579],[-59.7695,-34.1578],[-59.7762,-34.1554],[-59.7767,-34.1552],[-59.8421,-34.1425],[-59.8423,-34.1425],[-59.9016,-34.1258],[-59.9018,-34.1257],[-59.9883,-34.0978],[-59.9887,-34.0976],[-60.0068,-34.0873],[-60.0071,-34.0865],[-60.0259,-34.0789],[-60.0262,-34.0789],[-60.0308,-34.0776],[-60.0504,-34.0715],[-60.0939,-34.0404],[-60.1009,-34.0385],[-60.1015,-34.0383],[-60.1336,-34.0296],[-60.134,-34.0295],[-60.1548,-34.0238],[-60.1648,-34.0235],[-60.1701,-34.0256],[-60.1711,-34.026],[-60.2067,-34.0143],[-60.207,-34.014],[-60.2737,-33.9841],[-60.2743,-33.9839],[-60.4628,-33.9337],[-60.4629,-33.9336],[-60.4716,-33.9311],[-60.501,-33.9232],[-60.5013,-33.9231],[-60.5517,-33.921],[-60.5524,-33.9216],[-60.5746,-33.9376],[-60.5754,-33.9379],[-60.6055,-33.9475],[-60.6062,-33.9475],[-60.6086,-33.9473],[-60.609,-33.9472],[-60.6296,-33.9442],[-60.6302,-33.9441],[-60.6744,-33.9333],[-60.6747,-33.9332],[-60.691,-33.9312],[-60.6966,-33.9314],[-60.6923,-33.9314],[-60.6748,-33.9334],[-60.6745,-33.9335],[-60.6303,-33.9443],[-60.6298,-33.9444],[-60.6092,-33.9474],[-60.6088,-33.9475],[-60.6063,-33.9477],[-60.6056,-33.9477],[-60.5754,-33.9381],[-60.5746,-33.9378],[-60.5522,-33.9217],[-60.5516,-33.9211],[-60.5015,-33.9232],[-60.501,-33.9234],[-60.4734,-33.9307],[-60.472,-33.9311],[-60.463,-33.9338],[-60.4629,-33.9338],[-60.2744,-33.9841],[-60.2737,-33.9843],[-60.2072,-34.0142],[-60.2068,-34.0144],[-60.1709,-34.0261],[-60.17,-34.0258],[-60.1638,-34.0234],[-60.1548,-34.0239],[-60.1341,-34.0296],[-60.1336,-34.0297],[-60.1016,-34.0385],[-60.1009,-34.0387],[-60.0932,-34.0408],[-60.0505,-34.0716],[-60.0295,-34.0782],[-60.0261,-34.0791],[-60.0259,-34.0792],[-60.0073,-34.0866],[-60.007,-34.0874],[-59.9887,-34.0978],[-59.9884,-34.098],[-59.9017,-34.126],[-59.9014,-34.1261],[-59.8424,-34.1427],[-59.8421,-34.1428],[-59.7769,-34.1554],[-59.7764,-34.1555],[-59.7696,-34.158],[-59.7691,-34.1581],[-59.7477,-34.1677],[-59.7245,-34.1714],[-59.7242,-34.1715],[-59.5083,-34.2209],[-59.5081,-34.221],[-59.4995,-34.224],[-59.4991,-34.2241],[-59.4868,-34.2284],[-59.4557,-34.2269],[-59.4165,-34.2676],[-59.4153,-34.2696],[-59.4093,-34.2743],[-59.3897,-34.2777],[-59.389,-34.2779],[-59.3636,-34.2846],[-59.3635,-34.2846],[-59.3483,-34.2888],[-59.348,-34.2888],[-59.3342,-34.2947],[-59.3323,-34.2961],[-59.3321,-34.2963],[-59.33,-34.2979],[-59.3287,-34.2992],[-59.3174,-34.3032],[-59.2458,-34.3307],[-59.2455,-34.3309],[-59.2296,-34.343],[-59.2294,-34.3432],[-59.1912,-34.3603],[-59.1906,-34.3605],[-59.1435,-34.3721],[-59.1431,-34.3721],[-59.1356,-34.3733],[-59.1319,-34.3738],[-59.1302,-34.3738],[-59.1237,-34.373],[-59.1234,-34.373],[-59.1192,-34.3743],[-59.0857,-34.3823],[-59.0806,-34.3845],[-59.0406,-34.3914],[-59.0377,-34.3914],[-59.0346,-34.3913],[-59.0343,-34.3913],[-59.0323,-34.3912],[-59.0317,-34.3912],[-59.0273,-34.3919],[-59.0226,-34.3957],[-59.02,-34.3979],[-59.019,-34.3987],[-59.0166,-34.4008],[-59.0157,-34.4016],[-59.0147,-34.4026],[-59.0143,-34.4031],[-59.0142,-34.4032],[-59.0141,-34.4032],[-59.014,-34.4033],[-59.0134,-34.4037],[-59.0098,-34.4069],[-59.0095,-34.4071],[-59.0038,-34.4158],[-58.9951,-34.4294],[-58.9935,-34.4308],[-58.9933,-34.431],[-58.9921,-34.432],[-58.9909,-34.4331],[-58.9754,-34.4391],[-58.9733,-34.4396],[-58.9677,-34.4407],[-58.965,-34.4417],[-58.9575,-34.4455],[-58.9567,-34.4459],[-58.9544,-34.4471],[-58.9462,-34.4514],[-58.9421,-34.4532],[-58.9405,-34.4534],[-58.9401,-34.4534],[-58.9395,-34.4534],[-58.9392,-34.4535],[-58.9368,-34.4534],[-58.9325,-34.4531],[-58.9267,-34.4524],[-58.9265,-34.4524],[-58.9234,-34.452],[-58.923,-34.4519],[-58.9094,-34.4502],[-58.9061,-34.4497],[-58.9053,-34.4496],[-58.9031,-34.4492],[-58.9,-34.4487],[-58.8947,-34.4477],[-58.8934,-34.4475],[-58.8874,-34.4464],[-58.8831,-34.4456],[-58.8806,-34.4452],[-58.8802,-34.4451],[-58.8771,-34.4446],[-58.8756,-34.4443],[-58.8697,-34.4435],[-58.8684,-34.4434],[-58.8652,-34.4431],[-58.8647,-34.4431],[-58.8621,-34.4429],[-58.8603,-34.4428],[-58.8531,-34.4426],[-58.8481,-34.4423],[-58.8455,-34.442],[-58.845,-34.4419],[-58.8421,-34.4414],[-58.839,-34.4407],[-58.8325,-34.4386],[-58.8317,-34.4384],[-58.8285,-34.4371],[-58.8278,-34.4368],[-58.8249,-34.4359],[-58.8206,-34.4354],[-58.8202,-34.4354],[-58.8195,-34.4355],[-58.814,-34.4362],[-58.8091,-34.4369],[-58.8063,-34.4373],[-58.8058,-34.4373],[-58.7966,-34.4386],[-58.7926,-34.4392],[-58.7876,-34.44],[-58.7868,-34.4401],[-58.783,-34.4408],[-58.7825,-34.4409],[-58.7799,-34.4413],[-58.7685,-34.4434],[-58.7607,-34.445],[-58.7513,-34.4476],[-58.749,-34.4484],[-58.7485,-34.4485],[-58.7463,-34.4492],[-58.7443,-34.4499],[-58.7377,-34.452],[-58.7324,-34.4537],[-58.7318,-34.4539],[-58.7294,-34.4546],[-58.7206,-34.4574],[-58.7166,-34.4587],[-58.7113,-34.4604],[-58.709,-34.4612],[-58.7089,-34.4613],[-58.7088,-34.4613],[-58.7066,-34.4619],[-58.6798,-34.4712]],[[-63.3033,-33.3938],[-63.3034,-33.3932],[-63.3,-33.3945],[-63.3033,-33.3938],[-63.3034,-33.3938],[-63.3042,-33.3939],[-63.3043,-33.3939],[-63.3064,-33.3935],[-63.3044,-33.3932],[-63.3043,-33.3939]],[[-61.0766,-33.9205],[-61.0767,-33.9206],[-61.0777,-33.9207],[-61.0779,-33.9206],[-61.0794,-33.9206],[-61.0778,-33.9202],[-61.0777,-33.9202],[-61.0766,-33.9201],[-61.0747,-33.9201],[-61.0766,-33.9205],[-61.0766,-33.9201]],[[-62.0952,-33.6916],[-62.0994,-33.6909],[-62.0952,-33.6916],[-62.0861,-33.6932],[-62.0099,-33.7091],[-62.0063,-33.7136],[-62.0056,-33.7146],[-62.0024,-33.7188],[-62.0012,-33.7203],[-62.0,-33.7219],[-61.9996,-33.7232],[-61.9986,-33.7227],[-62.0,-33.7219]],[[-61.956,-33.7782],[-61.9522,-33.783],[-61.956,-33.7782],[-61.9567,-33.7772],[-61.9674,-33.7635],[-61.9675,-33.7633],[-61.9682,-33.7624],[-61.9686,-33.7619],[-61.9696,-33.7608],[-61.9698,-33.7605],[-61.9705,-33.7596],[-61.9708,-33.7591],[-61.9712,-33.7587],[-61.9719,-33.7578],[-61.9725,-33.757],[-61.9731,-33.7563],[-61.9737,-33.7555],[-61.9737,-33.7554],[-61.9743,-33.7547],[-61.975,-33.7538],[-61.9756,-33.753],[-61.9763,-33.7521],[-61.977,-33.7513],[-61.9777,-33.7504],[-61.9784,-33.7495],[-61.9791,-33.7486],[-61.9797,-33.7478],[-61.9804,-33.7469],[-61.9811,-33.746],[-61.9817,-33.7452],[-61.9835,-33.7429],[-61.9839,-33.7424],[-61.9842,-33.742],[-61.9845,-33.7416],[-61.9849,-33.7411],[-61.9878,-33.7374],[-61.988,-33.7372],[-61.9885,-33.7365],[-61.9935,-33.7301],[-61.994,-33.7294],[-61.9972,-33.7254],[-61.9974,-33.7251],[-61.9977,-33.7239],[-61.9987,-33.7244],[-61.9974,-33.7251]],[[-61.2452,-33.8168],[-61.2529,-33.8138],[-61.2452,-33.8168],[-61.2425,-33.8203],[-61.1902,-33.8684],[-61.1691,-33.8671],[-61.1689,-33.8671],[-61.158,-33.8651],[-61.1506,-33.8668],[-61.1356,-33.8793],[-61.1355,-33.8794],[-61.1321,-33.8823],[-61.1285,-33.8852],[-61.1273,-33.8862],[-61.1254,-33.8887],[-61.1247,-33.8907],[-61.1242,-33.8923],[-61.1238,-33.8933],[-61.1227,-33.8954],[-61.121,-33.8969],[-61.1192,-33.8984],[-61.1183,-33.8992],[-61.1174,-33.8999],[-61.1166,-33.9006],[-61.1156,-33.9014],[-61.1125,-33.904],[-61.112,-33.9044],[-61.1115,-33.9048],[-61.1113,-33.905],[-61.1102,-33.9057],[-61.1101,-33.9057],[-61.1097,-33.906],[-61.1097,-33.9061],[-61.1083,-33.9075],[-61.1097,-33.9066],[-61.1102,-33.9063],[-61.1097,-33.9061]],[[-61.0747,-33.9201],[-60.9674,-33.9321],[-60.9644,-33.9321],[-60.963,-33.932],[-60.9623,-33.932],[-60.9595,-33.9321],[-60.9633,-33.9322],[-60.9654,-33.9322],[-60.9674,-33.9321]],[[-64.3586,-33.1577],[-64.3575,-33.1578],[-64.2863,-33.1386],[-64.283,-33.1377],[-64.2508,-33.1331],[-64.2494,-33.1332],[-64.2468,-33.1338],[-64.0497,-33.1694],[-64.0483,-33.1696],[-63.9997,-33.178],[-63.995,-33.1788],[-63.8719,-33.1976],[-63.867,-33.1957],[-63.8634,-33.1967],[-63.8561,-33.1988],[-63.8554,-33.199],[-63.8549,-33.1993],[-63.8539,-33.2001],[-63.8483,-33.2067],[-63.7623,-33.2624],[-63.5955,-33.3089],[-63.533,-33.344],[-63.4729,-33.3507],[-63.4058,-33.3812],[-63.3126,-33.3928],[-63.3064,-33.3935]],[[-64.4328,-33.2064],[-64.4398,-33.2102],[-64.4406,-33.2108],[-64.4403,-33.211],[-64.4397,-33.2102],[-64.4328,-33.2064],[-64.4309,-33.2029],[-64.4287,-33.2011],[-64.428,-33.2007],[-64.4227,-33.1976],[-64.4162,-33.1913],[-64.3816,-33.1654],[-64.3801,-33.1642],[-64.3793,-33.1637],[-64.378,-33.1627],[-64.3626,-33.1584],[-64.36,-33.1581],[-64.3595,-33.1582],[-64.3587,-33.1583],[-64.3587,-33.1576],[-64.3593,-33.1576],[-64.3595,-33.1577],[-64.3601,-33.158],[-64.3692,-33.159],[-64.3698,-33.1591],[-64.3739,-33.1602],[-64.3779,-33.1625],[-64.3792,-33.1634],[-64.38,-33.164],[-64.3817,-33.1652],[-64.3834,-33.1666],[-64.4162,-33.1913]],[[-65.3988,-33.6459],[-65.3984,-33.6451],[-65.3977,-33.6446],[-65.3975,-33.6445],[-65.395,-33.6437],[-65.364,-33.6365],[-65.3636,-33.6364],[-65.2615,-33.6128],[-65.2611,-33.6127],[-65.0345,-33.5766],[-65.0337,-33.5762],[-65.0069,-33.5608],[-65.005,-33.5598],[-65.0035,-33.5591],[-65.0029,-33.5587],[-64.998,-33.5557],[-64.9506,-33.5286],[-64.9502,-33.5283],[-64.9236,-33.5124],[-64.9229,-33.512],[-64.7757,-33.4243],[-64.7752,-33.4239],[-64.7323,-33.3963],[-64.7319,-33.3961],[-64.7314,-33.3959],[-64.7301,-33.3954],[-64.7299,-33.3952],[-64.7259,-33.3931],[-64.7255,-33.3928],[-64.7252,-33.3926],[-64.7067,-33.3841],[-64.6777,-33.3666],[-64.6775,-33.3665],[-64.6014,-33.3148],[-64.6009,-33.3144],[-64.5072,-33.2487],[-64.5065,-33.248],[-64.4427,-33.2118],[-64.4426,-33.2117],[-64.4409,-33.2113],[-64.4409,-33.2109],[-64.4426,-33.2117]],[[-61.2478,-33.8148],[-61.2468,-33.8147]],[[-61.2494,-33.8135],[-61.2491,-33.8143]],[[-65.4007,-33.6456],[-65.4345,-33.6531],[-65.4421,-33.6557],[-65.4421,-33.6561],[-65.4332,-33.6529],[-65.404,-33.6458],[-65.4015,-33.6459],[-65.4007,-33.6464]],[[-65.3984,-33.6451],[-65.3993,-33.6453]],[[-63.3,-33.3945],[-63.2891,-33.3959],[-63.2571,-33.4122],[-63.2569,-33.4129],[-63.2562,-33.4151],[-63.2551,-33.4167],[-63.19,-33.4309],[-63.1324,-33.4717],[-63.0666,-33.4914],[-63.0659,-33.4918],[-62.8709,-33.5324],[-62.8665,-33.5333],[-62.7234,-33.5599],[-62.7207,-33.5604],[-62.6238,-33.5759],[-62.6186,-33.5775],[-62.6164,-33.5782],[-62.6162,-33.5783],[-62.4211,-33.623],[-62.3979,-33.6268],[-62.3143,-33.6408],[-62.2917,-33.6568],[-62.1274,-33.686],[-62.0994,-33.6909]],[[-64.3418,-33.155],[-64.3412,-33.155],[-64.3276,-33.1512],[-64.3276,-33.151],[-64.3276,-33.1508]],[[-61.1113,-33.905],[-61.1106,-33.906],[-61.1105,-33.9061],[-61.1102,-33.9063]],[[-61.9522,-33.783],[-61.9385,-33.8006],[-61.9356,-33.8024],[-61.7796,-33.8313],[-61.7781,-33.8316],[-61.7746,-33.8322],[-61.7697,-33.8331],[-61.7687,-33.8334],[-61.7673,-33.8336],[-61.7679,-33.8334],[-61.7691,-33.8332],[-61.7697,-33.8331]],[[-61.7243,-33.8415],[-61.7278,-33.8409],[-61.7314,-33.8402],[-61.7279,-33.8408],[-61.7278,-33.8408],[-61.7243,-33.8415],[-61.6464,-33.8555],[-61.3652,-33.8044],[-61.3537,-33.7995],[-61.3528,-33.7995],[-61.3494,-33.8009],[-61.3481,-33.8017],[-61.3443,-33.804],[-61.3426,-33.8051],[-61.3401,-33.8065],[-61.3387,-33.807],[-61.3369,-33.8075],[-61.3365,-33.8075],[-61.3359,-33.8074],[-61.3353,-33.8075],[-61.3312,-33.808],[-61.3218,-33.8091],[-61.3198,-33.8094],[-61.2621,-33.8148],[-61.2619,-33.8148],[-61.2575,-33.8143],[-61.2535,-33.8139],[-61.2529,-33.8138]],[[-61.7314,-33.8402],[-61.7351,-33.8395],[-61.765,-33.834],[-61.7656,-33.8338],[-61.7669,-33.8336],[-61.7673,-33.8336],[-61.7663,-33.8338],[-61.765,-33.834]],[[-64.4287,-33.2011],[-64.4309,-33.2029]],[[-61.9996,-33.7232],[-61.9996,-33.7235],[-61.999,-33.7243],[-61.9987,-33.7244]],[[-61.9977,-33.7239],[-61.9977,-33.7236],[-61.9984,-33.7228],[-61.9986,-33.7227]],[[-61.0778,-33.9202],[-61.0779,-33.9206]],[[-61.0886,-33.9214],[-61.0824,-33.9209],[-61.0886,-33.9214],[-61.0919,-33.9206],[-61.0926,-33.9203],[-61.0955,-33.9181],[-61.0959,-33.9177],[-61.0974,-33.9166],[-61.0991,-33.9151],[-61.101,-33.9136],[-61.1028,-33.9121],[-61.1064,-33.9091],[-61.1082,-33.9076],[-61.1083,-33.9075]],[[-61.0824,-33.9209],[-61.0821,-33.9209],[-61.0794,-33.9206]],[[-61.3369,-33.8075],[-61.3369,-33.8072],[-61.3381,-33.8071],[-61.3387,-33.807]],[[-61.3359,-33.8074],[-61.3365,-33.8072],[-61.3365,-33.8075]],[[-61.1102,-33.9057],[-61.1106,-33.906]],[[-60.9595,-33.9321],[-60.9565,-33.9321],[-60.9529,-33.9321],[-60.7998,-33.9318],[-60.7996,-33.9318],[-60.7458,-33.9315],[-60.7456,-33.9315],[-60.7448,-33.9315],[-60.7446,-33.9315],[-60.6966,-33.9314]],[[-61.1273,-33.8862],[-61.1247,-33.8907]],[[-64.4409,-33.2113],[-64.4407,-33.2114],[-64.4403,-33.2113],[-64.4403,-33.211]],[[-65.4458,-33.659],[-65.4455,-33.6586],[-65.4428,-33.6564],[-65.4425,-33.6559],[-65.4422,-33.6561],[-65.4428,-33.6564]],[[-59.4152,-34.2733],[-59.4158,-34.2733],[-59.4158,-34.2735],[-59.4152,-34.2733],[-59.413,-34.2737]],[[-62.8709,-33.5324],[-62.8665,-33.5333]],[[-61.1064,-33.9091],[-61.1028,-33.9121]],[[-61.3365,-33.8072],[-61.3366,-33.8072],[-61.3369,-33.8072]],[[-65.4421,-33.6557],[-65.4425,-33.6559]],[[-65.4422,-33.6561],[-65.4421,-33.6561]],[[-64.4406,-33.2108],[-64.4409,-33.2109]],[[-63.3034,-33.3932],[-63.3035,-33.3932],[-63.3043,-33.3932],[-63.3044,-33.3932]],[[-64.3586,-33.1582],[-64.3575,-33.1578]],[[-64.3595,-33.1577],[-64.3595,-33.1582]],[[-64.3424,-33.1551],[-64.3412,-33.155]],[[-64.3276,-33.151],[-64.3273,-33.1507]]]}},{"type":"Feature","properties":{"ref":"RN 9"},"geometry":{"type":"MultiLineString","coordinates":[[[-60.6648,-33.0096],[-60.6646,-33.0148],[-60.6643,-33.0182],[-60.664,-33.026],[-60.6639,-33.0273],[-60.6634,-33.0396],[-60.6633,-33.0407],[-60.6625,-33.0459],[-60.6614,-33.048],[-60.6591,-33.0511],[-60.6588,-33.0515],[-60.6391,-33.0774],[-60.6302,-33.0858],[-60.6262,-33.0891],[-60.6179,-33.0959],[-60.6174,-33.0964],[-60.5801,-33.1273],[-60.5796,-33.1277],[-60.5788,-33.1283],[-60.5785,-33.1286],[-60.5782,-33.1289],[-60.5778,-33.1292],[-60.5781,-33.1289],[-60.5785,-33.1286],[-60.5782,-33.129],[-60.5778,-33.1292],[-60.578,-33.1288],[-60.5783,-33.1285],[-60.5779,-33.1287],[-60.5776,-33.1291],[-60.578,-33.1288],[-60.5783,-33.1285],[-60.5787,-33.1281],[-60.5793,-33.1275],[-60.5799,-33.1271],[-60.6171,-33.0962],[-60.6177,-33.0958],[-60.6299,-33.0857],[-60.6389,-33.0772],[-60.6585,-33.0513],[-60.6589,-33.0509],[-60.661,-33.048],[-60.6617,-33.0468],[-60.6631,-33.0399],[-60.6632,-33.037],[-60.6636,-33.0273],[-60.6637,-33.026],[-60.664,-33.0183],[-60.6645,-33.0118],[-60.6645,-33.0113],[-60.6645,-33.0102],[-60.6645,-33.0101],[-60.6645,-33.0096]],[[-58.4953,-34.5446],[-58.4957,-34.5439],[-58.4958,-34.5438],[-58.4965,-34.5426],[-58.4984,-34.5404],[-58.5058,-34.5304],[-58.5071,-34.5286],[-58.5072,-34.5284],[-58.5088,-34.5262],[-58.5089,-34.5261],[-58.5106,-34.5237],[-58.5107,-34.5235],[-58.515,-34.5188],[-58.5152,-34.5186],[-58.5165,-34.5173],[-58.519,-34.515],[-58.5236,-34.5116],[-58.5254,-34.5105],[-58.5256,-34.5103],[-58.5311,-34.5077],[-58.5314,-34.5075],[-58.5364,-34.5051],[-58.5368,-34.5049],[-58.5427,-34.502],[-58.5505,-34.4984],[-58.5543,-34.496],[-58.5581,-34.494],[-58.5588,-34.4937],[-58.5595,-34.4934],[-58.562,-34.4925],[-58.5734,-34.489],[-58.5748,-34.4888],[-58.5769,-34.4886],[-58.5854,-34.488],[-58.5856,-34.488],[-58.5945,-34.4871],[-58.6002,-34.4867],[-58.604,-34.4865],[-58.6144,-34.4853],[-58.6149,-34.4852],[-58.6187,-34.4847],[-58.6386,-34.4813],[-58.6391,-34.4812],[-58.6524,-34.4782],[-58.6624,-34.4755],[-58.6628,-34.4754],[-58.6672,-34.4742],[-58.6764,-34.4716],[-58.6787,-34.4706],[-58.6813,-34.4693],[-58.6849,-34.4664],[-58.6872,-34.4637],[-58.6883,-34.4623],[-58.6891,-34.4612],[-58.6906,-34.4591],[-58.6944,-34.4545],[-58.6966,-34.4516],[-58.6982,-34.4497],[-58.6996,-34.4478],[-58.6998,-34.4476],[-58.7009,-34.4461],[-58.7045,-34.4416],[-58.7086,-34.4371],[-58.7115,-34.4346],[-58.7134,-34.4314],[-58.7135,-34.4307],[-58.7179,-34.4234],[-58.7212,-34.4191],[-58.7249,-34.4143],[-58.7278,-34.4108],[-58.7298,-34.4085],[-58.73,-34.4082],[-58.7317,-34.4061],[-58.7386,-34.3971],[-58.7399,-34.3955],[-58.7402,-34.3951],[-58.7417,-34.3931],[-58.7497,-34.3826],[-58.751,-34.3809],[-58.7512,-34.3806],[-58.7526,-34.3789],[-58.7617,-34.3731],[-58.7621,-34.3729],[-58.7949,-34.3595],[-58.7975,-34.3575],[-58.7981,-34.3568],[-58.7983,-34.3566],[-58.7986,-34.3564],[-58.8,-34.3548],[-58.8053,-34.3504],[-58.8077,-34.3483],[-58.8078,-34.3482],[-58.8183,-34.3381],[-58.8675,-34.3173],[-58.8688,-34.316],[-58.8712,-34.313],[-58.882,-34.2987],[-58.8824,-34.2979],[-58.891,-34.2857],[-58.8929,-34.2819],[-58.893,-34.2815],[-58.8948,-34.2777],[-58.9003,-34.2657],[-58.9005,-34.2654],[-58.9058,-34.2538],[-58.9155,-34.2303],[-58.9197,-34.2243],[-58.9428,-34.1924],[-58.9442,-34.1904],[-58.9444,-34.1902],[-58.9459,-34.1881],[-58.9537,-34.1818],[-58.9547,-34.1817],[-58.9554,-34.1817],[-58.964,-34.1802],[-58.9641,-34.1801],[-58.9656,-34.1794],[-58.9686,-34.1779],[-58.9709,-34.1771],[-58.9716,-34.177],[-58.9882,-34.1708],[-58.9885,-34.1707],[-58.992,-34.169],[-58.9925,-34.1688],[-59.0005,-34.165],[-59.0008,-34.1648],[-59.0484,-34.14],[-59.0516,-34.1387],[-59.0525,-34.1383],[-59.057,-34.1364],[-59.0667,-34.1323],[-59.071,-34.1305],[-59.0715,-34.1303],[-59.0757,-34.1285],[-59.1377,-34.1054],[-59.1379,-34.1054],[-59.1465,-34.1024],[-59.1483,-34.1017],[-59.1498,-34.1012],[-59.1503,-34.1011],[-59.2912,-34.0586],[-59.2915,-34.0586],[-59.2944,-34.0579],[-59.2948,-34.0578],[-59.2961,-34.0576],[-59.2963,-34.0575],[-59.2972,-34.0573],[-59.2974,-34.0573],[-59.302,-34.0563],[-59.3025,-34.0562],[-59.3066,-34.0553],[-59.3327,-34.0348],[-59.3331,-34.0345],[-59.3627,-33.9981],[-59.3629,-33.9978],[-59.3985,-33.9533],[-59.3988,-33.9529],[-59.4396,-33.9189],[-59.5923,-33.818],[-59.593,-33.8175],[-59.6033,-33.8109],[-59.6104,-33.8069],[-59.6629,-33.7741],[-59.663,-33.7741],[-59.722,-33.7628],[-59.7227,-33.7627],[-59.7251,-33.762],[-59.8392,-33.707],[-59.8397,-33.7069],[-59.8797,-33.6983],[-59.8853,-33.6967],[-59.9955,-33.6304],[-59.9956,-33.6303],[-60.0352,-33.5957],[-60.0354,-33.5955],[-60.0497,-33.5829],[-60.05,-33.5827],[-60.0707,-33.5651],[-60.071,-33.5649],[-60.1064,-33.5358],[-60.1167,-33.5266],[-60.117,-33.5264],[-60.1457,-33.502],[-60.1491,-33.4944],[-60.1493,-33.4937],[-60.1898,-33.4102],[-60.1903,-33.4098],[-60.2205,-33.3892],[-60.2209,-33.3888],[-60.2218,-33.3883],[-60.2518,-33.3665],[-60.2524,-33.366],[-60.2556,-33.3637],[-60.2563,-33.3631],[-60.3029,-33.3309],[-60.3044,-33.3299],[-60.3086,-33.3271],[-60.3087,-33.3271],[-60.3785,-33.2874],[-60.3822,-33.2846],[-60.3873,-33.2808],[-60.3875,-33.2807],[-60.3966,-33.2739],[-60.3971,-33.2735],[-60.4397,-33.2417],[-60.4409,-33.2408],[-60.5082,-33.1877],[-60.5449,-33.1561],[-60.5454,-33.1556],[-60.5756,-33.1306],[-60.5764,-33.13],[-60.577,-33.1295],[-60.5776,-33.1291],[-60.578,-33.1288],[-60.5785,-33.1286],[-60.5781,-33.1289],[-60.5778,-33.1292],[-60.5774,-33.1295],[-60.5767,-33.1301],[-60.5759,-33.1308],[-60.5693,-33.1363],[-60.5457,-33.1558],[-60.5451,-33.1563],[-60.5084,-33.1879],[-60.441,-33.241],[-60.4399,-33.2419],[-60.3973,-33.2737],[-60.3968,-33.2741],[-60.3877,-33.2809],[-60.3875,-33.281],[-60.3824,-33.2848],[-60.3786,-33.2876],[-60.3089,-33.3272],[-60.3088,-33.3273],[-60.3046,-33.3301],[-60.303,-33.3312],[-60.2894,-33.3391],[-60.2566,-33.3633],[-60.2559,-33.3638],[-60.2526,-33.3663],[-60.2519,-33.3668],[-60.2212,-33.3891],[-60.2207,-33.3894],[-60.1905,-33.41],[-60.1898,-33.4105],[-60.1493,-33.4946],[-60.1465,-33.5014],[-60.1461,-33.5019],[-60.1172,-33.5265],[-60.117,-33.5267],[-60.0894,-33.5501],[-60.0712,-33.565],[-60.0709,-33.5653],[-60.0503,-33.5829],[-60.05,-33.5831],[-60.0356,-33.5957],[-60.0354,-33.5958],[-59.9958,-33.6305],[-59.9957,-33.6306],[-59.9371,-33.6748],[-59.8865,-33.6966],[-59.8808,-33.6983],[-59.8399,-33.7071],[-59.8394,-33.7072],[-59.7252,-33.7623],[-59.7228,-33.7629],[-59.7221,-33.763],[-59.663,-33.7744],[-59.6629,-33.7744],[-59.6106,-33.8072],[-59.6035,-33.8112],[-59.5932,-33.8177],[-59.5925,-33.8182],[-59.4399,-33.919],[-59.3991,-33.953],[-59.3987,-33.9535],[-59.3631,-33.998],[-59.3629,-33.9983],[-59.3334,-34.0346],[-59.333,-34.035],[-59.3027,-34.0564],[-59.3021,-34.0565],[-59.2985,-34.0573],[-59.2975,-34.0575],[-59.2972,-34.0576],[-59.2964,-34.0578],[-59.2962,-34.0578],[-59.2949,-34.0581],[-59.2944,-34.0582],[-59.2915,-34.0588],[-59.2913,-34.0589],[-59.1542,-34.1],[-59.1524,-34.1006],[-59.1508,-34.1011],[-59.1504,-34.1013],[-59.138,-34.1056],[-59.1378,-34.1057],[-59.0758,-34.1288],[-59.0718,-34.1304],[-59.0713,-34.1307],[-59.0668,-34.1326],[-59.0574,-34.1365],[-59.0522,-34.1387],[-59.001,-34.165],[-59.0006,-34.1652],[-58.9926,-34.169],[-58.9921,-34.1692],[-58.9885,-34.1709],[-58.9881,-34.1712],[-58.9714,-34.1772],[-58.9706,-34.1773],[-58.9642,-34.1802],[-58.9636,-34.1805],[-58.9581,-34.1817],[-58.9576,-34.1817],[-58.9536,-34.182],[-58.946,-34.1882],[-58.9446,-34.1902],[-58.9444,-34.1905],[-58.9429,-34.1925],[-58.9196,-34.2248],[-58.9159,-34.23],[-58.9062,-34.2534],[-58.9006,-34.2655],[-58.9005,-34.2658],[-58.8975,-34.2723],[-58.895,-34.2776],[-58.8932,-34.2816],[-58.893,-34.2819],[-58.8914,-34.2853],[-58.8826,-34.2979],[-58.8821,-34.2987],[-58.8694,-34.3156],[-58.8184,-34.3383],[-58.8079,-34.3483],[-58.8078,-34.3484],[-58.8033,-34.3522],[-58.7988,-34.3563],[-58.7984,-34.3567],[-58.7982,-34.3569],[-58.798,-34.3572],[-58.7964,-34.3587],[-58.7622,-34.373],[-58.7618,-34.3732],[-58.7527,-34.3789],[-58.7514,-34.3807],[-58.7512,-34.3809],[-58.7498,-34.3827],[-58.7417,-34.3933],[-58.7403,-34.3952],[-58.74,-34.3956],[-58.7388,-34.3971],[-58.7323,-34.4055],[-58.7302,-34.4083],[-58.7299,-34.4086],[-58.7279,-34.411],[-58.7252,-34.4142],[-58.7214,-34.4192],[-58.7136,-34.4307],[-58.7135,-34.4314],[-58.7115,-34.4348],[-58.708,-34.4378],[-58.7042,-34.4422],[-58.7018,-34.4454],[-58.7,-34.4476],[-58.6998,-34.4478],[-58.6983,-34.4497],[-58.6974,-34.4509],[-58.6937,-34.4556],[-58.6935,-34.4559],[-58.6926,-34.4571],[-58.6909,-34.4593],[-58.6851,-34.4677],[-58.6847,-34.4683],[-58.6798,-34.4712],[-58.672,-34.473],[-58.6671,-34.4744],[-58.6631,-34.4755],[-58.6626,-34.4757],[-58.6525,-34.4783],[-58.6392,-34.4814],[-58.6387,-34.4815],[-58.6185,-34.4849],[-58.6152,-34.4854],[-58.6146,-34.4854],[-58.6083,-34.4863],[-58.6064,-34.4865],[-58.6003,-34.4873],[-58.5946,-34.4877],[-58.5876,-34.488],[-58.5856,-34.4881],[-58.585,-34.4882],[-58.5766,-34.4888],[-58.5748,-34.489],[-58.5735,-34.4892],[-58.5624,-34.4926],[-58.5621,-34.4927],[-58.5612,-34.493],[-58.5591,-34.4938],[-58.5582,-34.4942],[-58.5573,-34.4945],[-58.5565,-34.4949],[-58.5538,-34.4966],[-58.551,-34.4985],[-58.5368,-34.5051],[-58.5365,-34.5053],[-58.5316,-34.5076],[-58.5313,-34.5078],[-58.5259,-34.5105],[-58.5256,-34.5106],[-58.5241,-34.5115],[-58.5199,-34.5147],[-58.5186,-34.5157],[-58.5176,-34.5167],[-58.5168,-34.5174],[-58.5154,-34.5187],[-58.5152,-34.5189],[-58.511,-34.5236],[-58.5108,-34.5238],[-58.5091,-34.5262],[-58.509,-34.5263],[-58.5075,-34.5285],[-58.5073,-34.5287],[-58.5056,-34.531],[-58.5006,-34.5383],[-58.4993,-34.5398],[-58.4968,-34.5426],[-58.496,-34.5439],[-58.4959,-34.544],[-58.4957,-34.5443]],[[-64.1762,-31.3553],[-64.1761,-31.3573],[-64.1761,-31.3579],[-64.1761,-31.3604],[-64.1761,-31.3615],[-64.176,-31.3579],[-64.176,-31.3573],[-64.176,-31.3553],[-64.1761,-31.3546],[-64.1762,-31.3553]],[[-64.11,-31.4219],[-64.1092,-31.4218],[-64.1081,-31.4216],[-64.1032,-31.4212],[-64.0777,-31.4377],[-64.031,-31.483],[-64.0307,-31.4833],[-63.9757,-31.5367],[-63.9752,-31.5371],[-63.9742,-31.5381],[-63.9731,-31.5391],[-63.9728,-31.5394],[-63.9724,-31.5398],[-63.9721,-31.54],[-63.9718,-31.5403],[-63.9713,-31.5409],[-63.951,-31.5605],[-63.9501,-31.5614],[-63.9297,-31.5811],[-63.9291,-31.5816],[-63.847,-31.6665],[-63.8463,-31.6677],[-63.8452,-31.6696],[-63.8437,-31.6721],[-63.8433,-31.6727],[-63.7863,-31.738],[-63.7861,-31.7383],[-63.7272,-31.8043],[-63.7268,-31.8046],[-63.528,-32.0284],[-63.5235,-32.034],[-63.4522,-32.1174],[-63.452,-32.1176],[-63.4499,-32.12],[-63.4359,-32.1358],[-63.4359,-32.1359],[-63.4298,-32.1429],[-63.4064,-32.1695],[-63.4062,-32.1698],[-63.3944,-32.1832],[-63.3936,-32.1841],[-63.393,-32.1848],[-63.3923,-32.1856],[-63.3917,-32.1863],[-63.3899,-32.1884],[-63.3895,-32.1887],[-63.3886,-32.1898],[-63.3653,-32.2179],[-63.3651,-32.2182],[-63.3433,-32.2431],[-63.2817,-32.3099],[-63.2641,-32.3303],[-63.2629,-32.3317],[-63.2627,-32.3319],[-63.2612,-32.3337],[-63.2406,-32.3547],[-63.2395,-32.3557],[-63.2378,-32.3571],[-63.2376,-32.3573],[-63.2374,-32.3575],[-63.237,-32.3579],[-63.2366,-32.3582],[-63.2364,-32.3583],[-63.235,-32.3595],[-63.2132,-32.3784],[-63.2117,-32.3798],[-63.2115,-32.38],[-63.2091,-32.3824],[-63.1775,-32.409],[-63.1752,-32.4102],[-63.1751,-32.4102],[-63.1726,-32.4116],[-63.166,-32.4152],[-63.1634,-32.4165],[-63.1591,-32.4189],[-63.1576,-32.4197],[-63.1575,-32.4197],[-63.1525,-32.4224],[-62.9915,-32.5126],[-62.8869,-32.5421],[-62.8767,-32.5449],[-62.7611,-32.5792],[-62.7501,-32.5816],[-62.7104,-32.5883],[-62.7102,-32.5883],[-62.6993,-32.5832],[-62.6989,-32.583],[-62.6719,-32.57],[-62.5827,-32.5785],[-62.4422,-32.6031],[-62.4301,-32.6053],[-62.3863,-32.6136],[-62.3793,-32.6149],[-62.249,-32.6378],[-62.2418,-32.6391],[-61.8788,-32.7153],[-61.8575,-32.742],[-61.8576,-32.7427],[-61.8567,-32.7669],[-61.7978,-32.7765],[-61.7973,-32.7766],[-61.7967,-32.7767],[-61.4894,-32.8298],[-61.4888,-32.8299],[-61.3927,-32.8464],[-61.3923,-32.8465],[-61.3478,-32.8546],[-61.3468,-32.8545],[-61.2558,-32.8688],[-61.1917,-32.8725],[-61.1907,-32.8727],[-61.179,-32.8749],[-61.1753,-32.8755],[-61.1744,-32.8757],[-61.1724,-32.876],[-61.1699,-32.8766],[-61.1681,-32.8768],[-61.1327,-32.8831],[-61.1316,-32.8833],[-61.1239,-32.8847],[-61.0345,-32.9007],[-61.0251,-32.9024],[-61.0157,-32.904],[-61.0153,-32.9041],[-60.9042,-32.9261],[-60.9033,-32.9263],[-60.9006,-32.9268],[-60.9003,-32.9268],[-60.8996,-32.927],[-60.8994,-32.927],[-60.8967,-32.9274],[-60.8955,-32.9277],[-60.8871,-32.9281],[-60.8864,-32.9282],[-60.8826,-32.9288],[-60.882,-32.9289],[-60.8726,-32.9306],[-60.868,-32.9314],[-60.8245,-32.9391],[-60.8227,-32.9394],[-60.8215,-32.9396],[-60.8201,-32.9399],[-60.8193,-32.94],[-60.8165,-32.9405],[-60.8151,-32.9408],[-60.7825,-32.9473],[-60.7819,-32.9475],[-60.7697,-32.9486],[-60.7686,-32.9486],[-60.7587,-32.9484],[-60.7555,-32.9483],[-60.7427,-32.9494],[-60.7418,-32.9496],[-60.7263,-32.9492],[-60.7254,-32.9491],[-60.7225,-32.9489],[-60.7216,-32.9489],[-60.7194,-32.9488],[-60.7217,-32.9488],[-60.7225,-32.9488],[-60.7252,-32.9489],[-60.7264,-32.949],[-60.7424,-32.9492],[-60.7433,-32.9491],[-60.7818,-32.9473],[-60.7824,-32.9471],[-60.7959,-32.9414],[-60.7992,-32.9414],[-60.8003,-32.9415],[-60.8143,-32.9406],[-60.8163,-32.9403],[-60.8177,-32.9401],[-60.8221,-32.9393],[-60.823,-32.9391],[-60.8243,-32.9388],[-60.8676,-32.9312],[-60.8724,-32.9303],[-60.8949,-32.9275],[-60.8967,-32.9272],[-60.8994,-32.9267],[-60.8995,-32.9267],[-60.9002,-32.9266],[-60.9005,-32.9265],[-60.9034,-32.926],[-60.9046,-32.9258],[-61.0149,-32.9039],[-61.0153,-32.9038],[-61.0256,-32.902],[-61.035,-32.9004],[-61.1111,-32.8867],[-61.1236,-32.8845],[-61.1313,-32.8831],[-61.1326,-32.8829],[-61.1611,-32.8778],[-61.1663,-32.8769],[-61.1679,-32.8766],[-61.1698,-32.8762],[-61.1721,-32.8758],[-61.1907,-32.8724],[-61.1917,-32.8722],[-61.3471,-32.8543],[-61.3481,-32.8543],[-61.3922,-32.8463],[-61.3926,-32.8462],[-61.4887,-32.8296],[-61.4893,-32.8295],[-61.7966,-32.7765],[-61.7971,-32.7764],[-61.7976,-32.7763],[-61.8566,-32.7667],[-61.8574,-32.7427],[-61.8573,-32.742],[-61.8787,-32.7151],[-62.2417,-32.6383],[-62.2488,-32.6371],[-62.3793,-32.6147],[-62.3863,-32.6134],[-62.4301,-32.6051],[-62.4421,-32.6029],[-62.5822,-32.5783],[-62.6866,-32.5756],[-62.6867,-32.5756],[-62.699,-32.5828],[-62.6994,-32.583],[-62.7102,-32.588],[-62.7103,-32.5881],[-62.75,-32.5814],[-62.7611,-32.579],[-62.8767,-32.5447],[-62.8868,-32.5419],[-62.9939,-32.5113],[-63.148,-32.4246],[-63.1522,-32.4223],[-63.1536,-32.4215],[-63.1563,-32.4201],[-63.1574,-32.4196],[-63.1587,-32.4188],[-63.1632,-32.4164],[-63.1725,-32.4114],[-63.175,-32.4101],[-63.1751,-32.41],[-63.1773,-32.4088],[-63.2089,-32.3823],[-63.2113,-32.3799],[-63.2115,-32.3797],[-63.213,-32.3782],[-63.2349,-32.3593],[-63.2362,-32.3582],[-63.2364,-32.358],[-63.2367,-32.3578],[-63.2372,-32.3574],[-63.2374,-32.3571],[-63.2376,-32.357],[-63.2393,-32.3556],[-63.2403,-32.3547],[-63.261,-32.3336],[-63.2625,-32.3318],[-63.2627,-32.3316],[-63.2639,-32.3301],[-63.2815,-32.3098],[-63.3347,-32.2524],[-63.3649,-32.2181],[-63.3651,-32.2178],[-63.385,-32.1936],[-63.3855,-32.193],[-63.3859,-32.1926],[-63.3864,-32.192],[-63.3873,-32.191],[-63.3885,-32.1896],[-63.3887,-32.1894],[-63.3893,-32.1886],[-63.3897,-32.1883],[-63.406,-32.1696],[-63.4062,-32.1694],[-63.4152,-32.1592],[-63.4357,-32.1357],[-63.4497,-32.1199],[-63.4497,-32.1198],[-63.4519,-32.1174],[-63.4521,-32.1172],[-63.5232,-32.0338],[-63.5278,-32.0283],[-63.7266,-31.8045],[-63.727,-31.8041],[-63.7858,-31.7382],[-63.7861,-31.7379],[-63.843,-31.6726],[-63.8434,-31.6721],[-63.846,-31.6676],[-63.8467,-31.6664],[-63.9289,-31.5815],[-63.9295,-31.5809],[-63.9499,-31.5612],[-63.9508,-31.5603],[-63.9673,-31.5444],[-63.9692,-31.5426],[-63.9711,-31.5408],[-63.9714,-31.5404],[-63.9717,-31.5401],[-63.972,-31.5399],[-63.9722,-31.5396],[-63.9729,-31.539],[-64.0305,-31.4831],[-64.0307,-31.4829],[-64.1017,-31.421],[-64.104,-31.421],[-64.108,-31.4214],[-64.1092,-31.4217],[-64.11,-31.4217]],[[-64.1761,-31.3363],[-64.1758,-31.3365],[-64.1761,-31.3374],[-64.1761,-31.3363],[-64.1762,-31.3363],[-64.1761,-31.3361],[-64.176,-31.336],[-64.1757,-31.3352],[-64.1758,-31.3296],[-64.1758,-31.3247],[-64.1759,-31.3172],[-64.1759,-31.3165],[-64.176,-31.3131],[-64.1761,-31.3111],[-64.1758,-31.3094],[-64.1757,-31.3088],[-64.1756,-31.3083],[-64.1756,-31.3082],[-64.1756,-31.308],[-64.1755,-31.3037],[-64.1755,-31.3035],[-64.1745,-31.298],[-64.1736,-31.2935],[-64.1719,-31.2846],[-64.1717,-31.2836],[-64.1716,-31.2832],[-64.1713,-31.2815],[-64.171,-31.28],[-64.1704,-31.2766],[-64.1697,-31.2734],[-64.1691,-31.27],[-64.1638,-31.243],[-64.1631,-31.2416],[-64.1634,-31.2414],[-64.1634,-31.2415],[-64.1634,-31.241],[-64.1627,-31.2377],[-64.1613,-31.2305],[-64.1608,-31.2382],[-64.1632,-31.2409]],[[-64.1624,-31.2404],[-64.1601,-31.2399],[-64.1627,-31.2413],[-64.1631,-31.2414]],[[-60.7124,-32.9485],[-60.7135,-32.9486],[-60.7155,-32.9486],[-60.717,-32.9487],[-60.7189,-32.9487],[-60.7194,-32.9488],[-60.7189,-32.9488],[-60.7171,-32.9488],[-60.7155,-32.9487],[-60.7135,-32.9487],[-60.7124,-32.9486]],[[-64.1697,-31.2734],[-64.1699,-31.274],[-64.1702,-31.2757],[-64.1704,-31.2766]],[[-64.1601,-31.2399],[-64.1612,-31.2305],[-64.1536,-31.194],[-64.1535,-31.1938],[-64.1532,-31.1928],[-64.153,-31.1919],[-64.1529,-31.1908],[-64.1527,-31.1897],[-64.1525,-31.189],[-64.1521,-31.1866],[-64.1478,-31.163],[-64.133,-31.1388],[-64.1322,-31.1382],[-64.1309,-31.1371],[-64.1304,-31.1366],[-64.1262,-31.0638],[-64.1195,-31.0375],[-64.1179,-31.0304],[-64.1176,-31.0294],[-64.1165,-31.0258],[-64.1149,-31.0225],[-64.1135,-31.0197],[-64.1121,-31.0164],[-64.1088,-31.008],[-64.1085,-31.0075],[-64.1085,-31.0074],[-64.1067,-31.0038],[-64.1016,-30.9937],[-64.1015,-30.9933],[-64.1014,-30.9931],[-64.1012,-30.993],[-64.1007,-30.9925],[-64.0997,-30.9921],[-64.0976,-30.991],[-64.0971,-30.9907],[-64.0976,-30.9909],[-64.0998,-30.992],[-64.1007,-30.9925],[-64.1015,-30.9931],[-64.1015,-30.9932],[-64.1017,-30.9936],[-64.1068,-31.0038],[-64.1086,-31.0074],[-64.1109,-31.0123],[-64.115,-31.0225],[-64.1172,-31.0275],[-64.1178,-31.0293],[-64.1181,-31.0301],[-64.1183,-31.0308],[-64.1191,-31.0342],[-64.1383,-31.1144],[-64.139,-31.1184],[-64.1398,-31.1225],[-64.14,-31.1233],[-64.1412,-31.1296],[-64.1434,-31.1407],[-64.1449,-31.1482],[-64.1514,-31.1807],[-64.1526,-31.1866],[-64.1527,-31.189],[-64.1529,-31.1896],[-64.1531,-31.1908],[-64.1533,-31.1918],[-64.1536,-31.1927],[-64.154,-31.1937],[-64.161,-31.2288],[-64.1613,-31.2305]],[[-64.1761,-31.3546],[-64.1761,-31.3545],[-64.1761,-31.3543],[-64.1761,-31.3541],[-64.1761,-31.3538],[-64.1762,-31.3534],[-64.1762,-31.353],[-64.1762,-31.3515],[-64.1762,-31.3494],[-64.1761,-31.3455],[-64.1761,-31.3415],[-64.1761,-31.3413],[-64.1761,-31.3404],[-64.1761,-31.3385],[-64.1761,-31.3374]],[[-64.1761,-31.3679],[-64.1761,-31.3625],[-64.1761,-31.3619],[-64.1761,-31.3615]],[[-64.1627,-31.2413],[-64.1631,-31.2416],[-64.1635,-31.2415],[-64.1638,-31.243]],[[-64.1632,-31.2414],[-64.1634,-31.241]],[[-64.176,-31.336],[-64.1757,-31.3361],[-64.1757,-31.3352]],[[-64.1383,-31.1144],[-64.1295,-31.1346],[-64.1314,-31.1367],[-64.1314,-31.1368],[-64.1325,-31.1377],[-64.1327,-31.1379],[-64.1449,-31.1482]],[[-64.1133,-31.018],[-64.1128,-31.0181]],[[-64.1129,-31.0173],[-64.1127,-31.0174],[-64.1131,-31.0176]],[[-64.1132,-31.017],[-64.1132,-31.0177]],[[-64.1758,-31.3365],[-64.1757,-31.3364],[-64.1756,-31.3361],[-64.1757,-31.3361]],[[-64.1745,-31.298],[-64.174,-31.2958],[-64.1736,-31.2935]],[[-64.1078,-31.006],[-64.1075,-31.0061]],[[-64.1071,-31.0053],[-64.1074,-31.0051]],[[-64.1156,-31.0233],[-64.1163,-31.0236]],[[-64.14,-31.1233],[-64.1396,-31.1225]],[[-64.17,-31.2745],[-64.1699,-31.2751]],[[-64.1699,-31.275],[-64.1701,-31.2752]],[[-64.1742,-31.2968],[-64.1741,-31.2958],[-64.1739,-31.295]],[[-64.174,-31.295],[-64.1743,-31.2958],[-64.1743,-31.2964]],[[-64.1126,-31.0178],[-64.1127,-31.0174]],[[-60.5783,-33.1285],[-60.5779,-33.1287],[-60.5783,-33.1285]],[[-60.5779,-33.1287],[-60.5776,-33.1291],[-60.5779,-33.1287]],[[-64.1634,-31.2415],[-64.1635,-31.2415]],[[-64.876,-27.4846],[-64.8754,-27.4849],[-64.8744,-27.4859],[-64.8719,-27.4883],[-64.8639,-27.4959],[-64.8637,-27.496],[-64.8573,-27.5009],[-64.8558,-27.5013],[-64.8534,-27.5043],[-64.8527,-27.5053],[-64.845,-27.5145],[-64.8358,-27.5206],[-64.8318,-27.5233],[-64.3484,-27.7713],[-64.3453,-27.7729],[-64.3446,-27.7729],[-64.3426,-27.7742],[-64.3064,-27.796],[-64.3031,-27.8001],[-64.3,-27.8039],[-64.2998,-27.8041],[-64.2974,-27.8072],[-64.2969,-27.8089],[-64.2956,-27.8081],[-64.2974,-27.8072]],[[-65.2698,-26.6016],[-65.27,-26.5988],[-65.2711,-26.5923],[-65.2698,-26.6016],[-65.2662,-26.6089],[-65.2661,-26.6096],[-65.2658,-26.6123],[-65.2658,-26.6125],[-65.2367,-26.6464],[-65.237,-26.6735],[-65.2129,-26.7765],[-65.2103,-26.7819],[-65.2094,-26.7845],[-65.2084,-26.7848],[-65.1757,-26.7906],[-65.1752,-26.7913],[-65.1711,-26.8128],[-65.1715,-26.8144],[-65.173,-26.8208],[-65.1736,-26.8235],[-65.1738,-26.8242],[-65.1744,-26.8267],[-65.1753,-26.8306],[-65.1754,-26.8309],[-65.1761,-26.8338],[-65.1767,-26.8363],[-65.1768,-26.8369],[-65.1773,-26.8391],[-65.1899,-26.8584],[-65.1907,-26.8592]],[[-65.1898,-26.8587],[-65.1863,-26.8552],[-65.1765,-26.8369],[-65.1764,-26.8364],[-65.1756,-26.8332],[-65.1751,-26.8309],[-65.175,-26.8306],[-65.1741,-26.8269],[-65.1741,-26.8267],[-65.1735,-26.8242],[-65.1733,-26.8235],[-65.1733,-26.8234],[-65.1712,-26.8145],[-65.1708,-26.8128],[-65.175,-26.7911],[-65.1755,-26.7904],[-65.2093,-26.7832],[-65.2128,-26.7764],[-65.2368,-26.6735],[-65.2344,-26.6554],[-65.2367,-26.6464]],[[-65.1918,-26.8562],[-65.1918,-26.8567],[-65.1918,-26.8568],[-65.1919,-26.857],[-65.1906,-26.8589],[-65.189,-26.8609],[-65.1886,-26.8613],[-65.1881,-26.8618],[-65.1881,-26.862],[-65.1863,-26.8644],[-65.1681,-26.8745],[-65.1662,-26.8761],[-65.166,-26.8753],[-65.1681,-26.8745]],[[-65.1881,-26.8618],[-65.1885,-26.8612],[-65.1897,-26.8592],[-65.1905,-26.8581],[-65.1909,-26.8575],[-65.1912,-26.8562]],[[-65.1662,-26.8761],[-65.1661,-26.8763],[-65.165,-26.8785],[-65.165,-26.8766]],[[-64.0842,-30.9761],[-64.0848,-30.9773],[-64.0903,-30.9871],[-64.0937,-30.9889],[-64.0956,-30.9898],[-64.0971,-30.9907],[-64.0955,-30.9899],[-64.0936,-30.9889],[-64.0917,-30.9879],[-64.0881,-30.9842],[-64.0847,-30.9773],[-64.0842,-30.9761],[-64.0822,-30.9665],[-64.082,-30.9656],[-64.0796,-30.9502],[-64.0796,-30.9501],[-64.0788,-30.944],[-64.0787,-30.9435],[-64.0741,-30.8073],[-64.0741,-30.8071],[-64.0739,-30.8056],[-64.0738,-30.8053],[-64.0726,-30.8024],[-64.0725,-30.8022],[-64.0688,-30.7929],[-64.0683,-30.7915],[-64.0658,-30.7853],[-64.067,-30.7863],[-64.0686,-30.7895],[-64.0683,-30.7915]],[[-64.0658,-30.7853],[-64.0581,-30.7106],[-64.0572,-30.7073],[-64.0563,-30.7069]],[[-64.0879,-30.9837],[-64.0886,-30.985],[-64.0877,-30.9835]],[[-65.2798,-26.2735],[-65.2807,-26.2761],[-65.2807,-26.2762],[-65.2814,-26.2787],[-65.2809,-26.2766],[-65.2808,-26.2761],[-65.2806,-26.2755],[-65.2798,-26.2735],[-65.2789,-26.2709],[-65.2786,-26.27],[-65.2743,-26.2538],[-65.2742,-26.2536],[-65.2542,-26.237],[-65.253,-26.2361],[-65.1481,-26.0821],[-65.1454,-26.0739],[-65.1432,-26.0677],[-65.1408,-26.0603],[-65.1273,-26.0135],[-65.1237,-26.0058],[-65.1215,-26.0038],[-65.0815,-25.9689],[-65.0113,-25.8323],[-64.9654,-25.8142],[-64.9615,-25.8127],[-64.9606,-25.8125],[-64.9609,-25.8122],[-64.9602,-25.8116],[-64.9591,-25.8112],[-64.9598,-25.812],[-64.9602,-25.8116]],[[-65.2814,-26.2787],[-65.2814,-26.2852],[-65.2811,-26.29],[-65.2811,-26.2903],[-65.2809,-26.2934],[-65.2807,-26.2947],[-65.2807,-26.2956],[-65.28,-26.3057],[-65.28,-26.306],[-65.2806,-26.3216],[-65.2807,-26.3219],[-65.2813,-26.3241],[-65.2813,-26.3242],[-65.2831,-26.3306],[-65.2832,-26.3311],[-65.2845,-26.3359],[-65.2899,-26.356],[-65.2899,-26.3561],[-65.2905,-26.3585],[-65.2906,-26.3586],[-65.3045,-26.3995],[-65.3048,-26.4005],[-65.3057,-26.4087],[-65.3057,-26.4089],[-65.316,-26.4766],[-65.3168,-26.4781],[-65.3188,-26.4882],[-65.3188,-26.4885],[-65.2784,-26.5548],[-65.2782,-26.5555],[-65.2713,-26.591],[-65.2711,-26.5923]],[[-63.9434,-30.3631],[-63.9431,-30.3618],[-63.9428,-30.3618],[-63.9434,-30.3631],[-63.9636,-30.4149],[-63.9794,-30.4586],[-63.9837,-30.4716],[-63.9841,-30.4728],[-63.9869,-30.4791],[-63.9887,-30.4827],[-64.0036,-30.5423],[-64.0032,-30.5596],[-64.0032,-30.562],[-64.0031,-30.5631],[-64.0031,-30.5686],[-64.003,-30.5718],[-64.0026,-30.6015],[-64.0026,-30.6032],[-64.0083,-30.6742],[-64.0375,-30.6952],[-64.0379,-30.6956],[-64.0399,-30.6972],[-64.0528,-30.7045],[-64.0562,-30.7064],[-64.0575,-30.7066]],[[-64.2435,-27.8421],[-64.2451,-27.841],[-64.2441,-27.8404],[-64.2435,-27.8421],[-64.2432,-27.8433],[-64.2431,-27.8435],[-64.2424,-27.8476],[-64.2415,-27.8513],[-64.2412,-27.8527],[-64.2435,-27.8724],[-64.2431,-27.8754],[-64.2167,-27.9635],[-64.2252,-28.0431],[-64.2214,-28.0487],[-64.2211,-28.0496],[-64.2206,-28.0527],[-64.2219,-28.0591],[-64.1943,-28.1799],[-64.1786,-28.2819],[-64.1881,-28.3048],[-64.1894,-28.3076],[-64.1906,-28.3102],[-64.191,-28.3111],[-64.1935,-28.318],[-64.1422,-28.5161],[-63.9811,-28.8764],[-63.9809,-28.8768],[-63.9582,-29.0323],[-63.9127,-29.1827],[-63.8173,-29.3239],[-63.7108,-29.4098],[-63.6977,-29.4969],[-63.6988,-29.501],[-63.6989,-29.5017],[-63.6992,-29.5026],[-63.6999,-29.5043],[-63.7069,-29.5183],[-63.7101,-29.5367],[-63.7101,-29.5368],[-63.7243,-29.7395],[-63.7382,-29.7623],[-63.7384,-29.7626],[-63.7232,-29.8976],[-63.7233,-29.8997],[-63.7248,-29.9054],[-63.725,-29.9064],[-63.7263,-29.9114],[-63.7265,-29.9121],[-63.7455,-29.9691],[-63.8192,-30.0685],[-63.8243,-30.0784],[-63.8255,-30.082],[-63.8381,-30.1125],[-63.8387,-30.1138],[-63.8414,-30.1166],[-63.8434,-30.1186],[-63.8474,-30.1224],[-63.8488,-30.124],[-63.8493,-30.1254],[-63.8494,-30.1257],[-63.8494,-30.1261],[-63.8649,-30.1778],[-63.8649,-30.1781],[-63.9047,-30.2621],[-63.9047,-30.2622],[-63.9259,-30.318],[-63.9258,-30.3192],[-63.9391,-30.3496],[-63.9393,-30.3501],[-63.9396,-30.3507],[-63.9404,-30.3545],[-63.9409,-30.3566],[-63.9413,-30.3571],[-63.9413,-30.3577]],[[-64.2969,-27.8089],[-64.297,-27.8095],[-64.2958,-27.8106],[-64.2939,-27.8124],[-64.2942,-27.8097],[-64.2958,-27.8106]],[[-64.2451,-27.841],[-64.2453,-27.8409],[-64.2473,-27.8405],[-64.2523,-27.8409],[-64.2654,-27.8411],[-64.2699,-27.841],[-64.2764,-27.8397],[-64.2782,-27.838],[-64.2791,-27.8385],[-64.2801,-27.8373],[-64.2808,-27.8359],[-64.281,-27.8357],[-64.2812,-27.8355],[-64.2939,-27.8124]],[[-64.0561,-30.707],[-64.0559,-30.7064],[-64.0567,-30.7068],[-64.0568,-30.7068],[-64.0562,-30.7064]],[[-64.0575,-30.7067],[-64.0575,-30.7074],[-64.0581,-30.7106]],[[-65.1661,-26.8763],[-65.1649,-26.8765],[-65.166,-26.8753]],[[-63.9409,-30.3566],[-63.9411,-30.3572],[-63.9425,-30.3607],[-63.9429,-30.3614],[-63.9431,-30.3614],[-63.9432,-30.3617],[-63.9431,-30.3618]],[[-64.8761,-27.4841],[-64.8765,-27.4838],[-64.9518,-27.3736],[-64.9528,-27.3718],[-64.954,-27.3696],[-64.9572,-27.3636],[-64.9573,-27.3635],[-64.9586,-27.361],[-65.1109,-27.1855],[-65.1112,-27.1852],[-65.1512,-27.1208],[-65.1622,-26.9206],[-65.1622,-26.9204],[-65.1636,-26.9006],[-65.1642,-26.8899],[-65.165,-26.8785]],[[-65.2809,-26.2934],[-65.2808,-26.2947],[-65.2808,-26.2948],[-65.2807,-26.2956]],[[-64.2441,-27.8404],[-64.2443,-27.8395],[-64.2456,-27.8393],[-64.2473,-27.8405]],[[-64.2791,-27.8385],[-64.2764,-27.8397]],[[-64.2801,-27.8373],[-64.2793,-27.8369],[-64.2808,-27.8359]],[[-64.2782,-27.838],[-64.2793,-27.8369]],[[-64.2456,-27.8393],[-64.2453,-27.8409]],[[-64.2942,-27.8097],[-64.2951,-27.8082],[-64.2956,-27.8081]],[[-64.0572,-30.7073],[-64.0568,-30.7068],[-64.0569,-30.7068],[-64.0575,-30.7074]],[[-64.0559,-30.7064],[-64.0528,-30.7045]],[[-63.6988,-29.501],[-63.6977,-29.4969]],[[-64.8318,-27.5233],[-64.8358,-27.5206]],[[-64.8765,-27.4838],[-64.8763,-27.4843],[-64.8759,-27.4844],[-64.8763,-27.4843]],[[-64.8754,-27.4849],[-64.8759,-27.4844]],[[-64.3449,-27.7732],[-64.3426,-27.7742]],[[-64.3446,-27.7729],[-64.3449,-27.7726],[-64.3484,-27.7713]],[[-63.9429,-30.3614],[-63.9427,-30.3615],[-63.9425,-30.3607]],[[-63.6999,-29.5043],[-63.6992,-29.5026]],[[-64.2431,-27.8754],[-64.2435,-27.8724]],[[-63.8201,-30.0702],[-63.8205,-30.0706]],[[-63.8476,-30.1227],[-63.8472,-30.1226]],[[-63.9428,-30.3618],[-63.9427,-30.3618],[-63.9426,-30.3615],[-63.9427,-30.3615]],[[-64.3449,-27.7726],[-64.3453,-27.7729]],[[-64.954,-27.3696],[-64.9535,-27.3705],[-64.9528,-27.3718]],[[-65.3791,-24.7993],[-65.389,-24.799],[-65.3792,-24.799],[-65.3791,-24.7993],[-65.3789,-24.7993],[-65.3787,-24.7991],[-65.3786,-24.7989],[-65.3729,-24.7974],[-65.3727,-24.7973],[-65.3726,-24.7973],[-65.3719,-24.7971],[-65.367,-24.7952],[-65.3641,-24.7928],[-65.3619,-24.7915],[-65.3616,-24.7913],[-65.3381,-24.7839],[-65.3378,-24.7837],[-65.3179,-24.7778],[-65.2619,-24.8064],[-65.2297,-24.8038],[-65.1585,-24.7865],[-65.1165,-24.748],[-65.0661,-24.7421],[-65.0656,-24.742],[-65.0323,-24.7392],[-65.0315,-24.7392],[-65.0303,-24.7398],[-65.03,-24.7401],[-65.0295,-24.7418],[-65.0302,-24.7955],[-65.0285,-24.7969],[-65.0282,-24.7972],[-65.0021,-24.889],[-64.9806,-24.8983],[-65.0162,-25.1302],[-65.0161,-25.1314],[-65.0157,-25.134],[-64.976,-25.1722],[-64.9759,-25.1723],[-64.9369,-25.2164],[-64.9368,-25.2165],[-64.92,-25.2324],[-64.9198,-25.2327],[-64.9217,-25.2593],[-64.9217,-25.2597],[-64.9359,-25.3347],[-64.9358,-25.3353],[-64.9337,-25.3533],[-64.9475,-25.4085],[-64.9473,-25.409],[-64.9753,-25.4756],[-64.976,-25.4771],[-64.9773,-25.483],[-64.9779,-25.4856],[-64.9817,-25.5035],[-64.9795,-25.493],[-64.9779,-25.4856]],[[-65.4121,-24.7468],[-65.4135,-24.7405],[-65.4141,-24.7375],[-65.4141,-24.7371],[-65.4121,-24.7323],[-65.4113,-24.73],[-65.4112,-24.7296],[-65.4108,-24.7277],[-65.4104,-24.7248],[-65.4103,-24.7246],[-65.4093,-24.716],[-65.4097,-24.7159],[-65.4095,-24.7155],[-65.4092,-24.7156],[-65.4092,-24.7151],[-65.4085,-24.7109],[-65.4083,-24.7099],[-65.4081,-24.7062],[-65.4081,-24.7061],[-65.4081,-24.7058],[-65.4101,-24.6965],[-65.4101,-24.6964],[-65.4099,-24.6962],[-65.4098,-24.6961],[-65.3945,-24.6892],[-65.3922,-24.6895],[-65.3791,-24.6518],[-65.3793,-24.6516],[-65.3742,-24.6013],[-65.3637,-24.5809],[-65.367,-24.577],[-65.3671,-24.5769],[-65.3832,-24.5621],[-65.3839,-24.5593],[-65.3842,-24.559],[-65.3852,-24.5561],[-65.3651,-24.5467],[-65.3648,-24.5466],[-65.3682,-24.5296],[-65.3371,-24.51],[-65.3109,-24.5024],[-65.2963,-24.4855],[-65.2964,-24.4854],[-65.29,-24.4766],[-65.2898,-24.4726],[-65.3019,-24.4449],[-65.302,-24.4447],[-65.2998,-24.4321],[-65.2954,-24.4256],[-65.2943,-24.4243],[-65.2882,-24.4165],[-65.2879,-24.4164],[-65.2876,-24.4157],[-65.2822,-24.4079],[-65.2821,-24.4077],[-65.2712,-24.3939],[-65.2671,-24.382],[-65.256,-24.3753],[-65.2531,-24.3712],[-65.251,-24.3624],[-65.2504,-24.3606],[-65.2476,-24.3336],[-65.2698,-24.2964],[-65.2718,-24.2926],[-65.2719,-24.2923],[-65.2754,-24.2808],[-65.2755,-24.2685],[-65.2755,-24.2675],[-65.275,-24.2572],[-65.2754,-24.2545],[-65.2756,-24.2532],[-65.2759,-24.2511],[-65.2761,-24.2499],[-65.2765,-24.2476],[-65.2766,-24.247],[-65.2752,-24.2366],[-65.2752,-24.2331],[-65.2758,-24.2304],[-65.2748,-24.2265],[-65.2739,-24.2221]],[[-65.5963,-22.0964],[-65.5962,-22.0967],[-65.596,-22.098],[-65.5956,-22.1015],[-65.5951,-22.1014],[-65.5949,-22.1015],[-65.594,-22.1002],[-65.594,-22.1],[-65.5959,-22.0985],[-65.5961,-22.0984],[-65.6008,-22.0977],[-65.5995,-22.1079],[-65.598,-22.1176],[-65.5994,-22.1079],[-65.6007,-22.0977],[-65.5961,-22.0985],[-65.5958,-22.0986],[-65.5943,-22.1],[-65.5943,-22.1002],[-65.5951,-22.1014],[-65.595,-22.1015],[-65.5949,-22.1015]],[[-65.412,-24.7705],[-65.412,-24.7699],[-65.4122,-24.7652],[-65.4122,-24.7591],[-65.412,-24.7566],[-65.4117,-24.7512],[-65.4118,-24.7505],[-65.4119,-24.7499],[-65.4121,-24.7471]],[[-65.598,-22.1176],[-65.5992,-22.1247],[-65.5997,-22.1267],[-65.6049,-22.1402],[-65.6049,-22.1405],[-65.6206,-22.1758],[-65.6207,-22.1762],[-65.6548,-22.2275],[-65.655,-22.2278],[-65.6791,-22.281],[-65.6793,-22.2829],[-65.681,-22.2938],[-65.6816,-22.2977],[-65.682,-22.3004],[-65.6826,-22.3039],[-65.6826,-22.304],[-65.7002,-22.4157],[-65.7008,-22.4198],[-65.7009,-22.4203],[-65.7015,-22.4239],[-65.7016,-22.4247],[-65.7018,-22.4258],[-65.7022,-22.4285],[-65.7071,-22.4615],[-65.7071,-22.4616],[-65.6978,-22.5319],[-65.6968,-22.5341],[-65.6955,-22.5394],[-65.6954,-22.54],[-65.6954,-22.5402],[-65.6953,-22.5407],[-65.6953,-22.5684],[-65.6953,-22.5685],[-65.6962,-22.5872],[-65.6962,-22.5873],[-65.6978,-22.6234],[-65.6978,-22.6235],[-65.702,-22.6538],[-65.702,-22.654],[-65.7047,-22.6674],[-65.7047,-22.6675],[-65.7049,-22.6688],[-65.7049,-22.6691],[-65.6975,-22.6956],[-65.6972,-22.6959],[-65.6945,-22.7096],[-65.6952,-22.7145],[-65.6953,-22.7155],[-65.6955,-22.7161],[-65.6956,-22.717],[-65.6969,-22.7264],[-65.6975,-22.7301],[-65.6976,-22.7311],[-65.6977,-22.7323],[-65.6979,-22.7337],[-65.6981,-22.7354],[-65.6983,-22.7367],[-65.6983,-22.7369],[-65.6979,-22.7542],[-65.6979,-22.7544],[-65.7031,-22.7688],[-65.7032,-22.769],[-65.692,-22.8354],[-65.6917,-22.8362],[-65.6533,-22.8695],[-65.6531,-22.8697],[-65.6419,-22.8819],[-65.6416,-22.8821],[-65.638,-22.8831],[-65.6378,-22.883],[-65.623,-22.8891],[-65.6228,-22.8892],[-65.5926,-22.9212],[-65.5913,-22.9213],[-65.5877,-22.9209],[-65.5863,-22.9206],[-65.5632,-22.9216],[-65.5629,-22.9219],[-65.5612,-22.9228],[-65.5563,-22.923],[-65.556,-22.923],[-65.5524,-22.9231],[-65.5221,-22.9379],[-65.5218,-22.9381],[-65.5031,-22.9595],[-65.5018,-22.9595],[-65.5003,-22.9595],[-65.4997,-22.9595],[-65.4984,-22.9613],[-65.4973,-22.9626],[-65.4949,-22.9644],[-65.4941,-22.9648],[-65.4776,-22.9773],[-65.4653,-22.9758],[-65.4651,-22.9759],[-65.45,-22.9711],[-65.4493,-22.9711],[-65.4397,-22.9687],[-65.4395,-22.9687],[-65.4386,-22.9688],[-65.4365,-22.9684],[-65.4362,-22.9683],[-65.4356,-22.9677],[-65.4349,-22.9667],[-65.4265,-22.9583],[-65.4262,-22.958],[-65.4213,-22.951],[-65.4212,-22.9509],[-65.4197,-22.9494],[-65.4195,-22.9492],[-65.4033,-22.9515],[-65.4007,-22.9532],[-65.4003,-22.9534],[-65.3876,-22.98],[-65.3696,-22.9972],[-65.3883,-23.0495],[-65.3885,-23.0498],[-65.3902,-23.0579],[-65.3904,-23.0584],[-65.3878,-23.0707],[-65.3877,-23.0718],[-65.3686,-23.1261],[-65.3679,-23.1269],[-65.3674,-23.1278],[-65.3674,-23.1281],[-65.3682,-23.1305],[-65.3689,-23.1317],[-65.3701,-23.1342],[-65.3701,-23.1345],[-65.3731,-23.1442],[-65.3732,-23.1445],[-65.3724,-23.1624],[-65.3722,-23.1634],[-65.3642,-23.1845],[-65.3621,-23.1883],[-65.3619,-23.1887],[-65.3579,-23.1979],[-65.3574,-23.1988],[-65.3572,-23.1991],[-65.3565,-23.2004],[-65.3559,-23.2014],[-65.3536,-23.213],[-65.3536,-23.2142],[-65.3538,-23.2165],[-65.3539,-23.2178],[-65.3541,-23.2189],[-65.3598,-23.2599],[-65.3599,-23.2602],[-65.3617,-23.268],[-65.3617,-23.2683],[-65.356,-23.3006],[-65.3556,-23.3017],[-65.3536,-23.3078],[-65.3531,-23.3089],[-65.353,-23.309],[-65.3509,-23.315],[-65.3482,-23.3196],[-65.3473,-23.3229],[-65.3493,-23.3398],[-65.3493,-23.3436],[-65.3457,-23.3569],[-65.3454,-23.358],[-65.3416,-23.3675],[-65.3415,-23.368],[-65.3397,-23.3814],[-65.3408,-23.3832],[-65.3413,-23.384],[-65.3421,-23.3854],[-65.3427,-23.3865],[-65.343,-23.3868],[-65.3431,-23.3871],[-65.3468,-23.3954],[-65.3497,-23.4092],[-65.3497,-23.4095],[-65.3515,-23.4139],[-65.3519,-23.4246],[-65.3519,-23.4248],[-65.352,-23.429],[-65.3492,-23.4421],[-65.3492,-23.4424],[-65.3513,-23.4491],[-65.3538,-23.4562],[-65.3539,-23.4567],[-65.3626,-23.4755],[-65.3632,-23.4781],[-65.3632,-23.4785],[-65.3654,-23.4868],[-65.3654,-23.4869],[-65.365,-23.4925],[-65.3672,-23.4943],[-65.368,-23.4951],[-65.3692,-23.4971],[-65.3694,-23.4974],[-65.3764,-23.5312],[-65.3769,-23.5321],[-65.3773,-23.5327],[-65.3787,-23.5353],[-65.3862,-23.5505],[-65.3864,-23.5509],[-65.3928,-23.5659],[-65.3943,-23.5681],[-65.3945,-23.5684],[-65.4005,-23.5749],[-65.4007,-23.575],[-65.4051,-23.5817],[-65.4052,-23.5819],[-65.4102,-23.5897],[-65.4103,-23.5899],[-65.4104,-23.5903],[-65.4118,-23.5965],[-65.4082,-23.6001],[-65.4071,-23.6026],[-65.4091,-23.6171],[-65.4105,-23.62],[-65.4113,-23.6223],[-65.4125,-23.624],[-65.4131,-23.6254],[-65.4133,-23.629],[-65.4152,-23.633],[-65.4169,-23.6372],[-65.4187,-23.6396],[-65.419,-23.6399],[-65.4255,-23.6471],[-65.4272,-23.6497],[-65.4282,-23.6509],[-65.438,-23.665],[-65.4382,-23.6653],[-65.4413,-23.6701],[-65.4413,-23.6702],[-65.4461,-23.6777],[-65.4462,-23.6779],[-65.4517,-23.6992],[-65.4519,-23.6994],[-65.4556,-23.7149],[-65.4558,-23.7154],[-65.4564,-23.7166],[-65.4696,-23.7427],[-65.4695,-23.743],[-65.4694,-23.7434],[-65.4696,-23.747],[-65.4692,-23.7443],[-65.4694,-23.7434]],[[-65.4696,-23.747],[-65.4705,-23.7486],[-65.4784,-23.7687],[-65.4796,-23.775],[-65.4798,-23.7759],[-65.4799,-23.7762],[-65.4799,-23.7769],[-65.4798,-23.7792],[-65.4798,-23.7799],[-65.4798,-23.7802],[-65.4797,-23.7818],[-65.4797,-23.7821],[-65.4796,-23.7827],[-65.4796,-23.7834],[-65.4795,-23.784],[-65.4795,-23.7843],[-65.4793,-23.7851],[-65.4789,-23.7858],[-65.4761,-23.7967],[-65.4762,-23.7979],[-65.4762,-23.7989],[-65.4762,-23.7992],[-65.4763,-23.7999],[-65.4766,-23.8022],[-65.4766,-23.8031],[-65.4766,-23.8034],[-65.4767,-23.8042],[-65.4769,-23.8061],[-65.477,-23.8072],[-65.477,-23.8073],[-65.477,-23.8074],[-65.4773,-23.8085],[-65.478,-23.8108],[-65.478,-23.8119],[-65.478,-23.8121],[-65.4779,-23.8132],[-65.4779,-23.8144],[-65.4723,-23.8284],[-65.472,-23.829],[-65.4651,-23.8499],[-65.4654,-23.8518],[-65.466,-23.8589],[-65.4663,-23.8606],[-65.4594,-23.8965],[-65.4595,-23.8968],[-65.4603,-23.8988],[-65.4606,-23.8997],[-65.4608,-23.9001],[-65.4612,-23.9013],[-65.4649,-23.911],[-65.4655,-23.9123],[-65.4658,-23.913],[-65.4669,-23.9154],[-65.4645,-23.9244],[-65.4633,-23.9268],[-65.4628,-23.928],[-65.4618,-23.9361],[-65.4617,-23.9364],[-65.4665,-23.9525],[-65.4668,-23.9533],[-65.4672,-23.9542],[-65.4517,-23.9916],[-65.4462,-24.0097],[-65.4458,-24.0101],[-65.4442,-24.0181],[-65.4437,-24.019],[-65.4397,-24.0288],[-65.4391,-24.0305],[-65.4321,-24.0353],[-65.4295,-24.041],[-65.4272,-24.0459],[-65.4268,-24.0466],[-65.4261,-24.0473],[-65.4258,-24.0476],[-65.4208,-24.0558],[-65.4204,-24.0563],[-65.4126,-24.0752],[-65.4122,-24.0758],[-65.4118,-24.0765],[-65.4117,-24.0767],[-65.411,-24.0776],[-65.4086,-24.0796],[-65.4074,-24.0865],[-65.4075,-24.0973],[-65.405,-24.1185],[-65.4049,-24.119],[-65.4048,-24.1192],[-65.4046,-24.1197],[-65.4045,-24.12],[-65.4048,-24.122],[-65.4047,-24.1222],[-65.4036,-24.127],[-65.4031,-24.1288],[-65.3985,-24.1341],[-65.3982,-24.1343],[-65.3945,-24.1389],[-65.3945,-24.139],[-65.393,-24.1434],[-65.3929,-24.1435],[-65.3873,-24.1545],[-65.3852,-24.1567],[-65.385,-24.1569],[-65.3838,-24.1581],[-65.3825,-24.1595],[-65.3788,-24.1624],[-65.3783,-24.1627],[-65.3701,-24.1679],[-65.3697,-24.1682],[-65.3666,-24.1719],[-65.3662,-24.1723],[-65.3661,-24.1724],[-65.3659,-24.1726],[-65.3542,-24.1776],[-65.3537,-24.1778],[-65.3442,-24.1811],[-65.3435,-24.1814],[-65.3353,-24.1845],[-65.3331,-24.1854],[-65.321,-24.1881],[-65.3209,-24.1882],[-65.3197,-24.1907],[-65.3196,-24.1926],[-65.3194,-24.194],[-65.3197,-24.1927],[-65.3199,-24.1907],[-65.321,-24.1883],[-65.3211,-24.1882],[-65.3331,-24.1855],[-65.3354,-24.1846],[-65.3435,-24.1815],[-65.3442,-24.1812],[-65.3538,-24.1779],[-65.3542,-24.1777],[-65.366,-24.1726],[-65.3662,-24.1725],[-65.3663,-24.1724],[-65.3667,-24.172],[-65.3697,-24.1682],[-65.37,-24.1678],[-65.3783,-24.1626],[-65.3787,-24.1624],[-65.3824,-24.1595],[-65.3837,-24.1581],[-65.3849,-24.1568],[-65.3851,-24.1566],[-65.3872,-24.1545],[-65.3928,-24.1435],[-65.3928,-24.1433],[-65.3944,-24.139],[-65.3945,-24.1389],[-65.3981,-24.1342],[-65.3983,-24.134],[-65.4003,-24.1319],[-65.4033,-24.1279],[-65.4046,-24.1221],[-65.4045,-24.12]],[[-64.9591,-25.8112],[-64.9572,-25.8088],[-64.9507,-25.7893],[-64.9497,-25.7869],[-64.9492,-25.7861],[-64.949,-25.7856],[-64.9486,-25.7847],[-64.9483,-25.7841],[-64.9479,-25.7831],[-64.9486,-25.7845],[-64.9489,-25.7851],[-64.9491,-25.7856],[-64.9497,-25.7869]],[[-65.0303,-24.7398],[-65.03,-24.7384],[-65.0323,-24.7389],[-65.0656,-24.7418],[-65.0661,-24.7418],[-65.1264,-24.7566],[-65.1582,-24.7859],[-65.2305,-24.8036],[-65.2625,-24.806],[-65.3179,-24.7777],[-65.3321,-24.7798],[-65.3379,-24.7836],[-65.3382,-24.7838],[-65.3617,-24.7912],[-65.362,-24.7913],[-65.3678,-24.7957],[-65.3726,-24.7972],[-65.3727,-24.7972],[-65.3789,-24.7989],[-65.3792,-24.799]],[[-64.9817,-25.5035],[-64.9768,-25.5188],[-64.9765,-25.5195],[-64.9763,-25.5201],[-64.9759,-25.522],[-64.9748,-25.5257],[-64.9743,-25.5271],[-64.9741,-25.5276],[-64.9688,-25.5844],[-64.9688,-25.5849],[-64.9465,-25.6447],[-64.9464,-25.645],[-64.9437,-25.7157],[-64.9438,-25.7252],[-64.9438,-25.7255],[-64.9448,-25.7485],[-64.9448,-25.7504],[-64.9448,-25.7508],[-64.9448,-25.7541],[-64.9448,-25.7561],[-64.9449,-25.7672],[-64.9449,-25.7686],[-64.9454,-25.7775],[-64.9456,-25.778],[-64.9469,-25.7809],[-64.9479,-25.7831]],[[-65.2759,-24.2511],[-65.2761,-24.2501],[-65.2766,-24.2471],[-65.2769,-24.2451],[-65.2752,-24.236],[-65.2752,-24.2337],[-65.2758,-24.2304],[-65.2757,-24.2301],[-65.2747,-24.2265],[-65.2741,-24.2248],[-65.2737,-24.2204],[-65.2739,-24.2182],[-65.2754,-24.2165],[-65.2759,-24.2164],[-65.2776,-24.2158],[-65.2788,-24.2151],[-65.2843,-24.2129],[-65.2899,-24.2113],[-65.2902,-24.2112],[-65.2958,-24.2089],[-65.296,-24.2089],[-65.2996,-24.2071],[-65.3001,-24.2069],[-65.3068,-24.2033],[-65.3073,-24.203],[-65.3193,-24.1943],[-65.3194,-24.194],[-65.3192,-24.1943],[-65.3072,-24.2029],[-65.3068,-24.2032],[-65.3,-24.2068],[-65.2995,-24.207],[-65.2959,-24.2088],[-65.2958,-24.2089],[-65.2903,-24.2113],[-65.2899,-24.2114],[-65.2873,-24.2123],[-65.277,-24.2174],[-65.2764,-24.2176]],[[-65.03,-24.7401],[-65.0291,-24.7399],[-65.0289,-24.7386],[-65.0297,-24.7382],[-65.03,-24.7384]],[[-65.4096,-24.716],[-65.4105,-24.7245],[-65.4106,-24.7247],[-65.411,-24.7276],[-65.4114,-24.7296],[-65.4115,-24.7299],[-65.4124,-24.7325],[-65.4143,-24.7371],[-65.4143,-24.7374],[-65.4143,-24.7378],[-65.4139,-24.74],[-65.4126,-24.7468]],[[-65.4125,-24.7471],[-65.4121,-24.7497],[-65.412,-24.7499],[-65.4119,-24.7505],[-65.4118,-24.7511],[-65.4123,-24.7706]],[[-65.6977,-22.7323],[-65.6975,-22.7311],[-65.6973,-22.7302],[-65.6968,-22.7264],[-65.6955,-22.717],[-65.6954,-22.7162],[-65.6953,-22.7155]],[[-65.0295,-24.7418],[-65.0291,-24.7399]],[[-65.4092,-24.7151],[-65.4095,-24.7155]],[[-65.256,-24.3753],[-65.2539,-24.3747],[-65.2531,-24.3712]],[[-64.9609,-25.8122],[-64.9615,-25.8127]],[[-65.3787,-24.7991],[-65.3789,-24.7989]],[[-64.9606,-25.8125],[-64.9598,-25.812]],[[-65.4093,-24.716],[-65.4092,-24.7156]],[[-65.5943,-22.1002],[-65.594,-22.1002]],[[-65.3973,-24.7964],[-65.3946,-24.7953],[-65.3975,-24.7953]],[[-65.4105,-23.62],[-65.4091,-23.6171]],[[-65.3842,-24.559],[-65.3839,-24.5593]],[[-65.3946,-24.7953],[-65.3937,-24.7954],[-65.3928,-24.7955],[-65.392,-24.7956],[-65.391,-24.7961],[-65.389,-24.799]],[[-65.594,-22.1],[-65.5943,-22.1]]]}},{"type":"Feature","properties":{"ref":"RN 11"},"geometry":{"type":"MultiLineString","coordinates":[[[-60.739,-32.7345],[-60.7388,-32.7346],[-60.7339,-32.7354],[-60.7338,-32.7354],[-60.739,-32.7345],[-60.7394,-32.7344],[-60.7396,-32.7344],[-60.7425,-32.7339],[-60.7425,-32.7315],[-60.7469,-32.7267],[-60.7524,-32.7195],[-60.7527,-32.719],[-60.7533,-32.7182],[-60.7535,-32.7179],[-60.7536,-32.7178],[-60.7539,-32.7174],[-60.7543,-32.7168],[-60.7546,-32.7163],[-60.7548,-32.716],[-60.756,-32.7144],[-60.7563,-32.7139],[-60.7567,-32.7134],[-60.7573,-32.7127],[-60.7576,-32.7124],[-60.7581,-32.7117],[-60.7588,-32.7108],[-60.7614,-32.7075],[-60.7652,-32.7026],[-60.765,-32.7022]],[[-60.6987,-32.8733],[-60.699,-32.8721],[-60.6993,-32.8713],[-60.6994,-32.8711],[-60.6997,-32.8701],[-60.6999,-32.8694],[-60.7001,-32.8689],[-60.7009,-32.8662],[-60.701,-32.8658],[-60.7013,-32.8649],[-60.7022,-32.8619],[-60.7023,-32.8615],[-60.7031,-32.8588],[-60.7033,-32.8582],[-60.7034,-32.858],[-60.7034,-32.8579],[-60.7041,-32.8556],[-60.7056,-32.8505],[-60.7063,-32.8483],[-60.7066,-32.8475],[-60.7075,-32.8446],[-60.7077,-32.8439],[-60.7083,-32.8417],[-60.7085,-32.841],[-60.7091,-32.8392],[-60.7093,-32.8385],[-60.7099,-32.8364],[-60.71,-32.8361],[-60.7108,-32.8342],[-60.7059,-32.8505],[-60.7045,-32.855],[-60.7043,-32.8549]],[[-60.7108,-32.8342],[-60.7113,-32.8327],[-60.7116,-32.8318],[-60.7117,-32.8314],[-60.7122,-32.8298],[-60.7134,-32.8256],[-60.7137,-32.8246],[-60.7153,-32.8195],[-60.7153,-32.8194],[-60.7171,-32.8136],[-60.7179,-32.811],[-60.7207,-32.8015],[-60.7208,-32.8012],[-60.721,-32.8007],[-60.7242,-32.7902],[-60.7245,-32.7892],[-60.7277,-32.7786],[-60.7284,-32.7764],[-60.7302,-32.7706],[-60.7307,-32.7696],[-60.7312,-32.7688],[-60.7313,-32.7682],[-60.7314,-32.7668],[-60.7314,-32.7666],[-60.732,-32.7645],[-60.7329,-32.7611],[-60.7338,-32.7583],[-60.7341,-32.7576],[-60.7343,-32.757],[-60.7344,-32.7564],[-60.7344,-32.755],[-60.7343,-32.7524],[-60.7342,-32.7497],[-60.7342,-32.7496],[-60.7342,-32.7478],[-60.7342,-32.7477],[-60.7342,-32.7468],[-60.7341,-32.7449],[-60.7341,-32.7441],[-60.7341,-32.7431],[-60.734,-32.7422],[-60.734,-32.7406],[-60.7339,-32.7377],[-60.7339,-32.7354]],[[-60.7342,-31.6639],[-60.7389,-31.6654],[-60.739,-31.6654],[-60.7392,-31.6654],[-60.7454,-31.6665],[-60.7464,-31.6666],[-60.7513,-31.6675],[-60.7529,-31.6677],[-60.7535,-31.6678],[-60.7512,-31.6676],[-60.7463,-31.6668],[-60.7453,-31.6666],[-60.7389,-31.6654],[-60.7348,-31.6642],[-60.7339,-31.664],[-60.7324,-31.6636],[-60.7315,-31.6633],[-60.7299,-31.6628],[-60.7297,-31.6627],[-60.7294,-31.6626],[-60.7286,-31.6624],[-60.7294,-31.6626],[-60.7297,-31.6627],[-60.7298,-31.6627],[-60.7316,-31.6632],[-60.7324,-31.6635],[-60.7343,-31.6641],[-60.7348,-31.6642]],[[-60.7317,-31.6639],[-60.7318,-31.6636],[-60.732,-31.6632],[-60.7321,-31.6629]],[[-60.7322,-31.6629],[-60.7321,-31.6632],[-60.7319,-31.6636],[-60.7318,-31.6638]],[[-60.7397,-31.6547],[-60.7399,-31.6539]],[[-60.74,-31.6539],[-60.7398,-31.6547]],[[-60.8038,-31.7085],[-60.8042,-31.7092],[-60.8046,-31.71],[-60.8047,-31.7103],[-60.8048,-31.7104],[-60.8049,-31.7107],[-60.8052,-31.7113],[-60.8056,-31.7118],[-60.8053,-31.7112],[-60.805,-31.7105],[-60.8049,-31.7103],[-60.8048,-31.7103],[-60.8048,-31.7101],[-60.8043,-31.7092],[-60.8038,-31.7085],[-60.8011,-31.7032],[-60.801,-31.703],[-60.7961,-31.6937],[-60.7952,-31.6919],[-60.789,-31.6845],[-60.7808,-31.686],[-60.7787,-31.6853],[-60.7797,-31.6862],[-60.7808,-31.686]],[[-60.7284,-32.7764],[-60.73,-32.7709],[-60.7302,-32.7703],[-60.731,-32.7688],[-60.7312,-32.7683],[-60.7313,-32.7664],[-60.7316,-32.7655],[-60.7319,-32.7645],[-60.7327,-32.7612],[-60.7326,-32.7611],[-60.7328,-32.761],[-60.7343,-32.7564],[-60.7343,-32.755],[-60.7342,-32.7524],[-60.7341,-32.7497],[-60.7341,-32.7496],[-60.7341,-32.7478],[-60.7341,-32.7477],[-60.734,-32.7449],[-60.734,-32.7431],[-60.7339,-32.7422],[-60.7339,-32.7414],[-60.7339,-32.7399],[-60.7339,-32.7386],[-60.7338,-32.7377],[-60.7338,-32.7376],[-60.7338,-32.7354]],[[-60.9815,-32.2298],[-60.9816,-32.2311],[-60.9817,-32.2311],[-60.9815,-32.2298],[-60.9811,-32.229],[-60.9811,-32.228],[-60.972,-32.0738],[-60.944,-32.0472],[-60.9438,-32.0467],[-60.9375,-32.0334],[-60.9374,-32.0331],[-60.9331,-32.0242],[-60.9324,-32.0228],[-60.9312,-32.0201],[-60.9309,-32.0194],[-60.93,-32.0039],[-60.9292,-31.9848],[-60.9283,-31.9806],[-60.927,-31.9737],[-60.9269,-31.9737],[-60.9267,-31.9724],[-60.9267,-31.9723],[-60.9265,-31.9716],[-60.9266,-31.9719],[-60.9267,-31.9723],[-60.927,-31.9737]],[[-60.7651,-32.7021],[-60.7658,-32.7019],[-60.7709,-32.6953],[-60.778,-32.6861],[-60.7829,-32.6797],[-60.7835,-32.679],[-60.7879,-32.6733],[-60.7915,-32.6686],[-60.8002,-32.6574],[-60.8057,-32.6504],[-60.806,-32.65],[-60.8088,-32.6464],[-60.8142,-32.6391],[-60.8145,-32.6386],[-60.8146,-32.6384],[-60.8151,-32.6376],[-60.8157,-32.6367],[-60.8162,-32.6361],[-60.8185,-32.6331],[-60.8224,-32.6281],[-60.8353,-32.6113],[-60.8371,-32.6091],[-60.8441,-32.6],[-60.8472,-32.5957],[-60.8473,-32.5955],[-60.8475,-32.5942],[-60.8478,-32.5928],[-60.8491,-32.585],[-60.8501,-32.5791],[-60.8528,-32.5695],[-60.8585,-32.556],[-60.8591,-32.5549],[-60.8596,-32.5541],[-60.8643,-32.546],[-60.8669,-32.5415],[-60.8673,-32.5408],[-60.8871,-32.4686],[-60.8874,-32.4674],[-60.8875,-32.4665],[-60.8876,-32.4661],[-60.8877,-32.4658],[-60.8878,-32.465],[-60.8879,-32.4647],[-60.8881,-32.4636],[-60.8878,-32.4646],[-60.8876,-32.4656],[-60.8875,-32.4661],[-60.8875,-32.4664],[-60.8873,-32.467],[-60.8873,-32.4673],[-60.8871,-32.4686]],[[-60.7045,-32.855],[-60.7036,-32.8579],[-60.7036,-32.858],[-60.7035,-32.8582],[-60.7015,-32.8649],[-60.6997,-32.8709],[-60.6996,-32.8713],[-60.6993,-32.8722],[-60.699,-32.8733],[-60.699,-32.8734]],[[-60.89,-32.4528],[-60.8884,-32.4614],[-60.89,-32.4528],[-60.8909,-32.4513],[-60.8917,-32.45],[-60.8976,-32.441],[-60.9276,-32.3915],[-60.9281,-32.3901],[-60.9364,-32.3689],[-60.9374,-32.3662],[-60.9417,-32.3545],[-60.9425,-32.3528],[-60.9446,-32.3478],[-60.9805,-32.2427],[-60.9805,-32.2412],[-60.9803,-32.238],[-60.9803,-32.2311],[-60.9808,-32.2311],[-60.9816,-32.2311]],[[-60.7243,-31.6134],[-60.7258,-31.6104],[-60.7261,-31.6101]],[[-60.7433,-31.5979],[-60.7437,-31.5976],[-60.7467,-31.5953]],[[-60.7574,-31.5655],[-60.7574,-31.566],[-60.7573,-31.5669]],[[-60.7469,-31.5953],[-60.7466,-31.5955],[-60.7438,-31.5976],[-60.7434,-31.598]],[[-60.7463,-31.5337],[-60.7463,-31.534]],[[-60.7498,-31.5565],[-60.7502,-31.5568]],[[-60.7501,-31.5568],[-60.7497,-31.5565]],[[-60.7566,-31.5631],[-60.7565,-31.5627]],[[-60.7462,-31.5339],[-60.7463,-31.5336],[-60.7506,-31.5053]],[[-60.7573,-31.5661],[-60.7572,-31.5655]],[[-60.7566,-31.5627],[-60.7567,-31.563]],[[-60.7524,-31.497],[-60.7523,-31.4974],[-60.7522,-31.4978]],[[-60.7593,-31.4616],[-60.7593,-31.4615]],[[-60.7547,-31.4868],[-60.7546,-31.4871]],[[-60.7545,-31.4871],[-60.7546,-31.4868]],[[-60.7418,-31.4375],[-60.743,-31.4368],[-60.742,-31.4366],[-60.7422,-31.4356],[-60.743,-31.4368]],[[-60.9256,-31.9671],[-60.9261,-31.9695],[-60.9256,-31.9671],[-60.9279,-31.9593],[-60.925,-31.949],[-60.9239,-31.9456],[-60.9237,-31.9453],[-60.9035,-31.9111],[-60.9033,-31.9107],[-60.9032,-31.9104],[-60.8883,-31.8735],[-60.8866,-31.8677],[-60.8808,-31.8485],[-60.8719,-31.8189],[-60.8663,-31.798],[-60.866,-31.7977],[-60.8181,-31.7393],[-60.8056,-31.7118]],[[-60.7422,-31.4356],[-60.7469,-31.4044],[-60.7473,-31.3996],[-60.758,-31.2621],[-60.7578,-31.2609],[-60.7572,-31.2578],[-60.7571,-31.2577],[-60.744,-31.1945],[-60.7441,-31.1916],[-60.7437,-31.19],[-60.7431,-31.187],[-60.742,-31.1812],[-60.7225,-31.0666],[-60.7215,-31.0628],[-60.7113,-31.0334],[-60.7087,-31.0338],[-60.6623,-30.9518],[-60.6529,-30.9342],[-60.6069,-30.8479],[-60.6049,-30.8393],[-60.6013,-30.8232],[-60.5993,-30.7847],[-60.573,-30.7698],[-60.5127,-30.7084],[-60.4987,-30.6642],[-60.3988,-30.3684],[-60.3969,-30.3596],[-60.36,-30.2271],[-60.3483,-30.1745],[-60.3482,-30.1743],[-60.2474,-29.6901],[-60.2142,-29.4919],[-60.2119,-29.4857],[-60.2117,-29.4846],[-60.2115,-29.4834],[-60.2015,-29.4707],[-60.2014,-29.4705],[-60.2011,-29.4703],[-60.1853,-29.4594],[-60.1835,-29.4587],[-60.1823,-29.4582],[-60.132,-29.4374],[-60.1316,-29.4373],[-60.0818,-29.3989],[-60.0805,-29.398],[-59.9446,-29.348],[-59.8488,-29.2844],[-59.7875,-29.2791],[-59.7865,-29.2789],[-59.7857,-29.2787],[-59.7609,-29.2716],[-59.728,-29.2365],[-59.7242,-29.232],[-59.7229,-29.2304],[-59.7218,-29.2292],[-59.7175,-29.224],[-59.7152,-29.2212],[-59.6898,-29.1912],[-59.6886,-29.1899],[-59.6878,-29.1891],[-59.6672,-29.1706],[-59.6612,-29.1652],[-59.6586,-29.1613],[-59.6585,-29.1607],[-59.6584,-29.1603],[-59.6583,-29.1597],[-59.6583,-29.1595],[-59.6582,-29.1589],[-59.6581,-29.1584],[-59.6581,-29.1581],[-59.658,-29.1578],[-59.658,-29.1575],[-59.658,-29.1572],[-59.6579,-29.1568],[-59.6578,-29.1563],[-59.6578,-29.1562],[-59.6576,-29.1547],[-59.6576,-29.1546],[-59.6576,-29.1542],[-59.6575,-29.1539],[-59.6573,-29.1529],[-59.6572,-29.1518],[-59.657,-29.1507],[-59.6568,-29.1489],[-59.6567,-29.1486],[-59.6566,-29.1475],[-59.6564,-29.1465],[-59.6563,-29.1453],[-59.6562,-29.1447],[-59.6561,-29.1443],[-59.656,-29.1432],[-59.6558,-29.1421],[-59.6557,-29.141],[-59.6555,-29.14],[-59.6552,-29.1378],[-59.6551,-29.1367],[-59.6548,-29.1348],[-59.655,-29.1356],[-59.6552,-29.1367],[-59.6556,-29.1399],[-59.6558,-29.141],[-59.6561,-29.1432],[-59.6561,-29.1433],[-59.6562,-29.1443],[-59.6563,-29.1447],[-59.6564,-29.1454],[-59.6565,-29.1461],[-59.6566,-29.1469],[-59.6568,-29.1486],[-59.6569,-29.1489],[-59.6573,-29.1518],[-59.6574,-29.1528],[-59.6575,-29.1539]],[[-60.7787,-31.6853],[-60.7689,-31.6728],[-60.7681,-31.6718],[-60.7674,-31.6709],[-60.7667,-31.67],[-60.7662,-31.6693],[-60.7653,-31.6682],[-60.7647,-31.6675],[-60.764,-31.6666],[-60.762,-31.6668],[-60.761,-31.6669],[-60.7599,-31.6671],[-60.7585,-31.6672],[-60.7575,-31.6673],[-60.7565,-31.6674],[-60.7555,-31.6675],[-60.7553,-31.6676],[-60.7545,-31.6677],[-60.7544,-31.6677],[-60.7536,-31.6678],[-60.7535,-31.6678]],[[-60.7799,-31.686],[-60.7799,-31.6862]],[[-60.7793,-31.686],[-60.7794,-31.6859]],[[-60.7524,-32.7195],[-60.7529,-32.7186],[-60.7535,-32.7178],[-60.7543,-32.7168]],[[-60.7576,-32.7124],[-60.7568,-32.7134],[-60.7568,-32.7135],[-60.756,-32.7144]],[[-60.7292,-31.6245],[-60.7287,-31.6234]],[[-60.7403,-31.6004],[-60.7366,-31.6032],[-60.7363,-31.6034],[-60.7366,-31.6031],[-60.7401,-31.6004]],[[-60.752,-31.4981],[-60.7521,-31.4978]],[[-60.7418,-31.6467],[-60.7418,-31.6464]],[[-60.7419,-31.6464],[-60.7419,-31.6467]],[[-60.7334,-31.6604],[-60.7335,-31.6602]],[[-60.8881,-32.4636],[-60.8884,-32.4614]],[[-60.7541,-31.5598],[-60.7535,-31.5593]],[[-60.7652,-32.7026],[-60.7655,-32.7023],[-60.7657,-32.7019],[-60.7658,-32.7019]],[[-60.9265,-31.9716],[-60.9261,-31.9695]],[[-60.7225,-31.0666],[-60.7215,-31.0628]],[[-60.7101,-32.8359],[-60.7103,-32.8359]],[[-58.1925,-26.1421],[-58.1925,-26.1422],[-58.192,-26.1427],[-58.1923,-26.142],[-58.1925,-26.1421],[-58.1927,-26.1419],[-58.1925,-26.1418],[-58.1933,-26.1412],[-58.1927,-26.1419]],[[-58.1933,-26.1412],[-58.2007,-26.1354],[-58.2011,-26.135],[-58.205,-26.1321],[-58.2085,-26.1296],[-58.2295,-26.1139],[-58.2303,-26.1074],[-58.2286,-26.1052],[-58.2285,-26.1052],[-58.196,-26.0459],[-58.1959,-26.0458],[-58.1933,-26.0409],[-58.1932,-26.0409],[-58.1633,-25.9848],[-58.1631,-25.9844],[-58.153,-25.9752],[-58.1529,-25.9751],[-58.1439,-25.9655],[-58.1438,-25.9655],[-58.1305,-25.9464],[-58.1303,-25.9462],[-58.1177,-25.9287],[-58.1169,-25.9276],[-58.1168,-25.9275],[-58.1163,-25.9268],[-58.1162,-25.9268],[-58.1151,-25.9253],[-58.1151,-25.9252],[-58.0994,-25.9031],[-58.0992,-25.9028],[-58.087,-25.8838],[-58.0869,-25.8837],[-58.0294,-25.791],[-58.0293,-25.7909],[-58.0216,-25.7879],[-58.021,-25.7878],[-57.9634,-25.6935],[-57.963,-25.6929],[-57.9159,-25.6263],[-57.9075,-25.607],[-57.9073,-25.6067],[-57.8829,-25.5641],[-57.8828,-25.5639],[-57.8472,-25.5099],[-57.8471,-25.5098],[-57.8363,-25.4944],[-57.8362,-25.4942],[-57.7874,-25.4253],[-57.7873,-25.4252],[-57.7834,-25.42],[-57.7832,-25.4198],[-57.7797,-25.4156],[-57.7796,-25.4155],[-57.7469,-25.3519],[-57.7469,-25.3518],[-57.734,-25.3242],[-57.734,-25.324],[-57.7328,-25.3197],[-57.7312,-25.314],[-57.7309,-25.313],[-57.7263,-25.295],[-57.725,-25.2911]],[[-59.0022,-27.4113],[-59.0016,-27.4115],[-59.0014,-27.4099],[-59.0013,-27.4095],[-59.0011,-27.409],[-58.9998,-27.4058],[-58.9996,-27.4054],[-58.999,-27.4035],[-58.9985,-27.4024],[-58.9983,-27.4018],[-58.9977,-27.4004],[-58.9962,-27.3969],[-58.9962,-27.3967],[-58.9952,-27.3941],[-58.9949,-27.3932],[-58.9947,-27.3926],[-58.9946,-27.3924],[-58.9931,-27.389],[-58.9954,-27.3943],[-59.0009,-27.4082],[-59.0014,-27.4094],[-59.0016,-27.4102],[-59.0022,-27.4113],[-59.0027,-27.4123],[-59.003,-27.4135],[-59.0032,-27.414],[-59.0034,-27.4146],[-59.0044,-27.4172],[-59.0055,-27.4188],[-59.0064,-27.4198],[-59.0069,-27.4203],[-59.0088,-27.4222],[-59.0092,-27.4233],[-59.0097,-27.4256],[-59.0098,-27.4266],[-59.0101,-27.4281],[-59.0104,-27.4292],[-59.0106,-27.4303],[-59.0107,-27.4307],[-59.0109,-27.4316],[-59.0118,-27.4355],[-59.0123,-27.436],[-59.0125,-27.4362],[-59.0134,-27.4369],[-59.0137,-27.4372],[-59.0146,-27.4382],[-59.0148,-27.4384],[-59.0151,-27.4386],[-59.0154,-27.439],[-59.017,-27.4402],[-59.0177,-27.4409],[-59.0195,-27.4425],[-59.0203,-27.4431],[-59.0203,-27.4432],[-59.0208,-27.4437],[-59.0217,-27.4446],[-59.0226,-27.4454],[-59.0237,-27.4462],[-59.0241,-27.4466],[-59.0245,-27.4469],[-59.0246,-27.447],[-59.0249,-27.4473],[-59.0253,-27.4477],[-59.0254,-27.4477],[-59.0257,-27.448],[-59.0258,-27.4481],[-59.0263,-27.4486],[-59.0252,-27.4477],[-59.0245,-27.4471],[-59.0244,-27.447],[-59.0241,-27.4467],[-59.0236,-27.4463],[-59.0227,-27.4456],[-59.0225,-27.4455],[-59.022,-27.445],[-59.0216,-27.4446],[-59.0208,-27.4438],[-59.0202,-27.4432],[-59.0194,-27.4425],[-59.0185,-27.4417],[-59.0182,-27.4414],[-59.0177,-27.4409],[-59.0171,-27.4404],[-59.0169,-27.4403],[-59.0166,-27.44],[-59.0154,-27.439],[-59.0149,-27.4386],[-59.0147,-27.4385],[-59.0145,-27.4383],[-59.0143,-27.4381],[-59.0138,-27.4376],[-59.0135,-27.4373],[-59.0124,-27.4363],[-59.0122,-27.436],[-59.0117,-27.4356],[-59.0116,-27.4354],[-59.0108,-27.4317],[-59.0105,-27.4307],[-59.0105,-27.4305],[-59.0102,-27.4292],[-59.0099,-27.4276],[-59.0097,-27.4266],[-59.0096,-27.4256],[-59.0091,-27.4233],[-59.0087,-27.4223],[-59.0068,-27.4203],[-59.0063,-27.4198],[-59.0054,-27.4188],[-59.0043,-27.4172],[-59.0034,-27.4147],[-59.0031,-27.4139],[-59.003,-27.4136],[-59.0021,-27.4126],[-59.002,-27.4126],[-59.0016,-27.4115]],[[-59.0112,-27.4354],[-59.011,-27.435],[-59.0109,-27.4342],[-59.0103,-27.4313],[-59.0102,-27.4307],[-59.0101,-27.4303],[-59.0101,-27.4302],[-59.01,-27.4298],[-59.01,-27.4295],[-59.0098,-27.4284],[-59.0098,-27.4283],[-59.0097,-27.4278],[-59.0096,-27.4273],[-59.0093,-27.4257],[-59.0088,-27.4234],[-59.0085,-27.4224],[-59.0068,-27.4204],[-59.0063,-27.42],[-59.0051,-27.419],[-59.0029,-27.4141],[-59.0027,-27.4138]],[[-58.9584,-27.0877],[-58.9586,-27.0901],[-58.9599,-27.0929],[-58.9599,-27.0931],[-58.9671,-27.1096],[-58.9672,-27.1098],[-58.9701,-27.1168],[-58.9705,-27.1178],[-58.9713,-27.1197],[-58.9719,-27.121],[-58.9742,-27.1266],[-58.9743,-27.1268],[-58.9859,-27.2582],[-58.986,-27.2598],[-58.9902,-27.2917],[-58.9902,-27.2918],[-58.9961,-27.3128],[-58.9962,-27.3131],[-58.9978,-27.3183],[-58.998,-27.3188],[-58.9975,-27.3581],[-58.9924,-27.3823],[-58.9924,-27.3825],[-58.9927,-27.388],[-58.9931,-27.389]],[[-59.0322,-27.454],[-59.032,-27.4538],[-59.0309,-27.4528],[-59.0297,-27.4519],[-59.0288,-27.4511],[-59.0281,-27.4504],[-59.027,-27.4493],[-59.0263,-27.4486],[-59.0266,-27.4488],[-59.0271,-27.4492],[-59.0272,-27.4493],[-59.0282,-27.4503],[-59.0289,-27.451],[-59.0291,-27.4512],[-59.0294,-27.4515],[-59.0298,-27.4518],[-59.0303,-27.4523],[-59.0327,-27.4543],[-59.0332,-27.4548],[-59.0348,-27.4562],[-59.0352,-27.4565],[-59.0364,-27.4578],[-59.0394,-27.4604],[-59.0405,-27.4613],[-59.041,-27.4618],[-59.0436,-27.464],[-59.0437,-27.4641],[-59.0454,-27.4656],[-59.0462,-27.4665],[-59.055,-27.4742],[-59.058,-27.4769],[-59.1305,-27.5416],[-59.1309,-27.5421],[-59.181,-27.6247],[-59.1811,-27.6251],[-59.2321,-27.7166],[-59.2324,-27.717],[-59.2556,-27.7585],[-59.2907,-27.8258],[-59.2912,-27.8266],[-59.2797,-27.8802],[-59.2795,-27.8805],[-59.2637,-27.9195],[-59.2634,-27.9198],[-59.2252,-27.964],[-59.2305,-28.0],[-59.2303,-28.017],[-59.2301,-28.0175],[-59.2251,-28.0285],[-59.2247,-28.0297],[-59.224,-28.0324],[-59.225,-28.0489],[-59.2289,-28.0721],[-59.2289,-28.0723],[-59.2351,-28.1105],[-59.2637,-28.1454],[-59.2643,-28.1566],[-59.2643,-28.1572],[-59.2643,-28.1635],[-59.2668,-28.1905],[-59.2649,-28.2191],[-59.2649,-28.2202],[-59.2647,-28.2311],[-59.2645,-28.2396],[-59.2645,-28.2398],[-59.2643,-28.3076],[-59.2643,-28.3083],[-59.264,-28.3406],[-59.264,-28.3453],[-59.2639,-28.3522],[-59.2639,-28.3533],[-59.2639,-28.3582],[-59.2639,-28.3584],[-59.2638,-28.3685],[-59.2643,-28.3706],[-59.2686,-28.3867],[-59.2685,-28.3913],[-59.2759,-28.4179],[-59.277,-28.4185],[-59.3394,-28.4651],[-59.3455,-28.4796],[-59.3455,-28.488],[-59.3455,-28.4885],[-59.3455,-28.489],[-59.3455,-28.4894],[-59.3465,-28.5024],[-59.3465,-28.5318],[-59.3465,-28.5319],[-59.3489,-28.5479],[-59.3492,-28.5482],[-59.3504,-28.5497],[-59.3507,-28.55],[-59.3541,-28.554],[-59.3543,-28.5541],[-59.3549,-28.5549],[-59.3551,-28.5551],[-59.3554,-28.5555],[-59.3558,-28.5558],[-59.4166,-28.5952],[-59.4249,-28.6505],[-59.4254,-28.6536],[-59.4261,-28.6589],[-59.4344,-28.7134],[-59.4659,-28.7418],[-59.466,-28.7419],[-59.4671,-28.7429],[-59.4691,-28.7463],[-59.475,-28.7759],[-59.4751,-28.7766],[-59.4993,-28.8407],[-59.5051,-28.8492],[-59.5059,-28.8503],[-59.507,-28.8516],[-59.5514,-28.8915],[-59.5514,-28.892],[-59.5586,-28.9265],[-59.5695,-28.9494],[-59.5708,-28.9508],[-59.571,-28.951],[-59.5863,-28.9974],[-59.5997,-29.0183],[-59.5997,-29.0185],[-59.6002,-29.0219],[-59.6002,-29.022],[-59.601,-29.0272],[-59.617,-29.051],[-59.6171,-29.0512],[-59.6288,-29.0876],[-59.6291,-29.0877],[-59.6348,-29.0916],[-59.6404,-29.0953],[-59.6415,-29.096],[-59.6419,-29.0963],[-59.6423,-29.0966],[-59.6428,-29.0969],[-59.6493,-29.1018],[-59.6508,-29.1083],[-59.6515,-29.1129],[-59.6516,-29.1133],[-59.652,-29.1161],[-59.6522,-29.1172],[-59.6522,-29.1179],[-59.6523,-29.1183],[-59.6523,-29.1186],[-59.6525,-29.1194],[-59.6528,-29.1215],[-59.653,-29.1226],[-59.6531,-29.1237],[-59.6538,-29.1281],[-59.6544,-29.132],[-59.6545,-29.1327],[-59.6546,-29.1332],[-59.6548,-29.1348],[-59.6549,-29.1355]],[[-58.2309,-26.2127],[-58.2227,-26.2013],[-58.2211,-26.2006],[-58.2208,-26.2004],[-58.2195,-26.2],[-58.2176,-26.1994],[-58.2166,-26.199],[-58.2143,-26.1983],[-58.2134,-26.1983]],[[-58.2127,-26.1974],[-58.2132,-26.197],[-58.2133,-26.1968],[-58.2134,-26.1967],[-58.2134,-26.1968],[-58.2133,-26.197],[-58.2135,-26.1976]],[[-58.192,-26.1427],[-58.1891,-26.1481],[-58.1889,-26.1485],[-58.1885,-26.1494],[-58.1883,-26.1499],[-58.1862,-26.1548],[-58.186,-26.1552],[-58.1859,-26.1555],[-58.1858,-26.1568],[-58.1875,-26.158],[-58.1894,-26.1587],[-58.1921,-26.1598],[-58.1972,-26.1626],[-58.2006,-26.1663],[-58.2045,-26.1705],[-58.2074,-26.1745],[-58.21,-26.1794],[-58.2109,-26.1807],[-58.2104,-26.1793],[-58.2074,-26.1745]],[[-58.1858,-26.1568],[-58.1854,-26.1577],[-58.185,-26.1574],[-58.1851,-26.157],[-58.1852,-26.1568],[-58.1853,-26.1566],[-58.1859,-26.1556],[-58.1859,-26.1555]],[[-58.1875,-26.158],[-58.1855,-26.1575]],[[-58.6258,-26.6498],[-58.6277,-26.6507],[-58.6313,-26.6543],[-58.6314,-26.6545],[-58.6333,-26.6592],[-58.6339,-26.6607],[-58.6343,-26.6615],[-58.6359,-26.6655],[-58.645,-26.6754],[-58.6451,-26.6755],[-58.6745,-26.7066],[-58.6762,-26.7095],[-58.6762,-26.7096],[-58.6763,-26.7098],[-58.6973,-26.7438],[-58.6978,-26.7444],[-58.7172,-26.7724],[-58.7174,-26.8214],[-58.7634,-26.8653],[-58.7637,-26.8656],[-58.7794,-26.8831],[-58.7798,-26.8834],[-58.7894,-26.8999],[-58.7945,-26.9113],[-58.7988,-26.9167],[-58.799,-26.9169],[-58.8301,-26.9455],[-58.8303,-26.9457],[-58.8499,-26.9618],[-58.8501,-26.9621],[-58.8578,-26.9708],[-58.8579,-26.971],[-58.8635,-26.9773],[-58.8664,-26.9805],[-58.8762,-26.9921],[-58.8763,-26.9922],[-58.8849,-27.0024],[-58.885,-27.0025],[-58.8956,-27.0149],[-58.8958,-27.0152],[-58.9433,-27.0713],[-58.9434,-27.0714],[-58.9499,-27.0792],[-58.9501,-27.0793],[-58.954,-27.0839],[-58.9548,-27.085],[-58.9566,-27.0857]],[[-58.2752,-26.2744],[-58.2795,-26.2794],[-58.2796,-26.2796],[-58.302,-26.3166],[-58.3022,-26.3169],[-58.3205,-26.3483],[-58.3208,-26.3488],[-58.3429,-26.3903],[-58.343,-26.3912],[-58.3431,-26.3919],[-58.3465,-26.3975],[-58.3474,-26.3986]],[[-58.2562,-26.2514],[-58.2616,-26.2594],[-58.265,-26.2632],[-58.2655,-26.2638],[-58.2659,-26.2642],[-58.2703,-26.2692],[-58.2749,-26.2743],[-58.2746,-26.2745],[-58.2703,-26.2697],[-58.2657,-26.2643],[-58.2654,-26.2639],[-58.265,-26.2636],[-58.2558,-26.2517]],[[-58.3478,-26.3989],[-58.3493,-26.3993],[-58.3593,-26.4074],[-58.3596,-26.4077],[-58.3616,-26.4095],[-58.376,-26.4227],[-58.3595,-26.4078],[-58.3591,-26.4074],[-58.3494,-26.3995],[-58.3477,-26.3993]],[[-58.2121,-26.1979],[-58.2131,-26.1975],[-58.2126,-26.198],[-58.2122,-26.1979],[-58.2121,-26.1979]],[[-58.2317,-26.2129],[-58.2317,-26.214],[-58.2371,-26.2222],[-58.2373,-26.2225],[-58.2425,-26.2306],[-58.2441,-26.2329],[-58.2486,-26.24],[-58.2487,-26.2401],[-58.2558,-26.2511]],[[-58.9586,-27.0901],[-58.9573,-27.0879],[-58.9563,-27.0867],[-58.9548,-27.085]],[[-58.6249,-26.6491],[-58.6232,-26.6472],[-58.6256,-26.6484]],[[-58.6265,-26.6492],[-58.6277,-26.6507]],[[-59.0027,-27.4123],[-59.0021,-27.4126]],[[-58.376,-26.4227],[-58.4009,-26.4408],[-58.4011,-26.4409],[-58.48,-26.5139],[-58.4801,-26.5141],[-58.5056,-26.5388],[-58.5126,-26.5456],[-58.5127,-26.5457],[-58.5132,-26.5462],[-58.6232,-26.6472]],[[-58.1972,-26.1626],[-58.1921,-26.1598]],[[-58.2045,-26.1705],[-58.2006,-26.1663]],[[-58.2132,-26.1846],[-58.2146,-26.187],[-58.2154,-26.1895],[-58.2155,-26.191],[-58.2145,-26.1939],[-58.2146,-26.1935],[-58.2153,-26.191],[-58.2145,-26.187],[-58.2142,-26.1865],[-58.213,-26.1842],[-58.2132,-26.1846]],[[-58.347,-26.3989],[-58.3459,-26.3973],[-58.3429,-26.3919],[-58.3428,-26.3912],[-58.3205,-26.3489],[-58.3202,-26.3484],[-58.3189,-26.346],[-58.302,-26.317],[-58.3018,-26.3167],[-58.2794,-26.2797],[-58.2793,-26.2795],[-58.2749,-26.2747]],[[-58.1923,-26.142],[-58.1924,-26.1419],[-58.1925,-26.1418]],[[-58.1853,-26.1566],[-58.1857,-26.1567]],[[-58.8635,-26.9773],[-58.8664,-26.9805]],[[-58.2137,-26.1978],[-58.2144,-26.1982],[-58.2167,-26.1989],[-58.2177,-26.1993],[-58.2181,-26.1994],[-58.2196,-26.1999],[-58.2208,-26.2003],[-58.2212,-26.2004],[-58.2255,-26.2043],[-58.2293,-26.2101],[-58.2303,-26.2118],[-58.2312,-26.2123]],[[-58.2134,-26.1967],[-58.2137,-26.1959],[-58.2141,-26.1951],[-58.2145,-26.1939]],[[-58.2555,-26.2512],[-58.237,-26.2226],[-58.2368,-26.2223],[-58.2313,-26.2131]],[[-58.9573,-27.0879],[-58.9563,-27.0867]],[[-58.9953,-27.3945],[-58.995,-27.3943]],[[-58.9957,-27.3959],[-58.9964,-27.3957]],[[-58.9968,-27.3965],[-58.996,-27.3968]],[[-58.9967,-27.3985],[-58.9974,-27.3983]],[[-58.9977,-27.3991],[-58.997,-27.3994]],[[-58.9978,-27.4005],[-58.9985,-27.401]],[[-58.9979,-27.4017],[-58.9979,-27.401]],[[-58.9981,-27.402],[-58.9983,-27.4018],[-58.9984,-27.4017],[-58.9988,-27.4018]],[[-58.9991,-27.4025],[-58.9984,-27.4028]],[[-59.0098,-27.4284],[-59.0099,-27.4276]],[[-58.213,-26.1842],[-58.2109,-26.1807]],[[-58.2749,-26.2743],[-58.275,-26.2743],[-58.2748,-26.2747],[-58.2747,-26.2746],[-58.2746,-26.2745]],[[-57.725,-25.2645],[-57.7258,-25.2648],[-57.726,-25.2649],[-57.727,-25.265],[-57.7262,-25.2648],[-57.7259,-25.2646],[-57.725,-25.2645],[-57.7248,-25.2644],[-57.7244,-25.2643]],[[-57.7331,-25.291],[-57.7329,-25.2904],[-57.7289,-25.2655],[-57.7284,-25.2654],[-57.7276,-25.2651],[-57.727,-25.265]],[[-57.7321,-25.2913],[-57.7267,-25.2907]],[[-57.7252,-25.2645],[-57.7275,-25.2651]],[[-57.7265,-25.2902],[-57.7322,-25.2908]],[[-57.7256,-25.2913],[-57.7256,-25.2922],[-57.7263,-25.295]],[[-57.7323,-25.2908],[-57.7329,-25.2904]],[[-56.218,-23.799],[-56.2182,-23.7989]]]}},{"type":"Feature","properties":{"ref":"RN 12"},"geometry":{"type":"MultiLineString","coordinates":[[[-58.8003,-33.501],[-58.799,-33.5027],[-58.7983,-33.5035],[-58.7899,-33.5282],[-58.7916,-33.5312],[-58.7971,-33.5793],[-58.7978,-33.5823],[-58.7985,-33.5861],[-58.801,-33.5971],[-58.8014,-33.5989],[-58.8097,-33.6128],[-58.8101,-33.6135],[-58.8157,-33.6215],[-58.8159,-33.6218],[-58.8196,-33.6269],[-58.8198,-33.6271],[-58.8244,-33.6333],[-58.8247,-33.6338],[-58.8264,-33.6382],[-58.8266,-33.6387],[-58.8287,-33.644],[-58.8293,-33.6455],[-58.8298,-33.647],[-58.8345,-33.6589],[-58.8347,-33.6595],[-58.8397,-33.6728],[-58.8399,-33.6734],[-58.8458,-33.6964],[-58.8459,-33.6969],[-58.8481,-33.7066],[-58.8482,-33.7072],[-58.8537,-33.7317],[-58.8539,-33.7329],[-58.8618,-33.7569],[-58.8621,-33.7574],[-58.8731,-33.7859],[-58.8735,-33.7868],[-58.8749,-33.7905],[-58.875,-33.7907],[-58.8803,-33.8057],[-58.8804,-33.8061],[-58.88,-33.8104],[-58.88,-33.8108],[-58.8774,-33.8348],[-58.8773,-33.8355],[-58.8742,-33.8636],[-58.8741,-33.8646],[-58.8708,-33.895],[-58.8708,-33.8954],[-58.871,-33.8975],[-58.8823,-33.9089],[-58.8876,-33.9113],[-58.8899,-33.9124],[-58.904,-33.9188],[-58.9425,-33.9368],[-58.9649,-33.9687],[-58.9963,-34.0813],[-58.9976,-34.0856],[-59.0087,-34.1156],[-59.0104,-34.1172],[-59.0122,-34.1188],[-59.0166,-34.1211],[-59.0173,-34.1213],[-59.0169,-34.1216],[-59.0164,-34.1211],[-59.0129,-34.1193],[-59.0121,-34.1189],[-59.0104,-34.1172],[-59.0086,-34.1157],[-58.9976,-34.0857],[-58.9962,-34.0813],[-58.9646,-33.9684],[-58.9117,-33.9224],[-58.904,-33.9189],[-58.8899,-33.9124],[-58.8876,-33.9113],[-58.8823,-33.909],[-58.8709,-33.8975],[-58.8707,-33.8954],[-58.8707,-33.895],[-58.874,-33.8646],[-58.8741,-33.8636],[-58.8741,-33.8629],[-58.8743,-33.861],[-58.8744,-33.8602],[-58.8745,-33.8592],[-58.8747,-33.8575],[-58.8771,-33.8355],[-58.8772,-33.8351],[-58.8772,-33.8347],[-58.8798,-33.8108],[-58.8799,-33.8104],[-58.8802,-33.8061],[-58.8802,-33.8057],[-58.8749,-33.7908],[-58.8748,-33.7905],[-58.8734,-33.7868],[-58.873,-33.7859],[-58.8619,-33.7575],[-58.8617,-33.7569],[-58.8543,-33.7351],[-58.8538,-33.7329],[-58.8535,-33.7317],[-58.8534,-33.7311],[-58.853,-33.7294],[-58.8526,-33.7276],[-58.8522,-33.7259],[-58.8481,-33.7072],[-58.8479,-33.7066],[-58.8457,-33.697],[-58.8456,-33.6965],[-58.8397,-33.6734],[-58.8395,-33.6729],[-58.8346,-33.6595],[-58.8344,-33.659],[-58.8323,-33.6537],[-58.8318,-33.6524],[-58.8313,-33.6512],[-58.8297,-33.6471],[-58.8291,-33.6455],[-58.8285,-33.644],[-58.8265,-33.6387],[-58.8262,-33.6381],[-58.8245,-33.6338],[-58.8243,-33.6334],[-58.8197,-33.6272],[-58.8194,-33.6269],[-58.8158,-33.6219],[-58.8155,-33.6216],[-58.81,-33.6136],[-58.8096,-33.6129],[-58.8012,-33.5989],[-58.8008,-33.5971],[-58.8,-33.5935],[-58.7997,-33.5921],[-58.7995,-33.5914],[-58.7983,-33.5861],[-58.7976,-33.5823],[-58.797,-33.5793],[-58.7914,-33.5313],[-58.7898,-33.5282],[-58.7936,-33.5087],[-58.7953,-33.5066],[-58.796,-33.5058],[-58.7982,-33.5035],[-58.7986,-33.503]],[[-59.312,-32.3525],[-59.3092,-32.3518],[-59.3093,-32.3512],[-59.312,-32.3525],[-59.3383,-32.3641],[-59.3422,-32.366],[-59.3853,-32.3739],[-59.3858,-32.374],[-59.4532,-32.3792],[-59.5145,-32.4023],[-59.5147,-32.4024],[-59.5158,-32.4034],[-59.5331,-32.4097],[-59.5332,-32.4097],[-59.5554,-32.4109],[-59.5555,-32.4109],[-59.5867,-32.4082],[-59.5874,-32.4081],[-59.7461,-32.395],[-59.7554,-32.3956],[-59.7561,-32.3955],[-59.7614,-32.3949],[-59.7639,-32.3947],[-59.7687,-32.3941],[-59.7696,-32.394],[-59.7868,-32.3864],[-59.788,-32.3845],[-59.7901,-32.3818],[-59.7917,-32.3803],[-59.8032,-32.375],[-59.8036,-32.3749],[-59.8061,-32.3747],[-59.8066,-32.3747],[-59.9185,-32.3573],[-59.9188,-32.3571],[-59.9633,-32.3442],[-59.9639,-32.3441],[-59.9645,-32.3439],[-59.9651,-32.3437],[-59.9757,-32.34],[-59.9766,-32.3397],[-59.9777,-32.3393],[-59.9786,-32.339],[-59.9832,-32.3373],[-59.9847,-32.3368],[-59.9859,-32.3363],[-59.9874,-32.3358],[-60.0241,-32.3221],[-60.0248,-32.3218],[-60.0262,-32.3213],[-60.0267,-32.3209],[-60.0424,-32.3053],[-60.0432,-32.3043],[-60.0442,-32.3033],[-60.0452,-32.3022],[-60.0599,-32.2866],[-60.0605,-32.2859],[-60.0611,-32.2853],[-60.0616,-32.2848],[-60.2006,-32.1376],[-60.2067,-32.1281],[-60.2293,-32.0889],[-60.2674,-32.0403],[-60.2688,-32.0394]],[[-60.4687,-31.7604],[-60.463,-31.7613],[-60.4572,-31.7622],[-60.442,-31.7645],[-60.4417,-31.7645],[-60.4414,-31.7646],[-60.4326,-31.7662],[-60.4256,-31.7673],[-60.4185,-31.7683],[-60.4161,-31.7687],[-60.4103,-31.7696],[-60.4089,-31.7698],[-60.4042,-31.7706],[-60.4035,-31.77],[-60.4035,-31.7698],[-60.4032,-31.7687],[-60.3987,-31.7663],[-60.3899,-31.7616],[-60.3987,-31.7663]],[[-59.3151,-33.133],[-59.3154,-33.133],[-59.3151,-33.1328],[-59.3151,-33.1326],[-59.3159,-33.1285],[-59.3162,-33.1279],[-59.3162,-33.1275],[-59.3161,-33.127],[-59.3004,-33.0854],[-59.3172,-33.016],[-59.3172,-33.0155],[-59.3306,-32.8665],[-59.3348,-32.838],[-59.3438,-32.8033],[-59.3444,-32.7981],[-59.3461,-32.7897],[-59.3684,-32.7291],[-59.3573,-32.6524],[-59.3541,-32.6304],[-59.3515,-32.6128],[-59.3465,-32.5972],[-59.3426,-32.5914],[-59.3036,-32.5378],[-59.3012,-32.5331],[-59.3012,-32.5329],[-59.2971,-32.5223],[-59.2962,-32.5085],[-59.3012,-32.4357],[-59.2992,-32.424],[-59.3011,-32.4166],[-59.3046,-32.3915],[-59.3046,-32.3914],[-59.3087,-32.3535],[-59.3081,-32.3518],[-59.308,-32.3517],[-59.308,-32.3512],[-59.308,-32.3511],[-59.3092,-32.3512],[-59.3093,-32.3512]],[[-59.3081,-32.3518],[-59.3092,-32.3519],[-59.3087,-32.3535]],[[-60.4032,-31.7687],[-60.4089,-31.7698]],[[-60.3899,-31.7616],[-60.3885,-31.7609],[-60.3879,-31.7606],[-60.3497,-31.7435],[-60.3486,-31.7435],[-60.3098,-31.7297],[-60.3076,-31.7288],[-60.3023,-31.7265],[-60.3009,-31.726],[-60.2731,-31.7105],[-60.2729,-31.7104],[-60.2616,-31.7029],[-60.2546,-31.6983],[-60.2545,-31.6982],[-60.2449,-31.6919],[-60.2275,-31.6801],[-60.2274,-31.6801],[-60.2191,-31.6737],[-60.2188,-31.6734],[-60.2181,-31.6729],[-60.2177,-31.6726],[-60.1635,-31.6335],[-60.1631,-31.6332],[-60.0841,-31.5919],[-60.075,-31.5871],[-60.0841,-31.5919]],[[-59.0173,-34.1213],[-59.0176,-34.1213],[-59.0183,-34.1216],[-59.0183,-34.1217],[-59.0189,-34.1222],[-59.0332,-34.1291],[-59.0342,-34.1296],[-59.0491,-34.137],[-59.0517,-34.1382],[-59.0519,-34.1383],[-59.0527,-34.1387]],[[-58.7997,-33.5007],[-58.8006,-33.4999],[-58.801,-33.4998],[-58.8032,-33.4997],[-58.816,-33.4988],[-58.8272,-33.4979],[-58.8274,-33.4979],[-58.8358,-33.4975],[-58.845,-33.4991],[-58.8876,-33.4937],[-58.8882,-33.4936],[-58.8913,-33.4932],[-58.8915,-33.4931],[-58.9089,-33.4909],[-58.9093,-33.4908],[-58.9311,-33.4862],[-58.9313,-33.4861],[-58.9412,-33.4838],[-58.9433,-33.4833],[-58.944,-33.4832],[-59.0767,-33.4297],[-59.1588,-33.3993],[-59.159,-33.3991],[-59.1678,-33.3902],[-59.168,-33.39],[-59.1829,-33.3743],[-59.183,-33.3742],[-59.1945,-33.3598],[-59.1946,-33.3597],[-59.1972,-33.3565],[-59.1973,-33.3564],[-59.2245,-33.3214],[-59.2591,-33.1933],[-59.2677,-33.1743],[-59.2694,-33.1704],[-59.2694,-33.1703],[-59.2716,-33.1655],[-59.2736,-33.1635],[-59.2749,-33.1629],[-59.2754,-33.1627],[-59.2772,-33.1617],[-59.2783,-33.1611],[-59.2801,-33.1602],[-59.2807,-33.1599],[-59.2824,-33.159],[-59.2831,-33.1586],[-59.285,-33.1576],[-59.2856,-33.1573],[-59.287,-33.1566],[-59.2875,-33.1563],[-59.2888,-33.1554],[-59.2894,-33.1549],[-59.2932,-33.1517],[-59.2971,-33.1513],[-59.2977,-33.1509],[-59.2985,-33.1505],[-59.304,-33.1475],[-59.3042,-33.1468],[-59.3072,-33.1321],[-59.3146,-33.1329],[-59.3149,-33.1329]],[[-60.2698,-32.0387],[-60.271,-32.0383],[-60.3002,-32.0146],[-60.3003,-32.0146],[-60.3105,-32.0054],[-60.3106,-32.0053],[-60.3273,-31.9801],[-60.3274,-31.9799],[-60.3275,-31.9797],[-60.3426,-31.9485],[-60.3427,-31.9484],[-60.3431,-31.9478],[-60.3537,-31.937],[-60.3539,-31.9368],[-60.3602,-31.9305],[-60.3603,-31.9304],[-60.3604,-31.9303],[-60.3689,-31.9218],[-60.379,-31.9118],[-60.3792,-31.9116],[-60.3845,-31.9063],[-60.3989,-31.8919],[-60.399,-31.8918],[-60.4111,-31.8744],[-60.4113,-31.8741],[-60.4189,-31.8593],[-60.419,-31.8591],[-60.4233,-31.8508],[-60.4234,-31.8507],[-60.4478,-31.8039],[-60.4546,-31.7909],[-60.4548,-31.7907],[-60.4563,-31.7878],[-60.4565,-31.7874],[-60.4567,-31.7871],[-60.4569,-31.7868],[-60.4594,-31.7821],[-60.4596,-31.7817],[-60.4609,-31.7793],[-60.4608,-31.7799],[-60.4599,-31.7819]],[[-60.2692,-32.0398],[-60.2674,-32.0403]],[[-60.271,-32.0383],[-60.2703,-32.0392]],[[-59.0526,-34.1388],[-59.0518,-34.1384],[-59.0517,-34.1384],[-59.049,-34.1371],[-59.0485,-34.1368],[-59.0341,-34.1297],[-59.0331,-34.1293],[-59.0189,-34.1223],[-59.0181,-34.1223],[-59.0179,-34.1223],[-59.0171,-34.122],[-59.0169,-34.1216]],[[-59.9567,-31.5663],[-59.9574,-31.5656],[-59.9482,-31.5491],[-59.9398,-31.5363],[-59.9397,-31.5362],[-59.9345,-31.5328],[-59.9265,-31.5268],[-59.9264,-31.5267],[-59.9115,-31.5105],[-59.9086,-31.499],[-59.9086,-31.4989],[-59.9061,-31.4868],[-59.897,-31.4422],[-59.8918,-31.4179],[-59.8836,-31.4091],[-59.8829,-31.4085],[-59.8739,-31.3991],[-59.8735,-31.3988],[-59.8506,-31.3734],[-59.8504,-31.3732],[-59.8384,-31.3594],[-59.8382,-31.3592],[-59.8288,-31.3484],[-59.8286,-31.3482],[-59.8157,-31.3332],[-59.8156,-31.3331],[-59.7332,-31.1796],[-59.7311,-31.1732],[-59.727,-31.1624],[-59.7269,-31.1612],[-59.7132,-31.1263],[-59.713,-31.126],[-59.6943,-31.0819],[-59.6942,-31.0817],[-59.6846,-31.0662],[-59.6845,-31.0661],[-59.6583,-31.0205],[-59.6583,-31.0203],[-59.6624,-30.9991],[-59.6624,-30.9967],[-59.6609,-30.9915],[-59.6597,-30.9893],[-59.659,-30.9868],[-59.6581,-30.9821],[-59.644,-30.968],[-59.6436,-30.9677],[-59.6269,-30.9302],[-59.6269,-30.93],[-59.6218,-30.8948],[-59.6217,-30.8947],[-59.6205,-30.8815],[-59.6206,-30.8814],[-59.6196,-30.8732],[-59.6195,-30.8731],[-59.6171,-30.8671],[-59.6147,-30.861],[-59.5806,-30.746],[-59.5802,-30.7453],[-59.5808,-30.7451],[-59.5806,-30.7445],[-59.5802,-30.7439],[-59.5801,-30.7446],[-59.5806,-30.7445]],[[-59.2749,-33.1629],[-59.2727,-33.1642],[-59.2716,-33.1655]],[[-59.3146,-33.1329],[-59.3149,-33.1328],[-59.3151,-33.1326]],[[-59.3159,-33.1285],[-59.3161,-33.1278],[-59.3161,-33.127]],[[-60.4035,-31.7698],[-60.4046,-31.7695]],[[-60.4048,-31.7695],[-60.4044,-31.7705]],[[-60.4567,-31.7871],[-60.4568,-31.7868],[-60.4592,-31.7821],[-60.4594,-31.7818],[-60.4608,-31.7791],[-60.4603,-31.7768],[-60.4572,-31.7622]],[[-60.0676,-31.5842],[-60.0718,-31.5855],[-60.0718,-31.5856],[-60.0742,-31.5867],[-60.0719,-31.5855],[-60.0718,-31.5855],[-60.0676,-31.5842],[-60.0144,-31.5866],[-59.9588,-31.5665],[-59.9574,-31.5656],[-59.9578,-31.5664],[-59.9588,-31.5665]],[[-59.0183,-34.1217],[-59.0181,-34.1223]],[[-59.3092,-32.3518],[-59.3092,-32.3519]],[[-59.3042,-33.1468],[-59.3039,-33.1482],[-59.3034,-33.1481],[-59.3031,-33.1481],[-59.2977,-33.1509]],[[-60.075,-31.5871],[-60.0742,-31.5867]],[[-60.4608,-31.7791],[-60.4609,-31.7793]],[[-59.7868,-32.3864],[-59.788,-32.3845]],[[-59.5802,-30.7439],[-59.5688,-30.7057],[-59.5687,-30.7055],[-59.562,-30.6931],[-59.5606,-30.6902],[-59.5296,-30.6201],[-59.5297,-30.6195],[-59.5104,-30.5243],[-59.5103,-30.524],[-59.5066,-30.4757],[-59.5064,-30.4754],[-59.5139,-30.3511],[-59.5139,-30.35],[-59.5138,-30.3462],[-59.5138,-30.3454],[-59.5135,-30.3432],[-59.5131,-30.3419],[-59.5127,-30.3407],[-59.5107,-30.3379],[-59.5096,-30.3364],[-59.4887,-30.2275],[-59.497,-30.1748],[-59.4979,-30.1733],[-59.4981,-30.173],[-59.5328,-30.1116],[-59.5328,-30.1112],[-59.5337,-30.0792],[-59.5314,-30.023],[-59.5292,-30.0217],[-59.5274,-30.0206],[-59.5265,-30.0201],[-59.5256,-30.0196],[-59.5247,-30.0191],[-59.5238,-30.0186],[-59.5229,-30.0181],[-59.522,-30.0176],[-59.5211,-30.0171],[-59.5189,-30.0157],[-59.5189,-30.0147],[-59.52,-30.0131],[-59.5216,-30.0106],[-59.5227,-30.009],[-59.5232,-30.0082],[-59.5238,-30.0074],[-59.5244,-30.0066],[-59.5249,-30.0057],[-59.526,-30.0041],[-59.5258,-29.9992],[-59.4681,-29.9462],[-59.4623,-29.8748],[-59.3967,-29.8295],[-59.3973,-29.8275],[-59.3927,-29.8139],[-59.3931,-29.811],[-59.3932,-29.8106],[-59.3933,-29.8101],[-59.3939,-29.8073],[-59.4182,-29.7709],[-59.3971,-29.7281],[-59.3971,-29.728],[-59.3462,-29.6443],[-59.346,-29.644],[-59.3179,-29.5229],[-59.3179,-29.5226],[-59.311,-29.4988],[-59.3058,-29.4809],[-59.3046,-29.4771],[-59.3045,-29.4765],[-59.2679,-29.3174],[-59.2678,-29.3173],[-59.2448,-29.2737],[-59.2447,-29.2736],[-59.2186,-29.2189],[-59.2436,-29.1793],[-59.2459,-29.1754],[-59.2432,-29.1605],[-59.2454,-29.1522],[-59.2456,-29.15],[-59.2443,-29.1439],[-59.2437,-29.1416],[-59.243,-29.1387],[-59.2433,-29.1376],[-59.2419,-29.1376],[-59.2407,-29.1374],[-59.2417,-29.1367],[-59.243,-29.1362],[-59.2433,-29.1363],[-59.2435,-29.1373],[-59.2433,-29.1376]],[[-54.8228,-26.6911],[-54.8211,-26.6907],[-54.8204,-26.6906],[-54.8187,-26.6901],[-54.8208,-26.6906],[-54.8228,-26.6911],[-54.8262,-26.6919],[-54.8341,-26.6961],[-54.8355,-26.6976],[-54.8374,-26.6996],[-54.8465,-26.7093],[-54.8536,-26.7161],[-54.8613,-26.7216],[-54.8655,-26.7244],[-54.8683,-26.7271],[-54.8723,-26.7308],[-54.8878,-26.7618],[-54.888,-26.7621],[-54.8896,-26.7651],[-54.8912,-26.77],[-54.8919,-26.7722],[-54.8983,-26.7756],[-54.8985,-26.7758],[-54.8987,-26.776],[-54.9007,-26.779],[-54.9016,-26.7825],[-54.9017,-26.7837],[-54.9017,-26.7921],[-54.9064,-26.8019],[-54.9128,-26.8091],[-54.9153,-26.8094],[-54.9241,-26.8102],[-54.9307,-26.8107],[-54.9395,-26.812],[-54.9457,-26.8153],[-54.9463,-26.8156],[-54.9504,-26.8178],[-54.9525,-26.8189],[-54.9537,-26.8195],[-54.9562,-26.8204],[-54.9564,-26.8204],[-54.9585,-26.8207],[-54.9617,-26.8209],[-54.9622,-26.8209],[-54.9633,-26.821],[-54.968,-26.8215],[-54.9734,-26.822],[-54.9914,-26.8206],[-54.9931,-26.8206],[-54.9966,-26.8206],[-55.002,-26.8206],[-55.0201,-26.8208],[-55.0209,-26.8208],[-55.022,-26.8208],[-55.0224,-26.8207]],[[-56.6385,-27.5864],[-56.6355,-27.5851],[-56.6328,-27.5841],[-56.6354,-27.5852],[-56.6385,-27.5864],[-56.6713,-27.5994],[-56.6754,-27.601],[-56.7573,-27.6283],[-56.7577,-27.6283],[-56.9014,-27.6329],[-56.9964,-27.6144],[-57.1497,-27.554],[-57.2339,-27.5135],[-57.2341,-27.5133],[-57.3452,-27.4393],[-57.4731,-27.467],[-57.4836,-27.4688],[-57.4839,-27.4688],[-57.5475,-27.459],[-57.5559,-27.4549],[-57.5561,-27.4548],[-57.6176,-27.4306],[-57.6178,-27.4305],[-57.65,-27.4105],[-57.6501,-27.4104],[-57.6603,-27.4049],[-57.6604,-27.4048],[-57.6835,-27.3943],[-57.6836,-27.3943],[-57.6939,-27.39],[-57.694,-27.3899],[-57.8281,-27.3771],[-57.8284,-27.377],[-57.9762,-27.3231],[-57.9769,-27.3227],[-58.0642,-27.3256],[-58.118,-27.3467],[-58.2292,-27.3459],[-58.233,-27.3477],[-58.2344,-27.3488],[-58.2355,-27.3498],[-58.2377,-27.3517],[-58.2425,-27.3546],[-58.26,-27.3575],[-58.2624,-27.3583],[-58.2781,-27.3664],[-58.2835,-27.3677],[-58.2909,-27.367],[-58.2985,-27.3664],[-58.3045,-27.366],[-58.4506,-27.3629],[-58.5535,-27.3906],[-58.5568,-27.3908],[-58.5955,-27.3913],[-58.6536,-27.4082],[-58.6709,-27.4132],[-58.7262,-27.4298],[-58.7471,-27.4456],[-58.7502,-27.4479],[-58.7542,-27.4509],[-58.7649,-27.459],[-58.7657,-27.4596],[-58.7675,-27.461],[-58.7681,-27.4614],[-58.7704,-27.4632],[-58.7833,-27.4782],[-58.7834,-27.4792],[-58.783,-27.4781],[-58.7819,-27.4746],[-58.7571,-27.4534],[-58.7506,-27.4484],[-58.7452,-27.4443]],[[-58.7343,-28.858],[-58.7349,-28.8586],[-58.734,-28.859],[-58.7343,-28.858],[-58.7244,-28.7704],[-58.7111,-28.6845],[-58.7161,-28.6592],[-58.7161,-28.659],[-58.7167,-28.6561],[-58.7167,-28.6559],[-58.7218,-28.5898],[-58.7218,-28.5895],[-58.7219,-28.5806],[-58.7216,-28.5717],[-58.721,-28.5694],[-58.7178,-28.5578],[-58.7192,-28.4446],[-58.7192,-28.4443],[-58.6728,-28.3457],[-58.7035,-28.2488],[-58.7043,-28.2469],[-58.706,-28.243],[-58.7278,-28.2165],[-58.7281,-28.2161],[-58.7347,-28.1926],[-58.7347,-28.1922],[-58.7708,-28.1139],[-58.7712,-28.1132],[-58.7999,-28.0444],[-58.8,-28.0441],[-58.8079,-28.0108],[-58.7939,-27.9508],[-58.7933,-27.9493],[-58.7913,-27.9436],[-58.7909,-27.9425],[-58.7908,-27.9424],[-58.788,-27.9356],[-58.7662,-27.8914],[-58.7659,-27.8896],[-58.7629,-27.8669],[-58.7629,-27.8658],[-58.7679,-27.8409],[-58.7678,-27.8378],[-58.7694,-27.7749],[-58.7675,-27.7489],[-58.7674,-27.7487],[-58.7638,-27.7339],[-58.7632,-27.7277],[-58.7632,-27.7274],[-58.7493,-27.6711],[-58.7492,-27.6709],[-58.7398,-27.6378],[-58.7397,-27.6376],[-58.7397,-27.6375],[-58.7383,-27.6213],[-58.7383,-27.6212],[-58.7386,-27.6165],[-58.7398,-27.5942],[-58.7405,-27.5826],[-58.7406,-27.5797],[-58.7409,-27.5753],[-58.742,-27.57],[-58.7436,-27.5663],[-58.7463,-27.5634],[-58.7493,-27.558],[-58.7498,-27.5558],[-58.75,-27.5549],[-58.7501,-27.5545],[-58.7551,-27.5384],[-58.7614,-27.5309],[-58.7654,-27.5243],[-58.772,-27.5086],[-58.773,-27.5066],[-58.7732,-27.5062],[-58.7737,-27.5046],[-58.7752,-27.5012],[-58.7754,-27.5006],[-58.7773,-27.4961],[-58.7784,-27.4935],[-58.7815,-27.4863],[-58.7818,-27.4853],[-58.7819,-27.4846]],[[-58.7821,-27.4839],[-58.783,-27.4822],[-58.7834,-27.4792],[-58.7832,-27.482],[-58.7827,-27.484]],[[-54.9564,-26.8204],[-54.9581,-26.8204],[-54.9617,-26.8209]],[[-54.5861,-26.0195],[-54.5859,-26.0203],[-54.586,-26.0211],[-54.5863,-26.027],[-54.5869,-26.0336],[-54.5882,-26.0526],[-54.5883,-26.0534],[-54.589,-26.0636],[-54.5896,-26.0719],[-54.5897,-26.0749],[-54.589,-26.0807],[-54.5854,-26.1121],[-54.585,-26.1156],[-54.5845,-26.1199],[-54.5819,-26.1395],[-54.582,-26.1403],[-54.5832,-26.1566],[-54.5835,-26.1608],[-54.5843,-26.1674],[-54.5862,-26.1722],[-54.5873,-26.1745],[-54.5889,-26.1782],[-54.5894,-26.1798],[-54.5894,-26.1799],[-54.5883,-26.1931],[-54.5878,-26.1981],[-54.5877,-26.1985],[-54.5872,-26.2028],[-54.5865,-26.2094],[-54.5868,-26.2124],[-54.5873,-26.2144],[-54.5957,-26.2358],[-54.5972,-26.2378],[-54.6013,-26.2464],[-54.6066,-26.2717],[-54.6105,-26.2775],[-54.6107,-26.2777],[-54.611,-26.2782],[-54.615,-26.2842],[-54.6172,-26.2964],[-54.6169,-26.3005],[-54.6169,-26.301],[-54.6161,-26.3117],[-54.6154,-26.3206],[-54.6151,-26.3245],[-54.615,-26.3261],[-54.6153,-26.3298],[-54.6163,-26.3327],[-54.617,-26.3345],[-54.6175,-26.3361],[-54.6176,-26.3362],[-54.6187,-26.3394],[-54.6207,-26.3477],[-54.6183,-26.3498],[-54.6175,-26.3504],[-54.62,-26.3597],[-54.629,-26.3858],[-54.6293,-26.3866],[-54.6295,-26.3874],[-54.6319,-26.3945],[-54.6321,-26.3947],[-54.6322,-26.3948],[-54.632,-26.395],[-54.6321,-26.3952],[-54.6331,-26.398],[-54.6347,-26.4026],[-54.6348,-26.4032],[-54.6363,-26.4066],[-54.64,-26.4123],[-54.6413,-26.4142],[-54.642,-26.4153],[-54.6426,-26.4162],[-54.645,-26.4215],[-54.645,-26.422],[-54.645,-26.4231],[-54.6449,-26.4237],[-54.6451,-26.4243]],[[-54.5858,-26.0191],[-54.5857,-26.0192],[-54.5862,-26.0194],[-54.5858,-26.0191],[-54.5858,-26.0183],[-54.5861,-26.0191]],[[-54.7274,-26.582],[-54.7275,-26.5824],[-54.7276,-26.5826],[-54.7279,-26.5829],[-54.7283,-26.5832],[-54.7296,-26.5844],[-54.7304,-26.5921],[-54.7307,-26.5991],[-54.7341,-26.6055],[-54.7342,-26.6057],[-54.7355,-26.6079],[-54.738,-26.6126],[-54.7417,-26.6193],[-54.748,-26.629],[-54.7494,-26.6314],[-54.7523,-26.64],[-54.7528,-26.6413],[-54.753,-26.642],[-54.7534,-26.6431],[-54.7537,-26.6442],[-54.7543,-26.6471],[-54.7541,-26.6495],[-54.7538,-26.6543],[-54.7537,-26.6574],[-54.7536,-26.6586],[-54.7535,-26.6615],[-54.7677,-26.6685],[-54.7697,-26.6692],[-54.7758,-26.6711],[-54.7819,-26.6732],[-54.7989,-26.6885],[-54.8019,-26.6897],[-54.8069,-26.6895],[-54.8089,-26.689],[-54.8102,-26.6888],[-54.8112,-26.6887],[-54.8133,-26.6888],[-54.8155,-26.6893],[-54.8187,-26.6901]],[[-54.6447,-26.4247],[-54.6448,-26.4247],[-54.6447,-26.4242],[-54.6447,-26.4247],[-54.6448,-26.4251],[-54.6449,-26.4258],[-54.6448,-26.4278],[-54.6443,-26.4404],[-54.6443,-26.4408],[-54.6443,-26.4418],[-54.6443,-26.442],[-54.6441,-26.4457],[-54.6441,-26.4479],[-54.6439,-26.4515],[-54.6439,-26.4522],[-54.6438,-26.4538],[-54.6435,-26.4617],[-54.6434,-26.465],[-54.6433,-26.4676],[-54.6432,-26.4712],[-54.6447,-26.4778],[-54.6505,-26.4795],[-54.6555,-26.4804],[-54.6559,-26.4804],[-54.6573,-26.4811],[-54.6604,-26.484],[-54.6735,-26.4914],[-54.676,-26.4941],[-54.6768,-26.495],[-54.6788,-26.4974],[-54.6818,-26.501],[-54.687,-26.5066],[-54.6918,-26.5106],[-54.7002,-26.5176],[-54.7068,-26.5232],[-54.7077,-26.524],[-54.7145,-26.5297],[-54.7215,-26.5355],[-54.7251,-26.5416],[-54.7251,-26.5449],[-54.7249,-26.5541],[-54.7248,-26.5566],[-54.7248,-26.5567],[-54.7246,-26.5611],[-54.7245,-26.566],[-54.7245,-26.5664],[-54.7243,-26.5694],[-54.7245,-26.5664]],[[-55.546,-27.3207],[-55.5452,-27.3161],[-55.544,-27.3134],[-55.5411,-27.3079],[-55.539,-27.3039],[-55.5382,-27.3024],[-55.5371,-27.3003],[-55.5354,-27.297],[-55.5346,-27.2949],[-55.5344,-27.2943],[-55.5341,-27.2929],[-55.5332,-27.2897],[-55.533,-27.2886],[-55.5341,-27.283],[-55.5356,-27.281],[-55.5359,-27.2805],[-55.5377,-27.277],[-55.536,-27.2806],[-55.5357,-27.281],[-55.5343,-27.283],[-55.5338,-27.2839],[-55.533,-27.2867],[-55.5331,-27.2886],[-55.5333,-27.2897],[-55.534,-27.2922],[-55.5346,-27.2942],[-55.5347,-27.2948],[-55.537,-27.2998],[-55.5382,-27.302],[-55.5391,-27.3039],[-55.5412,-27.3079],[-55.5449,-27.3148],[-55.5456,-27.3176],[-55.546,-27.3207],[-55.5438,-27.3342],[-55.5452,-27.3395],[-55.5474,-27.3478],[-55.5573,-27.3606],[-55.575,-27.3763],[-55.5757,-27.3767],[-55.5761,-27.3769],[-55.5768,-27.3774],[-55.5769,-27.3774],[-55.5872,-27.3836],[-55.5911,-27.3858],[-55.5933,-27.3871],[-55.5937,-27.3874],[-55.5948,-27.3881],[-55.5967,-27.3893],[-55.6102,-27.4121],[-55.6107,-27.4129],[-55.612,-27.4155],[-55.6121,-27.4158],[-55.6121,-27.4159],[-55.6138,-27.4193],[-55.6261,-27.4265],[-55.6287,-27.4278],[-55.629,-27.4279],[-55.6296,-27.4283],[-55.6297,-27.4284],[-55.6299,-27.4284],[-55.6305,-27.4288],[-55.6322,-27.4296],[-55.6411,-27.4355],[-55.6467,-27.4414],[-55.6474,-27.4421],[-55.6526,-27.4485],[-55.6612,-27.4548],[-55.6662,-27.4567],[-55.6766,-27.4607],[-55.6771,-27.4609],[-55.6781,-27.4613],[-55.6817,-27.4622],[-55.6821,-27.4623],[-55.6836,-27.4623],[-55.6839,-27.4623],[-55.6876,-27.4623],[-55.7064,-27.464],[-55.7235,-27.4701],[-55.7307,-27.4723],[-55.7316,-27.4723],[-55.7342,-27.472],[-55.7354,-27.4719],[-55.7387,-27.4716],[-55.74,-27.4714],[-55.7417,-27.4713],[-55.7457,-27.471],[-55.7461,-27.4709],[-55.7497,-27.4706],[-55.7509,-27.4705],[-55.7667,-27.4693],[-55.7746,-27.4687],[-55.7969,-27.4666],[-55.7977,-27.4665],[-55.7994,-27.4663],[-55.8008,-27.4662],[-55.803,-27.4656],[-55.8033,-27.4656],[-55.8057,-27.465],[-55.8099,-27.464],[-55.8181,-27.462],[-55.8212,-27.461],[-55.8215,-27.4615],[-55.8201,-27.4616],[-55.8181,-27.4621],[-55.8099,-27.4641],[-55.8036,-27.4661],[-55.8023,-27.4666],[-55.7995,-27.4668],[-55.7994,-27.4667],[-55.7977,-27.4667],[-55.7512,-27.4706],[-55.7499,-27.4707],[-55.7461,-27.471],[-55.7457,-27.4711],[-55.7427,-27.4713],[-55.7417,-27.4714],[-55.741,-27.4715],[-55.7384,-27.4717],[-55.7334,-27.4722],[-55.7163,-27.4677],[-55.7149,-27.4672],[-55.6879,-27.4624],[-55.6861,-27.4625],[-55.6846,-27.4626],[-55.6844,-27.4626],[-55.6817,-27.4626],[-55.6808,-27.4625],[-55.6765,-27.4607],[-55.6473,-27.4422],[-55.6466,-27.4415],[-55.641,-27.4356],[-55.6331,-27.4301],[-55.632,-27.4296],[-55.6311,-27.4291],[-55.6305,-27.4288],[-55.6291,-27.4281],[-55.626,-27.4266],[-55.6138,-27.4194],[-55.612,-27.4159],[-55.612,-27.4158],[-55.6118,-27.4155],[-55.6096,-27.4116],[-55.6024,-27.4009],[-55.5994,-27.3938],[-55.5951,-27.3884],[-55.5936,-27.3874],[-55.5932,-27.3872],[-55.5907,-27.3857],[-55.5887,-27.3846],[-55.5776,-27.378],[-55.5756,-27.3768],[-55.5744,-27.3761],[-55.5697,-27.3733],[-55.5456,-27.3413],[-55.5438,-27.3342]],[[-55.5322,-27.2615],[-55.5314,-27.2611],[-55.53,-27.26],[-55.5296,-27.2595],[-55.5295,-27.2591]],[[-55.6441,-27.439],[-55.6465,-27.4417],[-55.647,-27.4422],[-55.6487,-27.4442],[-55.6493,-27.4447],[-55.6531,-27.4493]],[[-55.2283,-27.0378],[-55.224,-27.0341],[-55.2283,-27.0378],[-55.2336,-27.0423],[-55.2435,-27.0476],[-55.2444,-27.0481],[-55.2452,-27.0484],[-55.2463,-27.0491],[-55.2473,-27.0498],[-55.2502,-27.0524],[-55.2507,-27.0528],[-55.2594,-27.0602],[-55.284,-27.0813],[-55.2964,-27.0919],[-55.2978,-27.093],[-55.3024,-27.0971],[-55.3061,-27.0994],[-55.323,-27.1049],[-55.3302,-27.1072],[-55.3311,-27.1076],[-55.3378,-27.1096],[-55.3407,-27.1102],[-55.3493,-27.1122],[-55.373,-27.1205],[-55.3736,-27.1208],[-55.376,-27.122],[-55.3918,-27.1314],[-55.3961,-27.135],[-55.4106,-27.1463],[-55.4129,-27.1479],[-55.4182,-27.1514],[-55.4204,-27.1529],[-55.4226,-27.1543],[-55.4228,-27.1544],[-55.4242,-27.1553],[-55.4408,-27.1662],[-55.4514,-27.1746],[-55.4515,-27.1746],[-55.4536,-27.1765],[-55.4561,-27.1786],[-55.4619,-27.1839],[-55.4623,-27.1843],[-55.4635,-27.1853],[-55.4656,-27.1874],[-55.4663,-27.188],[-55.467,-27.1887],[-55.4699,-27.1913],[-55.4706,-27.192],[-55.4714,-27.1926],[-55.4715,-27.1928],[-55.4743,-27.1952],[-55.4757,-27.1965],[-55.4764,-27.1971],[-55.4778,-27.1984],[-55.4779,-27.1985],[-55.4828,-27.2029],[-55.4925,-27.2116],[-55.4977,-27.2167],[-55.5126,-27.23],[-55.519,-27.2403],[-55.5223,-27.2492],[-55.5231,-27.2514],[-55.5235,-27.2525],[-55.5245,-27.2545],[-55.5279,-27.2576],[-55.53,-27.2595],[-55.5303,-27.2597]],[[-55.9195,-27.4652],[-55.9226,-27.4656],[-55.933,-27.4655],[-55.9336,-27.4655],[-55.9612,-27.4652],[-55.9627,-27.4652],[-55.963,-27.4652],[-55.9651,-27.4652],[-55.968,-27.4652],[-55.97,-27.4647]],[[-55.9714,-27.4653],[-55.9726,-27.4648],[-55.9731,-27.4647],[-55.9747,-27.4643],[-55.9766,-27.4639],[-56.0278,-27.4497],[-56.0295,-27.4488],[-56.0321,-27.4471]],[[-56.6328,-27.5841],[-56.6188,-27.5787],[-56.6187,-27.5786],[-56.5563,-27.5565],[-56.4421,-27.6073],[-56.3907,-27.6181],[-56.2922,-27.5801],[-56.2616,-27.5665],[-56.0608,-27.4649],[-56.0607,-27.4648],[-56.0511,-27.4552],[-56.0509,-27.4551],[-56.0507,-27.455],[-56.0497,-27.4545],[-56.0486,-27.4539],[-56.0475,-27.4534],[-56.0386,-27.4486],[-56.035,-27.4477],[-56.0337,-27.4471],[-56.0321,-27.4475],[-56.0335,-27.4469],[-56.0337,-27.4471]],[[-55.9712,-27.4645],[-55.9712,-27.4654],[-55.9702,-27.4654],[-55.9702,-27.4646],[-55.9712,-27.4645]],[[-55.9181,-27.4658],[-55.9161,-27.4656],[-55.9181,-27.4651]],[[-55.9193,-27.466],[-55.9183,-27.4659],[-55.9183,-27.465],[-55.9192,-27.465],[-55.9193,-27.466]],[[-55.9226,-27.4656],[-55.9212,-27.4656],[-55.9194,-27.4659]],[[-55.9161,-27.4656],[-55.9151,-27.4656],[-55.9142,-27.4656],[-55.8949,-27.4645],[-55.8943,-27.4644],[-55.8682,-27.4636],[-55.8679,-27.4636],[-55.8639,-27.4644]],[[-55.8626,-27.4561],[-55.8606,-27.4548],[-55.8594,-27.4552],[-55.8575,-27.456],[-55.8553,-27.457],[-55.8505,-27.4591],[-55.8501,-27.4593],[-55.835,-27.4605],[-55.8348,-27.4605],[-55.828,-27.4596],[-55.8278,-27.4596],[-55.8267,-27.4595],[-55.8259,-27.4595],[-55.8237,-27.4603],[-55.823,-27.4608],[-55.8227,-27.4602],[-55.8267,-27.4594],[-55.8278,-27.4595],[-55.828,-27.4595],[-55.8348,-27.4604],[-55.835,-27.4604],[-55.8501,-27.4592],[-55.8504,-27.459],[-55.8566,-27.4562],[-55.8571,-27.456]],[[-58.7349,-28.8586],[-58.735,-28.8587],[-58.7351,-28.8594],[-58.735,-28.8595],[-58.7348,-28.8606],[-58.7391,-28.8825],[-58.7563,-28.9247],[-58.7755,-28.9555],[-58.7774,-28.959],[-58.7817,-28.9666],[-58.7831,-28.9692],[-58.7832,-28.9694],[-58.7891,-28.98],[-58.7909,-28.9839],[-58.801,-29.0056],[-58.8011,-29.0058],[-58.8451,-29.1416],[-58.8452,-29.1417],[-58.8569,-29.1778],[-59.0076,-29.1717],[-59.0127,-29.172],[-59.0748,-29.1687],[-59.1215,-29.1627],[-59.1976,-29.148],[-59.2407,-29.1374]],[[-55.8626,-27.4588],[-55.8618,-27.4551],[-55.8626,-27.4548],[-55.8629,-27.4608]],[[-55.0228,-26.8207],[-55.0236,-26.8208],[-55.0248,-26.8208],[-55.0269,-26.8215],[-55.0272,-26.8217],[-55.028,-26.8227],[-55.0289,-26.824],[-55.029,-26.8241],[-55.0302,-26.8258],[-55.0325,-26.8287],[-55.0341,-26.8307],[-55.0372,-26.8352],[-55.0409,-26.8434],[-55.0419,-26.8458],[-55.0456,-26.8604],[-55.0454,-26.8617],[-55.045,-26.8642],[-55.0456,-26.8665],[-55.046,-26.8677],[-55.0491,-26.8752],[-55.0526,-26.884],[-55.053,-26.8848],[-55.0543,-26.888],[-55.0555,-26.8906],[-55.0561,-26.8919],[-55.0573,-26.8946],[-55.0583,-26.8971],[-55.0605,-26.9107],[-55.0588,-26.9205],[-55.0592,-26.9234],[-55.0593,-26.9237],[-55.0594,-26.9238],[-55.0602,-26.9293],[-55.0605,-26.9327],[-55.0625,-26.9348],[-55.0648,-26.9355],[-55.0683,-26.9363],[-55.0691,-26.9365],[-55.0694,-26.9366],[-55.0787,-26.9401],[-55.0801,-26.941],[-55.0806,-26.9413],[-55.0844,-26.9443],[-55.0931,-26.9515],[-55.1085,-26.9672],[-55.1094,-26.9697],[-55.1094,-26.9704],[-55.1105,-26.9751],[-55.1125,-26.9766],[-55.1142,-26.9771],[-55.1212,-26.9798],[-55.1339,-26.9873],[-55.1409,-26.992],[-55.1458,-26.9952],[-55.1498,-26.9979],[-55.1535,-27.0004],[-55.1624,-27.0064],[-55.1729,-27.0107],[-55.1736,-27.0105],[-55.1737,-27.0105],[-55.1746,-27.0102],[-55.1752,-27.01],[-55.1862,-27.0121],[-55.1879,-27.0131],[-55.1923,-27.0157],[-55.1925,-27.0158],[-55.2128,-27.0277],[-55.2143,-27.0285],[-55.222,-27.0328],[-55.224,-27.0341]],[[-59.5802,-30.7453],[-59.5801,-30.7446]],[[-56.0328,-27.4479],[-56.0295,-27.4488]],[[-56.035,-27.4477],[-56.0334,-27.4478]],[[-55.53,-27.26],[-55.5303,-27.2598],[-55.5316,-27.2609],[-55.539,-27.2675],[-55.5403,-27.2696],[-55.5377,-27.277]],[[-55.9714,-27.4646],[-55.9747,-27.4643]],[[-55.9701,-27.4654],[-55.968,-27.4652]],[[-55.8639,-27.4633],[-55.8679,-27.4636]],[[-55.1879,-27.0131],[-55.1923,-27.0157]],[[-54.5795,-25.9702],[-54.5794,-25.971],[-54.5794,-25.9719],[-54.5801,-25.9786],[-54.5802,-25.979],[-54.5805,-25.9798],[-54.5812,-25.9819],[-54.5815,-25.9828],[-54.5837,-25.9917],[-54.5837,-25.9924],[-54.5843,-25.999],[-54.5849,-26.007],[-54.5852,-26.0101],[-54.5853,-26.0119],[-54.5854,-26.0131],[-54.5855,-26.0148],[-54.5857,-26.0179],[-54.5858,-26.0183]],[[-55.8618,-27.4551],[-55.8617,-27.455],[-55.861,-27.454],[-55.8598,-27.4547],[-55.8593,-27.4548]],[[-55.861,-27.4545],[-55.8595,-27.4551]],[[-55.8595,-27.455],[-55.8609,-27.4544]],[[-55.823,-27.4608],[-55.8226,-27.4611],[-55.8217,-27.4615],[-55.8215,-27.4615]],[[-55.8212,-27.461],[-55.8216,-27.4606],[-55.8227,-27.4602]],[[-56.6754,-27.601],[-56.6713,-27.5994]],[[-59.6165,-30.8655],[-59.6145,-30.8645]],[[-59.6144,-30.8645],[-59.6151,-30.8621]],[[-59.5807,-30.7452],[-59.5806,-30.746]],[[-58.7824,-27.4848],[-58.7815,-27.4863]],[[-58.7348,-28.8606],[-58.7342,-28.8599],[-58.7341,-28.8598],[-58.734,-28.8591],[-58.734,-28.859]],[[-54.7243,-26.5694],[-54.7242,-26.5729],[-54.7241,-26.5746],[-54.7241,-26.5772],[-54.7241,-26.5782],[-54.7253,-26.5807],[-54.7256,-26.581],[-54.7264,-26.5815],[-54.7269,-26.5817]],[[-54.6735,-26.4914],[-54.6745,-26.4923],[-54.6746,-26.4924],[-54.675,-26.4929],[-54.6756,-26.4936],[-54.676,-26.4941]],[[-55.861,-27.454],[-55.8611,-27.4539],[-55.8617,-27.4535],[-55.8619,-27.4536],[-55.8626,-27.4546]],[[-59.243,-29.1387],[-59.2421,-29.1377]],[[-54.6447,-26.4242],[-54.6449,-26.4237]],[[-54.645,-26.4246],[-54.6448,-26.4251]],[[-58.735,-28.8595],[-58.7342,-28.8599]],[[-54.5859,-26.0203],[-54.5858,-26.0195]],[[-54.7267,-26.582],[-54.7264,-26.5815]],[[-54.7275,-26.5824],[-54.7271,-26.5822]],[[-54.7537,-26.6442],[-54.7531,-26.6425],[-54.7529,-26.6421],[-54.7523,-26.64]],[[-59.2419,-29.1376],[-59.2417,-29.1367]],[[-55.0248,-26.8208],[-55.0239,-26.8208],[-55.0231,-26.8209],[-55.0228,-26.8209]],[[-55.0225,-26.8209],[-55.0212,-26.8208],[-55.0201,-26.8208]],[[-58.7737,-27.5046],[-58.7731,-27.506],[-58.773,-27.5062],[-58.7729,-27.5065],[-58.772,-27.5086]],[[-59.6171,-30.8671],[-59.6159,-30.8641],[-59.6147,-30.861]],[[-54.632,-26.395],[-54.6319,-26.3949],[-54.6319,-26.3947],[-54.6319,-26.3945]],[[-54.6321,-26.3949],[-54.6321,-26.3952]],[[-54.6319,-26.3947],[-54.6321,-26.3947]],[[-55.53,-27.2595],[-55.5303,-27.2598]],[[-59.6581,-30.9821],[-59.659,-30.9868]],[[-54.5001,-25.6678],[-54.4987,-25.6689],[-54.4987,-25.669],[-54.4992,-25.6696],[-54.4998,-25.6702],[-54.4993,-25.6696],[-54.4993,-25.6685],[-54.5001,-25.6678],[-54.502,-25.6663],[-54.5129,-25.6578],[-54.5445,-25.6297],[-54.5472,-25.6269],[-54.5492,-25.6247],[-54.5505,-25.6234],[-54.559,-25.6145],[-54.5609,-25.6116],[-54.5609,-25.6113],[-54.5615,-25.611],[-54.5618,-25.6118],[-54.5603,-25.6133],[-54.5522,-25.6217],[-54.5482,-25.6259],[-54.5472,-25.6269]],[[-54.5614,-25.611],[-54.5607,-25.61],[-54.5638,-25.606],[-54.5624,-25.6011],[-54.562,-25.6007],[-54.5617,-25.6001],[-54.5616,-25.6],[-54.5616,-25.5995],[-54.5616,-25.5989],[-54.5621,-25.5998],[-54.5622,-25.6001],[-54.5624,-25.6011]],[[-54.4998,-25.6702],[-54.5014,-25.672],[-54.5138,-25.6892],[-54.5193,-25.7146],[-54.5224,-25.7197],[-54.5241,-25.7215],[-54.5289,-25.7269],[-54.53,-25.7281],[-54.5345,-25.7377],[-54.5391,-25.7584],[-54.539,-25.7596],[-54.5385,-25.7644],[-54.5377,-25.7978],[-54.5382,-25.8012],[-54.5383,-25.8018],[-54.5385,-25.8136],[-54.555,-25.8591],[-54.5549,-25.8598],[-54.5546,-25.8614],[-54.5545,-25.8615],[-54.5541,-25.8638],[-54.5541,-25.864],[-54.554,-25.8641],[-54.554,-25.8644],[-54.5558,-25.8745],[-54.5614,-25.8787],[-54.5627,-25.8802],[-54.5573,-25.8981],[-54.574,-25.9173],[-54.5742,-25.9183],[-54.5749,-25.9207],[-54.576,-25.9248],[-54.5785,-25.9564],[-54.5786,-25.958],[-54.5789,-25.9635],[-54.579,-25.9646],[-54.5792,-25.9673],[-54.5793,-25.969],[-54.5791,-25.9696]],[[-54.5608,-25.6115],[-54.5607,-25.61]],[[-54.5617,-25.5991],[-54.562,-25.5998],[-54.5621,-25.6001],[-54.5624,-25.6009]],[[-54.5794,-25.971],[-54.5791,-25.9703]],[[-54.4993,-25.6685],[-54.4988,-25.6689],[-54.4987,-25.669]],[[-54.5793,-25.969],[-54.5794,-25.9696]],[[-54.5621,-25.6008],[-54.5613,-25.6],[-54.5613,-25.5999],[-54.5616,-25.5996]],[[-54.5616,-25.5989],[-54.5603,-25.5907],[-54.5618,-25.5885]],[[-54.5618,-25.6118],[-54.5609,-25.6116]]]}},{"type":"Feature","properties":{"ref":"RN 14"},"geometry":{"type":"MultiLineString","coordinates":[[[-58.7986,-33.503],[-58.8001,-33.5009],[-58.801,-33.4967],[-58.8012,-33.492],[-58.8012,-33.4913],[-58.8024,-33.463],[-58.8027,-33.4574],[-58.8027,-33.456],[-58.7488,-33.4041],[-58.7487,-33.404],[-58.7479,-33.4016],[-58.7473,-33.3995],[-58.7471,-33.3985],[-58.747,-33.3981],[-58.7467,-33.3973],[-58.7467,-33.3971],[-58.7438,-33.3897],[-58.7438,-33.3896],[-58.7433,-33.3883],[-58.743,-33.3875],[-58.7417,-33.3843],[-58.7414,-33.3838],[-58.7194,-33.3385],[-58.7181,-33.336],[-58.7171,-33.3339],[-58.7167,-33.3331],[-58.7166,-33.3329],[-58.7113,-33.3041],[-58.7114,-33.2958],[-58.7111,-33.2757],[-58.7111,-33.2754],[-58.6639,-33.149],[-58.6636,-33.1485],[-58.6549,-33.128],[-58.6549,-33.1279],[-58.6128,-33.0264],[-58.6127,-33.0263],[-58.6086,-33.0163],[-58.6072,-33.0128],[-58.607,-33.0126],[-58.5925,-32.9773],[-58.5909,-32.973],[-58.5907,-32.9727],[-58.5892,-32.9693],[-58.5825,-32.9564],[-58.5818,-32.9546],[-58.5505,-32.8895],[-58.5364,-32.8479],[-58.5357,-32.8464],[-58.5349,-32.8446],[-58.5343,-32.8429],[-58.5336,-32.8406],[-58.5302,-32.8304],[-58.5301,-32.83],[-58.5275,-32.823],[-58.5266,-32.821],[-58.5258,-32.8194],[-58.5254,-32.8182],[-58.5252,-32.8177],[-58.525,-32.8171],[-58.5248,-32.8166],[-58.5241,-32.8144],[-58.5181,-32.7976],[-58.517,-32.7951],[-58.5164,-32.7935],[-58.5158,-32.7915],[-58.4994,-32.7691],[-58.4979,-32.7674],[-58.4821,-32.7492],[-58.4811,-32.7483],[-58.48,-32.7471],[-58.4791,-32.7461],[-58.4784,-32.7452],[-58.4765,-32.7429],[-58.4468,-32.6803],[-58.4462,-32.679],[-58.4449,-32.6766],[-58.4442,-32.6749],[-58.4438,-32.6736],[-58.4431,-32.6716],[-58.4429,-32.6711],[-58.4423,-32.6688],[-58.4416,-32.667],[-58.4402,-32.6642],[-58.4396,-32.6619],[-58.4332,-32.6449],[-58.433,-32.6444],[-58.4267,-32.6306],[-58.4251,-32.6282],[-58.4249,-32.6279],[-58.4247,-32.6276],[-58.4241,-32.6266],[-58.4235,-32.6253],[-58.4228,-32.6235],[-58.4223,-32.6223],[-58.3934,-32.5832],[-58.3925,-32.5825],[-58.3904,-32.5809],[-58.3902,-32.5808],[-58.3891,-32.5799],[-58.3888,-32.5796],[-58.3497,-32.5443],[-58.3492,-32.5437],[-58.3484,-32.5429],[-58.3476,-32.542],[-58.347,-32.5414],[-58.3465,-32.5409],[-58.3457,-32.5402],[-58.3456,-32.54],[-58.3428,-32.5375],[-58.3415,-32.5364],[-58.3185,-32.5075],[-58.3182,-32.5069],[-58.3159,-32.5025],[-58.315,-32.4996],[-58.3114,-32.4911],[-58.3111,-32.4905],[-58.3105,-32.4891],[-58.3101,-32.4883],[-58.3092,-32.4862],[-58.3065,-32.4802],[-58.306,-32.479],[-58.3054,-32.4777],[-58.305,-32.4767],[-58.3046,-32.4759],[-58.3043,-32.475],[-58.3041,-32.4747],[-58.3028,-32.4718],[-58.292,-32.4474],[-58.2916,-32.4464],[-58.2909,-32.4449],[-58.2902,-32.4441],[-58.2897,-32.4435],[-58.2893,-32.4423],[-58.2893,-32.4421],[-58.2882,-32.4389],[-58.2803,-32.4143],[-58.2802,-32.4136],[-58.2792,-32.4095],[-58.2789,-32.4085],[-58.2786,-32.4074],[-58.2784,-32.4067],[-58.2783,-32.4061],[-58.2782,-32.4056],[-58.2781,-32.4047],[-58.2781,-32.4043],[-58.2782,-32.4022],[-58.2783,-32.401],[-58.2785,-32.3936],[-58.2785,-32.3932],[-58.2783,-32.3874],[-58.2711,-32.3604],[-58.2704,-32.3593],[-58.2697,-32.3584],[-58.269,-32.3573],[-58.268,-32.3556],[-58.2619,-32.3394],[-58.2617,-32.3387],[-58.2611,-32.3369],[-58.2608,-32.3361],[-58.26,-32.334],[-58.2596,-32.3325],[-58.2596,-32.3322],[-58.2507,-32.3037],[-58.2504,-32.3033],[-58.25,-32.3028],[-58.2491,-32.3014],[-58.2484,-32.3002],[-58.2482,-32.2997],[-58.2473,-32.297],[-58.239,-32.2637],[-58.2368,-32.2541],[-58.2358,-32.225],[-58.2366,-32.2233],[-58.2387,-32.2184],[-58.2405,-32.2143],[-58.242,-32.2108],[-58.2449,-32.2003],[-58.2364,-32.1834],[-58.2362,-32.183],[-58.2347,-32.1768],[-58.2349,-32.1754],[-58.2364,-32.1713],[-58.2384,-32.1674],[-58.2387,-32.1668],[-58.2398,-32.1596],[-58.2393,-32.1541],[-58.2389,-32.1503],[-58.2393,-32.142],[-58.2393,-32.1406],[-58.2395,-32.1367],[-58.2428,-32.1122],[-58.2439,-32.1081],[-58.2447,-32.1051],[-58.2448,-32.1047],[-58.245,-32.1039],[-58.2463,-32.0985],[-58.2503,-32.0831],[-58.2549,-32.0733],[-58.2555,-32.0716],[-58.2562,-32.0701],[-58.2581,-32.0666],[-58.261,-32.0621],[-58.2614,-32.0613],[-58.2705,-32.0445],[-58.2711,-32.0429],[-58.2716,-32.0417],[-58.2745,-32.0369],[-58.2875,-32.0133],[-58.2898,-32.0091],[-58.2903,-32.0078],[-58.291,-32.0061],[-58.2913,-32.0056],[-58.2924,-32.0036],[-58.2936,-32.0016],[-58.2953,-31.9991],[-58.3026,-31.9857],[-58.3029,-31.9851],[-58.3049,-31.9708],[-58.3048,-31.9702],[-58.3043,-31.9657],[-58.3037,-31.963],[-58.3033,-31.9554],[-58.32,-31.9157],[-58.321,-31.9125],[-58.3213,-31.9117],[-58.3241,-31.9056],[-58.3254,-31.8865],[-58.3253,-31.8858],[-58.3234,-31.8614],[-58.3233,-31.8602],[-58.3231,-31.8579],[-58.323,-31.8569],[-58.322,-31.8498],[-58.3203,-31.8429],[-58.3203,-31.8426],[-58.3152,-31.8],[-58.3155,-31.7996],[-58.3157,-31.7992],[-58.3159,-31.799],[-58.3123,-31.7788],[-58.3038,-31.7412],[-58.3037,-31.7406],[-58.2711,-31.7028],[-58.27,-31.7014],[-58.2197,-31.6367],[-58.2193,-31.636],[-58.2135,-31.6267],[-58.1888,-31.5432],[-58.1888,-31.5426],[-58.1872,-31.5196],[-58.1856,-31.5118],[-58.1851,-31.5099],[-58.1841,-31.5079],[-58.1839,-31.5077],[-58.1839,-31.5076],[-58.1836,-31.5072],[-58.1817,-31.5045],[-58.1814,-31.504],[-58.1775,-31.4987],[-58.177,-31.4981],[-58.107,-31.4258],[-58.1057,-31.4241],[-58.1008,-31.3983],[-58.0978,-31.3743],[-58.0977,-31.3737],[-58.0946,-31.3581],[-58.094,-31.3555],[-58.0932,-31.3521],[-58.0923,-31.3495],[-58.0837,-31.3119],[-58.0796,-31.2935],[-58.0774,-31.2842],[-58.0773,-31.2838],[-58.0761,-31.245],[-58.0763,-31.2434],[-58.0832,-31.1923],[-58.0689,-31.1133],[-58.0689,-31.1132],[-58.0687,-31.1115],[-58.0686,-31.1109],[-58.0712,-31.0358],[-58.0717,-31.0343],[-58.0739,-31.0281],[-58.0738,-31.0073],[-58.0737,-31.0069],[-58.0554,-30.9377],[-58.0548,-30.9363],[-58.0446,-30.8826],[-58.0488,-30.8401],[-58.0489,-30.839],[-58.0366,-30.8044],[-58.0234,-30.7731],[-58.0234,-30.7729],[-58.0233,-30.7728],[-58.0209,-30.7624],[-58.0201,-30.7612],[-58.0211,-30.7609],[-58.0209,-30.7597],[-58.0208,-30.7597],[-58.0197,-30.7599],[-58.0198,-30.7586],[-58.0155,-30.7411],[-58.0112,-30.6776],[-58.0112,-30.677],[-58.0024,-30.6533],[-57.9883,-30.635],[-57.9876,-30.634],[-57.985,-30.6307],[-57.9846,-30.6302],[-57.983,-30.6281],[-57.9822,-30.6271],[-57.9803,-30.6246],[-57.9781,-30.61],[-57.9779,-30.605],[-57.98,-30.5517],[-57.98,-30.5513],[-57.9816,-30.5422],[-57.9817,-30.5419],[-57.9864,-30.4813],[-57.9864,-30.481],[-57.9849,-30.4473],[-57.9849,-30.447],[-57.9613,-30.37],[-57.9613,-30.3699],[-57.9611,-30.3695],[-57.9507,-30.3332],[-57.9506,-30.3327],[-57.9568,-30.2723],[-57.957,-30.2716],[-57.9575,-30.2703],[-57.9665,-30.2497],[-57.9665,-30.2494],[-57.9696,-30.1726],[-58.0022,-30.0829],[-58.0034,-30.0785],[-58.0033,-30.0783],[-58.002,-30.0765],[-58.0018,-30.0764],[-57.8736,-30.0636],[-57.873,-30.0637],[-57.8132,-30.0582],[-57.8124,-30.058],[-57.7176,-29.9982],[-57.716,-29.9968],[-57.6832,-29.9696],[-57.6814,-29.9681],[-57.6771,-29.9646],[-57.677,-29.9645],[-57.5874,-29.8911],[-57.5871,-29.8911],[-57.5514,-29.8843],[-57.5506,-29.8841],[-57.3882,-29.7752],[-57.3055,-29.7411],[-57.3048,-29.7409],[-57.2251,-29.7179],[-57.2246,-29.7177],[-57.2083,-29.7098],[-57.2106,-29.7049],[-57.2208,-29.6382],[-57.2208,-29.6373],[-57.221,-29.6313],[-57.221,-29.63],[-57.2171,-29.6049],[-57.2171,-29.6048],[-57.2153,-29.6026],[-57.2152,-29.6025],[-57.2142,-29.6013],[-57.2141,-29.6011],[-57.155,-29.5523],[-57.1187,-29.5256],[-57.0723,-29.5236],[-57.0657,-29.5225],[-56.9672,-29.476],[-56.9666,-29.4756],[-56.9413,-29.4657],[-56.9409,-29.4656],[-56.9118,-29.4507],[-56.9117,-29.4507],[-56.8652,-29.4264],[-56.865,-29.4264],[-56.8541,-29.4236],[-56.8523,-29.4233],[-56.7589,-29.2771],[-56.7458,-29.2568],[-56.6413,-29.1323],[-56.6412,-29.1322],[-56.6405,-29.1316],[-56.6404,-29.1315],[-56.6237,-29.115],[-56.6236,-29.1149],[-56.6207,-29.1121],[-56.6206,-29.112],[-56.6172,-29.1086],[-56.6171,-29.1085],[-56.6131,-29.1045],[-56.613,-29.1044],[-56.6082,-29.1014],[-56.6066,-29.1008],[-56.5987,-29.0986],[-56.5985,-29.0986],[-56.5889,-29.0961],[-56.5887,-29.0961],[-56.5796,-29.091],[-56.5795,-29.0909],[-56.5754,-29.0881],[-56.5753,-29.088],[-56.5713,-29.0853],[-56.5711,-29.0852],[-56.5483,-29.085],[-56.5473,-29.0842],[-56.5468,-29.0838],[-56.5452,-29.0824],[-56.5455,-29.0827],[-56.5463,-29.0833],[-56.5469,-29.0837],[-56.5483,-29.085]],[[-58.0211,-30.7609],[-58.021,-30.7621],[-58.0235,-30.7727],[-58.0236,-30.773],[-58.0491,-30.839],[-58.049,-30.8402],[-58.0425,-30.9076],[-58.055,-30.9362],[-58.0557,-30.9376],[-58.074,-31.007],[-58.074,-31.0073],[-58.0753,-31.0248],[-58.0728,-31.0313],[-58.0688,-31.1108],[-58.0692,-31.1133],[-58.0764,-31.2434],[-58.0762,-31.2451],[-58.0774,-31.2837],[-58.0775,-31.2842],[-58.0778,-31.2852],[-58.0942,-31.3555],[-58.0948,-31.3581],[-58.0978,-31.3738],[-58.0979,-31.3744],[-58.1058,-31.4241],[-58.1071,-31.4257],[-58.1772,-31.498],[-58.1777,-31.4987],[-58.1816,-31.504],[-58.1819,-31.5044],[-58.1831,-31.5061],[-58.1837,-31.5072],[-58.1839,-31.5075],[-58.184,-31.5075],[-58.184,-31.5076],[-58.1841,-31.5076],[-58.1842,-31.5079],[-58.1874,-31.5195],[-58.189,-31.5426],[-58.189,-31.5432],[-58.2166,-31.6309],[-58.2194,-31.6359],[-58.2199,-31.6367],[-58.2701,-31.7014],[-58.2706,-31.7019],[-58.2713,-31.7027],[-58.3039,-31.7406],[-58.304,-31.7411],[-58.3077,-31.759],[-58.3132,-31.7814],[-58.316,-31.799],[-58.3158,-31.7993],[-58.3156,-31.7997],[-58.3153,-31.8001],[-58.3205,-31.8425],[-58.3205,-31.8428],[-58.3215,-31.8469],[-58.3234,-31.8593],[-58.3235,-31.8602],[-58.3236,-31.8613],[-58.3255,-31.8859],[-58.3256,-31.8865],[-58.305,-31.9702],[-58.3051,-31.9707],[-58.3031,-31.9852],[-58.3028,-31.9858],[-58.2616,-32.0614],[-58.2612,-32.0621],[-58.2519,-32.0791],[-58.2452,-32.1039],[-58.245,-32.1047],[-58.2424,-32.1159],[-58.2392,-32.1455],[-58.2388,-32.1668],[-58.2385,-32.1675],[-58.2364,-32.1828],[-58.2366,-32.1832],[-58.2451,-32.2003],[-58.2422,-32.2109],[-58.2407,-32.2143],[-58.237,-32.2543],[-58.2374,-32.2566],[-58.245,-32.2873],[-58.2505,-32.3032],[-58.2508,-32.3036],[-58.2614,-32.3369],[-58.2618,-32.3387],[-58.262,-32.3394],[-58.2787,-32.3931],[-58.2787,-32.3936],[-58.2786,-32.399],[-58.2785,-32.403],[-58.2787,-32.4042],[-58.2787,-32.4046],[-58.2788,-32.4055],[-58.2789,-32.406],[-58.2791,-32.4077],[-58.2793,-32.4091],[-58.2804,-32.4135],[-58.2806,-32.4143],[-58.2884,-32.4387],[-58.2892,-32.4405],[-58.2902,-32.4418],[-58.2905,-32.4423],[-58.291,-32.4437],[-58.2922,-32.4474],[-58.303,-32.4717],[-58.3046,-32.4745],[-58.305,-32.4752],[-58.3053,-32.476],[-58.3055,-32.4766],[-58.3064,-32.4792],[-58.3094,-32.4863],[-58.3099,-32.4875],[-58.3184,-32.5069],[-58.3186,-32.5075],[-58.3426,-32.5372],[-58.3437,-32.5382],[-58.345,-32.5391],[-58.3456,-32.5393],[-58.3461,-32.5395],[-58.3467,-32.5399],[-58.3472,-32.5404],[-58.3476,-32.5409],[-58.3477,-32.541],[-58.3496,-32.544],[-58.35,-32.5443],[-58.3893,-32.5793],[-58.3897,-32.5797],[-58.3905,-32.5803],[-58.3908,-32.5806],[-58.4241,-32.6251],[-58.4246,-32.6261],[-58.425,-32.6269],[-58.4252,-32.6273],[-58.426,-32.6289],[-58.4266,-32.63],[-58.4332,-32.6444],[-58.4334,-32.6449],[-58.4395,-32.6613],[-58.4404,-32.6633],[-58.4409,-32.6641],[-58.4418,-32.667],[-58.4435,-32.6714],[-58.4436,-32.6715],[-58.4443,-32.6735],[-58.4448,-32.6748],[-58.4458,-32.6774],[-58.4789,-32.745],[-58.4795,-32.7457],[-58.498,-32.7673],[-58.4989,-32.7683],[-58.4995,-32.7691],[-58.517,-32.7933],[-58.5176,-32.795],[-58.525,-32.8154],[-58.5253,-32.8164],[-58.5256,-32.8171],[-58.5258,-32.8176],[-58.5259,-32.8181],[-58.5268,-32.8204],[-58.5303,-32.83],[-58.5304,-32.8303],[-58.5349,-32.8427],[-58.5355,-32.8444],[-58.5363,-32.8466],[-58.5819,-32.9546],[-58.5826,-32.9564],[-58.5893,-32.9692],[-58.5908,-32.9727],[-58.591,-32.973],[-58.5927,-32.9773],[-58.6046,-33.0065],[-58.6072,-33.0126],[-58.6073,-33.0128],[-58.6129,-33.0262],[-58.6129,-33.0263],[-58.6169,-33.0361],[-58.6189,-33.041],[-58.6192,-33.0416],[-58.625,-33.0555],[-58.6267,-33.0596],[-58.6554,-33.1276],[-58.6554,-33.1277],[-58.664,-33.1486],[-58.6643,-33.1492],[-58.6823,-33.2123],[-58.7109,-33.2482],[-58.7122,-33.3212],[-58.742,-33.3836],[-58.7422,-33.384],[-58.7444,-33.3894],[-58.7445,-33.3896],[-58.747,-33.3971],[-58.7471,-33.3972],[-58.7494,-33.4038],[-58.7494,-33.404],[-58.8023,-33.4493],[-58.8012,-33.4967],[-58.8011,-33.4974],[-58.8003,-33.501]],[[-55.0867,-27.4757],[-55.0866,-27.4763],[-55.0867,-27.4769],[-55.0968,-27.4892],[-55.0993,-27.4907],[-55.1005,-27.4914],[-55.1012,-27.4917],[-55.1017,-27.4916],[-55.102,-27.492],[-55.1024,-27.4926],[-55.1015,-27.4924],[-55.102,-27.492]],[[-55.3192,-27.6161],[-55.3185,-27.6158],[-55.3175,-27.6157],[-55.312,-27.6156],[-55.3019,-27.6167],[-55.1664,-27.5188],[-55.1647,-27.518],[-55.1641,-27.5178],[-55.163,-27.5175],[-55.1619,-27.5172],[-55.1603,-27.5167],[-55.1588,-27.5163],[-55.1541,-27.5148],[-55.1537,-27.5147],[-55.153,-27.5145],[-55.1524,-27.5145]],[[-55.119,-27.5043],[-55.1197,-27.5044],[-55.1196,-27.5047],[-55.119,-27.5043],[-55.1187,-27.5041],[-55.1181,-27.5039],[-55.116,-27.5029],[-55.1157,-27.5028],[-55.1147,-27.5023],[-55.1137,-27.5015],[-55.1134,-27.502],[-55.1147,-27.5023]],[[-55.1196,-27.5047],[-55.1197,-27.5048],[-55.1198,-27.5048],[-55.12,-27.5048],[-55.1201,-27.5048],[-55.1207,-27.5048],[-55.1202,-27.5044],[-55.1201,-27.5048]],[[-55.1118,-27.501],[-55.1131,-27.5013],[-55.1128,-27.5018],[-55.1118,-27.501],[-55.1113,-27.5008],[-55.1109,-27.5006],[-55.1105,-27.5004],[-55.1024,-27.4926]],[[-55.0866,-27.4763],[-55.0863,-27.4757],[-55.0862,-27.4756],[-55.0866,-27.4753],[-55.0864,-27.4748],[-55.0864,-27.4744],[-55.0864,-27.474],[-55.0863,-27.472],[-55.0862,-27.4705],[-55.086,-27.4664],[-55.0822,-27.4452],[-55.0716,-27.4174],[-55.061,-27.3845],[-55.0575,-27.3797],[-55.0487,-27.3706],[-55.0478,-27.3693],[-55.0479,-27.3663],[-55.048,-27.3659],[-55.0491,-27.3633],[-55.053,-27.3504],[-55.0538,-27.346],[-55.0541,-27.3447],[-55.055,-27.3401],[-55.0551,-27.3399],[-55.0552,-27.3395],[-55.0552,-27.3388]],[[-54.1191,-26.6199],[-54.1195,-26.6204],[-54.1187,-26.6201],[-54.1186,-26.6201],[-54.1183,-26.6199],[-54.1179,-26.6194],[-54.1186,-26.6196],[-54.1187,-26.6196],[-54.1187,-26.6201]],[[-54.89,-27.1033],[-54.8902,-27.1028],[-54.8909,-27.1034],[-54.89,-27.1033],[-54.8898,-27.1033],[-54.8895,-27.1031],[-54.8894,-27.103],[-54.889,-27.1026],[-54.8896,-27.1027],[-54.8894,-27.103]],[[-53.6436,-26.2547],[-53.644,-26.2547],[-53.6441,-26.2547],[-53.6442,-26.2547],[-53.6455,-26.2547],[-53.6475,-26.2596],[-53.647,-26.2563],[-53.6455,-26.2547]],[[-56.5452,-29.0824],[-56.5446,-29.082],[-56.5386,-29.077],[-56.5381,-29.0766],[-56.4955,-29.0295],[-56.4945,-29.029],[-56.4542,-29.0057],[-56.4167,-28.9317],[-56.4165,-28.9316],[-56.4078,-28.9252],[-56.4043,-28.9022],[-56.371,-28.7683],[-56.3709,-28.768],[-56.3286,-28.72],[-56.2422,-28.6939],[-56.2406,-28.6938],[-56.1512,-28.655],[-56.1021,-28.6033],[-56.1,-28.5992],[-56.0999,-28.599],[-56.0736,-28.5547],[-56.0721,-28.5517],[-56.0726,-28.5507],[-56.1008,-28.5374],[-56.1009,-28.5373],[-56.1156,-28.4879],[-56.1126,-28.361],[-56.1136,-28.3581],[-56.0994,-28.2671],[-56.1077,-28.1943],[-56.0935,-28.17],[-56.0465,-28.1144],[-56.0435,-28.1116],[-56.0175,-28.0729],[-56.0174,-28.0728],[-56.0158,-28.0667],[-56.0156,-28.0654],[-56.0149,-28.0618],[-56.0148,-28.0606],[-56.0146,-28.0597],[-56.0145,-28.0586],[-56.0139,-28.0545],[-56.0139,-28.0543],[-56.0128,-28.0471],[-56.0129,-28.044],[-56.0131,-28.0395],[-56.0132,-28.0382],[-56.0133,-28.0368],[-56.0133,-28.0364],[-56.0233,-27.9948],[-56.0097,-27.9689],[-56.0074,-27.966],[-55.9714,-27.9347],[-55.9712,-27.9346],[-55.9488,-27.9077],[-55.9461,-27.9051],[-55.9269,-27.8665],[-55.9269,-27.8664],[-55.8935,-27.8299],[-55.8369,-27.7911],[-55.8308,-27.7879],[-55.8274,-27.7863],[-55.8253,-27.7853],[-55.8248,-27.7851],[-55.8244,-27.785],[-55.8213,-27.7836],[-55.8159,-27.7813],[-55.8114,-27.7785],[-55.8111,-27.7782],[-55.8108,-27.7778],[-55.7992,-27.7647],[-55.7988,-27.7645],[-55.7836,-27.7482],[-55.783,-27.7477],[-55.7829,-27.7476],[-55.7815,-27.7462]],[[-54.0516,-26.5798],[-54.0512,-26.5791],[-54.0519,-26.5794],[-54.0519,-26.5799],[-54.0519,-26.5794]],[[-54.0522,-26.5796],[-54.0526,-26.5803],[-54.0518,-26.5799]],[[-55.7807,-27.7464],[-55.78,-27.7458],[-55.7797,-27.7457],[-55.7787,-27.7455],[-55.7766,-27.7452],[-55.7758,-27.7452],[-55.7731,-27.745],[-55.769,-27.7448],[-55.7389,-27.7399],[-55.7384,-27.7398],[-55.738,-27.7396],[-55.7211,-27.7321],[-55.7045,-27.7219],[-55.7042,-27.7217],[-55.6651,-27.7002],[-55.6646,-27.6999],[-55.6208,-27.6742],[-55.6205,-27.674],[-55.5858,-27.6505],[-55.5272,-27.6433],[-55.5061,-27.6433],[-55.5035,-27.643],[-55.5019,-27.6423],[-55.5009,-27.6418],[-55.4999,-27.6414],[-55.4985,-27.6408],[-55.4909,-27.6376],[-55.4904,-27.6374],[-55.4875,-27.6362],[-55.458,-27.6319],[-55.4468,-27.6309],[-55.4384,-27.6312],[-55.4277,-27.6349],[-55.3597,-27.6472],[-55.3416,-27.6311],[-55.3407,-27.6299],[-55.3404,-27.6294],[-55.3394,-27.6281],[-55.3392,-27.6278],[-55.3338,-27.6206],[-55.3316,-27.6186],[-55.324,-27.6165],[-55.3215,-27.6162],[-55.321,-27.6161],[-55.3203,-27.6159]],[[-54.0512,-26.5791],[-54.051,-26.5789],[-54.0506,-26.5786],[-54.0504,-26.5785],[-54.0479,-26.5775],[-54.0044,-26.5725],[-53.9984,-26.5729],[-53.995,-26.5696],[-53.97,-26.5573],[-53.9632,-26.5509],[-53.9623,-26.5501],[-53.9605,-26.5488],[-53.9407,-26.5367],[-53.9407,-26.536],[-53.9353,-26.5166],[-53.924,-26.5111],[-53.922,-26.5091],[-53.9194,-26.5083],[-53.9159,-26.5089],[-53.8968,-26.4953],[-53.8911,-26.4924],[-53.8888,-26.4851],[-53.875,-26.4631],[-53.8631,-26.4532],[-53.86,-26.4529],[-53.8486,-26.4275],[-53.8439,-26.4263],[-53.8264,-26.42],[-53.8248,-26.4186],[-53.8238,-26.4159],[-53.8164,-26.398],[-53.8163,-26.3975],[-53.8148,-26.3959],[-53.7709,-26.3853],[-53.7599,-26.357],[-53.7599,-26.3569],[-53.77,-26.3377],[-53.7379,-26.3221],[-53.7357,-26.2944],[-53.7349,-26.2935],[-53.7347,-26.2929]],[[-53.7341,-26.2929],[-53.7338,-26.2922],[-53.718,-26.2765],[-53.6772,-26.2761],[-53.6763,-26.2764],[-53.673,-26.277],[-53.6725,-26.2769],[-53.6705,-26.2761],[-53.6652,-26.2728],[-53.6622,-26.2686],[-53.6607,-26.2677],[-53.6573,-26.2659],[-53.6559,-26.265],[-53.6535,-26.2634],[-53.6531,-26.2632],[-53.6524,-26.2628],[-53.6513,-26.2624],[-53.6477,-26.2604],[-53.6476,-26.26],[-53.6475,-26.2596]],[[-57.2106,-29.7049],[-57.2093,-29.7133],[-57.2247,-29.7176],[-57.2252,-29.7177],[-57.3048,-29.7408],[-57.3055,-29.741],[-57.3883,-29.7751],[-57.5506,-29.884],[-57.5514,-29.8841],[-57.5872,-29.8909],[-57.5875,-29.891],[-57.6771,-29.9643],[-57.6772,-29.9644],[-57.6815,-29.968],[-57.6833,-29.9695],[-57.7161,-29.9967],[-57.7177,-29.998],[-57.8125,-30.0579],[-57.8134,-30.058],[-57.873,-30.0635],[-57.8736,-30.0634],[-58.0021,-30.0763],[-58.0022,-30.0765],[-58.0034,-30.0781],[-58.0035,-30.0784],[-58.0021,-30.0833],[-57.9696,-30.1735],[-57.9667,-30.2494],[-57.9667,-30.2497],[-57.9579,-30.2725],[-57.9508,-30.3325],[-57.9509,-30.3332],[-57.9613,-30.3694],[-57.9615,-30.37],[-57.9851,-30.447],[-57.9851,-30.4473],[-57.9866,-30.481],[-57.9866,-30.4814],[-57.9821,-30.5422],[-57.982,-30.5426],[-57.9803,-30.5513],[-57.9802,-30.5517],[-57.9783,-30.6089],[-57.9795,-30.6231],[-57.9824,-30.627],[-57.9831,-30.628],[-57.9848,-30.6301],[-57.9852,-30.6306],[-57.9877,-30.6339],[-57.9885,-30.6349],[-58.0029,-30.6538],[-58.0114,-30.677],[-58.0114,-30.6777],[-58.015,-30.7376],[-58.02,-30.7585],[-58.0208,-30.7597]],[[-55.1015,-27.4924],[-55.1012,-27.4923],[-55.1011,-27.4922],[-55.101,-27.492],[-55.1009,-27.492],[-55.1004,-27.4915],[-55.0993,-27.4907]],[[-55.0863,-27.4752],[-55.0864,-27.4748]],[[-55.152,-27.5144],[-55.1515,-27.514],[-55.1512,-27.5139],[-55.1507,-27.5138],[-55.1492,-27.5134],[-55.1486,-27.5132],[-55.1418,-27.5112],[-55.1417,-27.5111],[-55.1407,-27.5108],[-55.1395,-27.5105],[-55.1387,-27.5103],[-55.1377,-27.5099],[-55.1366,-27.5096],[-55.1353,-27.5092],[-55.1337,-27.5087],[-55.1332,-27.5085],[-55.131,-27.5079],[-55.1304,-27.5077],[-55.1261,-27.5064],[-55.125,-27.5061],[-55.1228,-27.5054],[-55.1211,-27.5049],[-55.1207,-27.5048]],[[-55.1515,-27.514],[-55.1521,-27.5141]],[[-55.1525,-27.5142],[-55.153,-27.5145]],[[-55.0574,-27.3103],[-55.0575,-27.311],[-55.0575,-27.3111],[-55.0575,-27.3114],[-55.0573,-27.3115],[-55.0569,-27.312],[-55.0569,-27.3113],[-55.057,-27.3109],[-55.0574,-27.3103],[-55.0575,-27.31],[-55.0576,-27.3094],[-55.0579,-27.3086],[-55.0582,-27.3078],[-55.0613,-27.2672],[-54.9978,-27.2485],[-54.9974,-27.248],[-54.9767,-27.2309],[-54.9721,-27.2212],[-54.9719,-27.2208],[-54.9717,-27.2205],[-54.9716,-27.2199]],[[-55.0566,-27.3162],[-55.0565,-27.3168],[-55.0561,-27.3164]],[[-55.0565,-27.3159],[-55.0562,-27.3152],[-55.0562,-27.315],[-55.0563,-27.3144],[-55.0566,-27.3126],[-55.0569,-27.312]],[[-55.056,-27.3159],[-55.0562,-27.3152]],[[-54.6758,-27.0365],[-54.6759,-27.0371],[-54.6754,-27.0366]],[[-54.6752,-27.036],[-54.675,-27.0352],[-54.6755,-27.0358]],[[-54.675,-27.0352],[-54.6748,-27.0348],[-54.6747,-27.0347],[-54.6733,-27.0318],[-54.6678,-27.0282],[-54.6103,-27.0091],[-54.5729,-27.0235],[-54.4972,-27.0021],[-54.4966,-27.0015],[-54.4957,-27.0004],[-54.4953,-26.9997],[-54.4947,-26.9994]],[[-55.0554,-27.3383],[-55.056,-27.338],[-55.0558,-27.3386]],[[-55.0565,-27.3168],[-55.0567,-27.3174],[-55.0569,-27.3179],[-55.0575,-27.3195],[-55.0564,-27.3372],[-55.0562,-27.3375],[-55.056,-27.338]],[[-54.9713,-27.2195],[-54.9709,-27.219],[-54.9707,-27.2186],[-54.9705,-27.2183],[-54.9685,-27.2147],[-54.9471,-27.1805],[-54.9396,-27.179],[-54.8924,-27.1039],[-54.8915,-27.1036],[-54.8909,-27.1034]],[[-54.4782,-26.9879],[-54.4773,-26.9873],[-54.4767,-26.9864],[-54.3999,-26.8734],[-54.3243,-26.8145],[-54.3186,-26.8112],[-54.3183,-26.7694],[-54.3064,-26.7432],[-54.2923,-26.7405],[-54.2911,-26.7399],[-54.2652,-26.7463],[-54.2606,-26.7425],[-54.2461,-26.7302],[-54.2451,-26.715],[-54.206,-26.6931],[-54.2024,-26.6786],[-54.1222,-26.6262],[-54.1218,-26.6235],[-54.1208,-26.6214],[-54.1203,-26.6209],[-54.1195,-26.6204]],[[-54.8851,-27.1011],[-54.8849,-27.1015],[-54.8862,-27.1016],[-54.8851,-27.1011],[-54.8847,-27.101],[-54.8834,-27.1007],[-54.8812,-27.1],[-54.8413,-27.0853],[-54.8349,-27.085],[-54.8348,-27.085],[-54.8285,-27.0849],[-54.8238,-27.0844],[-54.7736,-27.084],[-54.772,-27.0836],[-54.7279,-27.0529],[-54.6856,-27.045],[-54.6854,-27.0449],[-54.683,-27.044],[-54.6825,-27.0439],[-54.6759,-27.0371]],[[-54.8849,-27.1015],[-54.8848,-27.1015],[-54.8845,-27.1013],[-54.8834,-27.1007]],[[-54.889,-27.1026],[-54.8862,-27.1016]],[[-58.0201,-30.7612],[-58.0199,-30.7611],[-58.0196,-30.7601],[-58.0197,-30.7599]],[[-55.3185,-27.6158],[-55.3195,-27.6157]],[[-53.7349,-26.2935],[-53.7344,-26.2931]],[[-53.7338,-26.2922],[-53.7344,-26.2926]],[[-55.321,-27.6161],[-55.3202,-27.6162]],[[-54.1179,-26.6194],[-54.1174,-26.6191],[-54.1171,-26.6189],[-54.116,-26.6183],[-54.1151,-26.6177],[-54.112,-26.6154],[-54.1069,-26.61],[-54.1037,-26.6078],[-54.0796,-26.6024],[-54.079,-26.602],[-54.0788,-26.6024],[-54.0796,-26.6024]],[[-54.971,-27.2197],[-54.9709,-27.219]],[[-54.4787,-26.9882],[-54.4796,-26.9889],[-54.4786,-26.9887]],[[-54.4777,-26.9881],[-54.4773,-26.9873]],[[-55.78,-27.7458],[-55.7806,-27.746],[-55.7809,-27.746]],[[-55.7829,-27.7476],[-55.7812,-27.7467]],[[-54.9717,-27.2205],[-54.9714,-27.2201]],[[-55.0557,-27.3388],[-55.0552,-27.3395]],[[-55.1353,-27.5092],[-55.1364,-27.5094],[-55.1372,-27.5097],[-55.1381,-27.5099],[-55.1395,-27.5105]],[[-54.495,-26.9991],[-54.4953,-26.9997]],[[-55.1134,-27.502],[-55.1133,-27.5021],[-55.1129,-27.5019],[-55.1128,-27.5018]],[[-55.0866,-27.4753],[-55.0863,-27.4757]],[[-54.4945,-26.999],[-54.4943,-26.9983],[-54.4948,-26.9989]],[[-54.4943,-26.9983],[-54.4935,-26.9972],[-54.4877,-26.9913],[-54.4875,-26.9913],[-54.4804,-26.9891],[-54.4796,-26.9889]],[[-54.0788,-26.6024],[-54.0787,-26.6024],[-54.0784,-26.6022],[-54.0786,-26.6019],[-54.0778,-26.6018],[-54.0772,-26.6015],[-54.0529,-26.5805],[-54.0526,-26.5803]],[[-54.0784,-26.6022],[-54.0778,-26.6018]],[[-56.0097,-27.9689],[-56.0074,-27.966]],[[-55.1197,-27.5044],[-55.1197,-27.5043],[-55.12,-27.5043],[-55.1202,-27.5044]],[[-55.1131,-27.5013],[-55.1132,-27.5012],[-55.1137,-27.5015]],[[-56.0465,-28.1144],[-56.0435,-28.1116]],[[-56.1126,-28.361],[-56.1136,-28.3581]],[[-54.8896,-27.1027],[-54.8899,-27.1026],[-54.8901,-27.1028],[-54.8902,-27.1028]],[[-54.8845,-27.1013],[-54.8847,-27.101]],[[-54.0786,-26.6019],[-54.0789,-26.602],[-54.079,-26.602]],[[-55.057,-27.3109],[-55.0575,-27.311]],[[-55.0573,-27.3115],[-55.0569,-27.3113]],[[-54.1183,-26.6199],[-54.1186,-26.6196]],[[-55.1009,-27.492],[-55.1012,-27.4917]]]}},{"type":"Feature","properties":{"ref":"RN 16"},"geometry":{"type":"MultiLineString","coordinates":[[[-58.8523,-27.4749],[-58.8523,-27.4748],[-58.8692,-27.4621],[-58.8696,-27.4618],[-58.8741,-27.4578],[-58.8775,-27.4548],[-58.8812,-27.4516],[-58.8818,-27.451],[-58.8894,-27.4443],[-58.8905,-27.4431],[-58.8908,-27.4434],[-58.8894,-27.4443]],[[-58.8905,-27.4431],[-58.891,-27.4426],[-58.8915,-27.4422],[-58.8996,-27.4372],[-58.906,-27.4365],[-58.9133,-27.4366],[-58.9168,-27.4365],[-58.9252,-27.4335],[-58.9325,-27.4307],[-58.9343,-27.43],[-58.9418,-27.4271],[-58.9442,-27.426],[-58.9498,-27.4239],[-58.9521,-27.4231],[-58.9553,-27.4219],[-58.9571,-27.4209],[-58.9604,-27.4193],[-58.9618,-27.4186],[-58.9676,-27.4157],[-58.9685,-27.4154],[-58.9686,-27.4154],[-58.9692,-27.415],[-58.9693,-27.415],[-58.97,-27.4145],[-58.9703,-27.4143],[-58.9738,-27.4125],[-58.9789,-27.4098],[-58.9898,-27.41],[-58.9899,-27.4101],[-59.0008,-27.4124],[-59.002,-27.4126],[-59.0016,-27.4115],[-59.0009,-27.4122],[-58.9987,-27.4125],[-58.9929,-27.4113],[-58.9917,-27.4107],[-58.9908,-27.4103],[-58.99,-27.4099],[-58.9899,-27.4099],[-58.982,-27.4085],[-58.9783,-27.4099],[-58.9768,-27.4107],[-58.9756,-27.4113],[-58.9741,-27.4121],[-58.9724,-27.413],[-58.9709,-27.4137],[-58.9698,-27.4143],[-58.9689,-27.4146],[-58.9682,-27.4149],[-58.9682,-27.4152],[-58.9685,-27.4154]],[[-59.002,-27.4126],[-59.0021,-27.4126],[-59.0027,-27.4123],[-59.0022,-27.4113],[-59.0033,-27.4111],[-59.004,-27.4102],[-59.0093,-27.4055],[-59.0237,-27.3927],[-59.0305,-27.3866],[-59.063,-27.3584],[-59.0974,-27.3119],[-59.1376,-27.2761],[-59.2216,-27.2191],[-59.222,-27.2189],[-59.2241,-27.2179],[-59.2936,-27.1916],[-59.3067,-27.1925],[-59.307,-27.1926],[-59.3261,-27.187],[-59.3193,-27.193],[-59.3069,-27.1927],[-59.3067,-27.1926],[-59.3015,-27.1914],[-59.2927,-27.1922],[-59.2903,-27.1931],[-59.2902,-27.1932],[-59.2882,-27.1939],[-59.222,-27.2192],[-59.2218,-27.2193],[-59.0981,-27.3117],[-59.0634,-27.3585],[-59.0627,-27.3602],[-59.0623,-27.3609],[-59.0308,-27.3868],[-59.0097,-27.4056],[-59.0042,-27.4104],[-59.0033,-27.4113],[-59.0031,-27.4115],[-59.0027,-27.4123]],[[-60.4475,-26.8043],[-60.4426,-26.805],[-60.4375,-26.8058],[-60.4327,-26.8074],[-60.428,-26.8091],[-60.4202,-26.8118],[-60.4187,-26.8119],[-60.4177,-26.8122],[-60.4177,-26.8123],[-60.4165,-26.8131],[-60.0547,-26.9407],[-60.048,-26.9431],[-60.0547,-26.9407]],[[-60.4477,-26.8046],[-60.4427,-26.8051],[-60.4375,-26.8059],[-60.4327,-26.8075],[-60.428,-26.8092],[-60.4202,-26.8119],[-60.4191,-26.8127],[-60.419,-26.8128],[-60.4181,-26.8131],[-60.4165,-26.8131]],[[-59.8522,-27.0062],[-59.856,-27.0049],[-59.8524,-27.0062],[-59.8499,-27.007],[-59.8522,-27.0062]],[[-59.8499,-27.007],[-59.8389,-27.0108],[-59.5644,-27.1167],[-59.4671,-27.1355],[-59.4605,-27.1378],[-59.4512,-27.141],[-59.401,-27.1582],[-59.4005,-27.1584],[-59.3953,-27.1602],[-59.3952,-27.1602],[-59.3885,-27.1626],[-59.3952,-27.1602]],[[-60.4478,-26.8041],[-60.4526,-26.8026],[-60.4573,-26.8009],[-60.4664,-26.7978],[-60.4573,-26.801],[-60.4527,-26.8027],[-60.448,-26.8044]],[[-63.2602,-25.6225],[-63.264,-25.6222],[-63.2641,-25.6222],[-63.2768,-25.6151],[-63.2741,-25.6176],[-63.2676,-25.6208],[-63.2665,-25.6212],[-63.2653,-25.6218],[-63.2641,-25.6221],[-63.264,-25.6221],[-63.2602,-25.6225],[-62.8357,-25.8151],[-62.8314,-25.817],[-62.8279,-25.8185],[-61.8517,-26.2291],[-61.8495,-26.2306],[-61.8315,-26.2384],[-61.8246,-26.2386],[-61.4216,-26.4087],[-61.4191,-26.4102],[-61.4216,-26.4087]],[[-58.8908,-27.4434],[-58.8913,-27.443],[-58.8918,-27.4424],[-58.8925,-27.4416],[-58.8952,-27.4394],[-58.905,-27.4367],[-58.9134,-27.4369],[-58.9172,-27.4366],[-58.9254,-27.4338],[-58.9336,-27.4305],[-58.9444,-27.4263],[-58.9496,-27.4242],[-58.9521,-27.4231],[-58.9552,-27.4218],[-58.9571,-27.4209],[-58.9603,-27.4192],[-58.9614,-27.4186],[-58.9635,-27.4175],[-58.9652,-27.4166],[-58.9667,-27.4159],[-58.9674,-27.4155],[-58.9682,-27.4149]],[[-59.3885,-27.1626],[-59.3317,-27.1822],[-59.3294,-27.184],[-59.3276,-27.1857],[-59.3263,-27.1868],[-59.3263,-27.1869],[-59.3261,-27.187]],[[-59.4671,-27.1355],[-59.4605,-27.1378]],[[-60.7473,-26.7058],[-60.7479,-26.7055],[-60.7488,-26.7045],[-60.7534,-26.6997],[-60.778,-26.6744],[-60.9415,-26.6091],[-60.9445,-26.6086],[-60.9446,-26.6086],[-60.9471,-26.6076],[-60.9518,-26.6057],[-60.9543,-26.6045],[-60.9544,-26.6045],[-60.9573,-26.603],[-61.1706,-26.5131],[-61.1724,-26.5126]],[[-60.7469,-26.7062],[-60.7464,-26.7056],[-60.7471,-26.7058]],[[-60.7464,-26.7056],[-60.7315,-26.7032],[-60.7285,-26.7036],[-60.7257,-26.7041],[-60.7248,-26.7043],[-60.7171,-26.7069],[-60.7124,-26.7086],[-60.6288,-26.7383],[-60.6234,-26.7402],[-60.6181,-26.7421],[-60.6158,-26.7429],[-60.6133,-26.7438],[-60.4664,-26.7978]],[[-60.7479,-26.7055],[-60.7477,-26.706]],[[-58.9689,-27.4146],[-58.9692,-27.4147],[-58.9693,-27.415]],[[-59.0016,-27.4115],[-59.0022,-27.4113]],[[-61.1732,-26.5124],[-61.1749,-26.5117],[-61.1733,-26.5127]],[[-61.1726,-26.513],[-61.1706,-26.5131]],[[-61.1749,-26.5117],[-61.1808,-26.5093],[-61.1841,-26.5076],[-61.1808,-26.5093]],[[-61.4191,-26.4102],[-61.4119,-26.4132],[-61.4086,-26.4141],[-61.3382,-26.4416],[-61.338,-26.4417],[-61.1841,-26.5076]],[[-61.4119,-26.4132],[-61.4086,-26.4141]],[[-60.048,-26.9431],[-59.9494,-26.9724],[-59.9492,-26.9725],[-59.856,-27.0049]],[[-59.2812,-27.1959],[-59.2814,-27.1963]],[[-60.9415,-26.6091],[-60.9444,-26.6085],[-60.9445,-26.6085],[-60.9471,-26.6076]],[[-60.9573,-26.603],[-60.9545,-26.6046],[-60.9544,-26.6046],[-60.9518,-26.6057]],[[-60.7257,-26.7041],[-60.7287,-26.7035],[-60.7315,-26.7032]],[[-58.891,-27.4426],[-58.8913,-27.443]],[[-60.6133,-26.7438],[-60.6158,-26.7428],[-60.6181,-26.7421]],[[-60.6234,-26.7402],[-60.6288,-26.7383]],[[-60.4181,-26.8131],[-60.4177,-26.8123]],[[-60.4187,-26.8119],[-60.4191,-26.8127]],[[-64.9337,-25.3533],[-64.9329,-25.3533],[-64.9067,-25.3549],[-64.9063,-25.3549],[-64.8482,-25.3487],[-64.8139,-25.3771],[-64.8136,-25.3773],[-64.7866,-25.3822],[-64.6414,-25.3904],[-64.5927,-25.3933],[-64.5918,-25.3933],[-64.5659,-25.3935],[-64.5658,-25.3935],[-64.4191,-25.3066],[-64.3893,-25.2837],[-64.391,-25.2529],[-64.3916,-25.2511],[-64.3921,-25.2494],[-64.3975,-25.2228],[-64.3006,-25.1327],[-64.3003,-25.1323],[-64.2693,-25.1078],[-64.2692,-25.1078],[-64.2279,-25.1016],[-64.2277,-25.1016],[-64.2066,-25.0986],[-64.1654,-25.0887],[-64.1343,-25.1145],[-64.1309,-25.1174],[-64.128,-25.1198],[-64.1178,-25.1288],[-64.0759,-25.1791],[-64.0758,-25.1791],[-64.0544,-25.2144],[-64.0544,-25.2145],[-64.0464,-25.2288],[-64.0463,-25.2289],[-64.0231,-25.2706],[-64.0184,-25.3216],[-64.0197,-25.331],[-64.0221,-25.3475],[-64.0219,-25.3478],[-64.0207,-25.3573],[-64.0207,-25.3574],[-64.0222,-25.3606],[-64.0223,-25.3607],[-63.9812,-25.409],[-63.9732,-25.4115],[-63.7832,-25.4644]],[[-63.7746,-25.4658],[-63.7108,-25.479],[-63.7107,-25.479],[-63.5251,-25.5285],[-63.5213,-25.5291],[-63.5166,-25.5296],[-63.4037,-25.5577],[-63.2768,-25.6151]],[[-63.9812,-25.409],[-63.9732,-25.4115]],[[-63.5166,-25.5296],[-63.5202,-25.5291],[-63.5211,-25.529],[-63.5218,-25.529],[-63.5251,-25.5285]]]}},{"type":"Feature","properties":{"ref":"RN 18"},"geometry":{"type":"MultiLineString","coordinates":[[[-59.9522,-31.8509],[-59.9541,-31.8495],[-59.9548,-31.8494],[-59.9786,-31.8497],[-59.9791,-31.8497],[-59.9792,-31.8497],[-59.9797,-31.8497],[-60.004,-31.8525],[-60.0043,-31.8526],[-60.0201,-31.8554],[-60.0246,-31.8572],[-60.0256,-31.8575],[-60.0264,-31.8577],[-60.0273,-31.8578],[-60.0285,-31.8577],[-60.0455,-31.8544],[-60.0458,-31.8543],[-60.0931,-31.8429],[-60.0933,-31.843],[-60.0946,-31.8434],[-60.0949,-31.8435],[-60.0955,-31.8437],[-60.1015,-31.8452],[-60.1247,-31.8436],[-60.125,-31.8435],[-60.1405,-31.84],[-60.1408,-31.84],[-60.1611,-31.8367],[-60.1613,-31.8367],[-60.2107,-31.8339],[-60.211,-31.8338],[-60.2308,-31.8304],[-60.2317,-31.8304],[-60.2326,-31.8302],[-60.2328,-31.8302],[-60.233,-31.8301],[-60.2529,-31.823],[-60.3144,-31.7848],[-60.3158,-31.7844],[-60.3599,-31.7781],[-60.3606,-31.778],[-60.3759,-31.775],[-60.3932,-31.7722],[-60.4006,-31.7711],[-60.401,-31.7711],[-60.4028,-31.7708],[-60.4042,-31.7706],[-60.4035,-31.77],[-60.4031,-31.7706],[-60.4006,-31.7711]],[[-59.0311,-31.8078],[-59.0275,-31.8081],[-59.0271,-31.8083],[-59.0259,-31.8081],[-58.973,-31.8092],[-58.9713,-31.8095],[-58.8754,-31.8106],[-58.7524,-31.7873],[-58.7523,-31.7873],[-58.7384,-31.7833],[-58.7383,-31.7833],[-58.7276,-31.7779],[-58.7162,-31.7719],[-58.7155,-31.7716],[-58.7139,-31.7708],[-58.7137,-31.7707],[-58.7135,-31.7706],[-58.5793,-31.6883],[-58.5689,-31.6469],[-58.5679,-31.646],[-58.4762,-31.5664],[-58.4758,-31.5661],[-58.4376,-31.5535],[-58.4278,-31.5535],[-58.4269,-31.5533],[-58.19,-31.5113],[-58.1888,-31.5116],[-58.1876,-31.512],[-58.186,-31.5125],[-58.1855,-31.5126],[-58.186,-31.5124],[-58.1876,-31.5119],[-58.1887,-31.5116],[-58.3287,-31.5355],[-58.332,-31.5361],[-58.3607,-31.5412],[-58.3686,-31.5426],[-58.4269,-31.5531],[-58.4277,-31.5533],[-58.4375,-31.5534],[-58.4758,-31.5659],[-58.4762,-31.5662],[-58.5681,-31.6459],[-58.569,-31.6468],[-58.5962,-31.7027],[-58.7136,-31.7704],[-58.714,-31.7706],[-58.7148,-31.771]],[[-59.1295,-31.8012],[-59.1377,-31.8003],[-59.1393,-31.8002],[-59.1586,-31.8031],[-59.1695,-31.8061],[-59.1752,-31.8077],[-59.2698,-31.8435],[-59.4192,-31.8329],[-59.4193,-31.8329],[-59.439,-31.8356],[-59.4392,-31.8357],[-59.4797,-31.8416],[-59.4798,-31.8416],[-59.4846,-31.8414],[-59.4798,-31.8418],[-59.4797,-31.8418],[-59.4391,-31.8361],[-59.4389,-31.8361],[-59.4193,-31.8331],[-59.4192,-31.8331],[-59.3488,-31.8383],[-59.3337,-31.8393],[-59.269,-31.8436],[-59.1754,-31.8078],[-59.1683,-31.8059],[-59.1627,-31.8044],[-59.1514,-31.8007],[-59.1393,-31.8003],[-59.1377,-31.8005],[-59.1292,-31.8014]],[[-59.8945,-31.8487],[-59.8884,-31.8492],[-59.8279,-31.8549],[-59.8276,-31.8549],[-59.8101,-31.8576]],[[-59.9493,-31.8496],[-59.8949,-31.8492]],[[-59.4846,-31.8414],[-59.4873,-31.8412],[-59.4878,-31.8411],[-59.6131,-31.846],[-59.6136,-31.846],[-59.7288,-31.8686],[-59.9495,-31.8494],[-59.9504,-31.8493],[-59.9521,-31.8476]],[[-59.9521,-31.8506],[-59.9502,-31.8494],[-59.9495,-31.8494]],[[-59.9522,-31.8475],[-59.9529,-31.8492]],[[-60.4035,-31.77],[-60.4035,-31.7698],[-60.4046,-31.7695]],[[-60.4048,-31.7695],[-60.4044,-31.7705]],[[-59.1698,-31.8062],[-59.1735,-31.8052],[-59.1752,-31.8077]],[[-59.1752,-31.8078],[-59.1718,-31.8097],[-59.1697,-31.8063]],[[-59.9504,-31.8493],[-59.9512,-31.8493],[-59.953,-31.8493],[-59.9541,-31.8494],[-59.9548,-31.8494]],[[-59.9541,-31.8495],[-59.9531,-31.8494],[-59.9512,-31.8494],[-59.9502,-31.8494]],[[-60.3182,-31.7836],[-60.3598,-31.7779],[-60.3605,-31.7778],[-60.365,-31.777]],[[-60.3195,-31.7836],[-60.316,-31.7846],[-60.3145,-31.785],[-60.2845,-31.803],[-60.2509,-31.8255]],[[-60.2355,-31.8297],[-60.2331,-31.8301],[-60.2326,-31.8303],[-60.2111,-31.834],[-60.2107,-31.8341],[-60.1607,-31.8373],[-60.1606,-31.8373],[-60.1409,-31.8401],[-60.1404,-31.8402],[-60.1251,-31.8437],[-60.1247,-31.8438],[-60.1012,-31.8455],[-60.0954,-31.8441],[-60.0944,-31.8438],[-60.0847,-31.8429]],[[-60.0376,-31.8558],[-60.0846,-31.8427]],[[-59.9548,-31.8496],[-59.9787,-31.8499],[-59.9791,-31.8499],[-59.9792,-31.8499],[-59.9799,-31.8499],[-60.0132,-31.8542],[-60.0213,-31.8562]],[[-59.4815,-31.8416],[-59.4874,-31.8413],[-59.4878,-31.8413],[-59.6426,-31.8456],[-59.6683,-31.8614]],[[-58.5622,-31.6404],[-58.5618,-31.6407]],[[-58.5773,-31.6841],[-58.5776,-31.6821]],[[-58.5529,-31.633],[-58.5533,-31.6326]],[[-58.5275,-31.6101],[-58.5271,-31.6104]],[[-58.5237,-31.608],[-58.5218,-31.6058]],[[-58.5257,-31.6093],[-58.524,-31.6083]],[[-58.5206,-31.6048],[-58.5215,-31.6049]],[[-58.4675,-31.5581],[-58.4671,-31.5584]],[[-58.4648,-31.5565],[-58.4653,-31.5561]],[[-59.7187,-31.8682],[-59.6687,-31.8612]],[[-59.7828,-31.8615],[-59.7219,-31.8686]],[[-60.2361,-31.8292],[-60.2499,-31.826]],[[-60.0334,-31.8572],[-60.0365,-31.8564]],[[-59.8084,-31.8574],[-59.7879,-31.8601],[-59.7841,-31.8609]],[[-58.6814,-31.754],[-58.682,-31.7538]],[[-58.6837,-31.7547],[-58.683,-31.7549]],[[-58.6438,-31.732],[-58.642,-31.7315]],[[-58.6303,-31.7236],[-58.629,-31.7234]],[[-58.624,-31.7203],[-58.6255,-31.7207]],[[-58.586,-31.6935],[-58.5841,-31.6925]],[[-59.788,-31.8606],[-59.7879,-31.8601]],[[-58.7523,-31.7871],[-58.7524,-31.7871]],[[-58.7385,-31.7832],[-58.7386,-31.7832]],[[-59.0259,-31.8081],[-59.0259,-31.8074]],[[-59.0274,-31.8074],[-59.0275,-31.8081]],[[-59.101,-31.8072],[-59.1016,-31.8071]],[[-60.0213,-31.8557],[-60.0246,-31.8572]],[[-60.2308,-31.8304],[-60.2317,-31.8304]]]}},{"type":"Feature","properties":{"ref":"RN 19"},"geometry":{"type":"MultiLineString","coordinates":[[[-64.1548,-31.4039],[-64.1417,-31.399],[-64.1302,-31.3978],[-64.128,-31.3977],[-64.1272,-31.3978],[-64.1236,-31.398],[-64.0954,-31.3942],[-64.0546,-31.3827],[-64.0544,-31.3826],[-64.0538,-31.3824],[-64.0546,-31.3822]],[[-64.0544,-31.3826],[-64.0391,-31.3784],[-63.9695,-31.3587],[-63.9444,-31.359],[-63.9403,-31.3592],[-63.94,-31.3592],[-63.9066,-31.3388],[-63.9058,-31.338],[-63.9057,-31.3379],[-63.9052,-31.3374],[-63.9026,-31.3349],[-63.9024,-31.3347],[-63.8928,-31.3323],[-63.8813,-31.3296],[-63.8779,-31.3288],[-63.8758,-31.3281],[-63.8749,-31.3278],[-63.8734,-31.3275],[-63.8491,-31.3191],[-63.8445,-31.3179],[-63.8442,-31.3179],[-63.7632,-31.2963],[-63.7557,-31.2944],[-63.7251,-31.2923],[-63.72,-31.291],[-63.7197,-31.2909],[-63.7145,-31.2897],[-63.7099,-31.2897],[-63.7506,-31.2987],[-63.753,-31.2992],[-63.7555,-31.2993],[-63.7582,-31.3],[-63.7594,-31.3003],[-63.7595,-31.3003],[-63.7606,-31.3006],[-63.7607,-31.3006],[-63.7617,-31.3008],[-63.763,-31.3012],[-63.8444,-31.3209],[-63.8719,-31.3274],[-63.8734,-31.3275]],[[-64.0563,-31.3832],[-64.0571,-31.383],[-64.0564,-31.3827],[-64.0954,-31.3939],[-64.1241,-31.3978],[-64.1272,-31.3977],[-64.128,-31.3976],[-64.1302,-31.3976],[-64.1416,-31.3989],[-64.1551,-31.4028],[-64.1553,-31.4029],[-64.1554,-31.4029]],[[-63.1393,-31.4442],[-63.2731,-31.434],[-63.2732,-31.434],[-63.332,-31.4329],[-63.363,-31.4321],[-63.43,-31.4137],[-63.4303,-31.4137],[-63.4354,-31.4119],[-63.4594,-31.405],[-63.4657,-31.4032],[-63.4659,-31.4032],[-63.4718,-31.4018],[-63.5009,-31.3952],[-63.5039,-31.3945],[-63.5043,-31.3944],[-63.5109,-31.3935],[-63.5237,-31.3925],[-63.5243,-31.3925],[-63.5301,-31.392],[-63.5304,-31.392],[-63.5343,-31.3916],[-63.5637,-31.3794],[-63.5672,-31.3781],[-63.5674,-31.3781],[-63.5722,-31.3764],[-63.5836,-31.3724],[-63.5842,-31.3722],[-63.599,-31.3667],[-63.5992,-31.3666],[-63.5997,-31.3664],[-63.6044,-31.3641],[-63.6229,-31.3573],[-63.6238,-31.3571],[-63.6457,-31.3485],[-63.6473,-31.3471],[-63.6559,-31.3163],[-63.6568,-31.3147],[-63.6631,-31.3106],[-63.7151,-31.2896],[-63.7198,-31.2907],[-63.7201,-31.2908],[-63.7247,-31.2919],[-63.7338,-31.2941],[-63.7555,-31.2942],[-63.7638,-31.2963],[-63.8397,-31.3166],[-63.8442,-31.3177],[-63.8445,-31.3178],[-63.8491,-31.3188],[-63.8668,-31.3255],[-63.8695,-31.3262],[-63.8722,-31.3269],[-63.8736,-31.3273],[-63.875,-31.3277],[-63.8759,-31.3279],[-63.8945,-31.3324],[-63.9033,-31.3349],[-63.9036,-31.3351],[-63.9061,-31.3376],[-63.9062,-31.3377],[-63.907,-31.3385],[-63.9071,-31.3385],[-63.94,-31.3589],[-63.9403,-31.3589],[-63.9455,-31.3587],[-63.968,-31.358],[-63.9695,-31.3584],[-64.0413,-31.3785],[-64.0493,-31.3809],[-64.0562,-31.3826],[-64.0553,-31.3818],[-64.054,-31.382],[-64.0538,-31.3824]],[[-62.4876,-31.4054],[-62.4861,-31.4054],[-62.4168,-31.4063],[-62.3604,-31.4227],[-62.3599,-31.4228],[-62.2796,-31.4362],[-62.1452,-31.4587],[-62.1358,-31.4609],[-62.1327,-31.4615],[-62.0476,-31.4596],[-62.0468,-31.4593],[-62.0393,-31.4548],[-62.0387,-31.4544],[-61.9959,-31.4372],[-61.9897,-31.4355],[-61.5947,-31.5211],[-61.5944,-31.5211],[-61.4341,-31.5494],[-61.3783,-31.5783],[-61.3772,-31.5784],[-61.2567,-31.5949],[-61.2565,-31.5949],[-61.2333,-31.5967],[-61.2284,-31.5947],[-61.2256,-31.5944],[-61.2227,-31.5949],[-61.201,-31.5994],[-61.1943,-31.6008],[-61.1786,-31.6041],[-61.1783,-31.6042],[-61.1657,-31.608],[-61.1654,-31.6082],[-61.1629,-31.6095],[-61.1625,-31.6097],[-61.1499,-31.6166],[-61.1392,-31.6196],[-61.1059,-31.618],[-61.1007,-31.6188],[-61.0922,-31.6198],[-61.074,-31.6222],[-61.0642,-31.624],[-60.9808,-31.6353],[-60.9772,-31.636],[-60.9762,-31.6361],[-60.9752,-31.6363],[-60.968,-31.6376],[-60.9593,-31.6392],[-60.9518,-31.6406],[-60.9462,-31.6416],[-60.9379,-31.643],[-60.8936,-31.6509],[-60.8854,-31.6522],[-60.8656,-31.6554],[-60.8653,-31.6554],[-60.8621,-31.6559],[-60.8346,-31.661],[-60.8333,-31.6615],[-60.8325,-31.6618],[-60.8314,-31.6621],[-60.8,-31.6673],[-60.7994,-31.6674],[-60.8,-31.6672],[-60.8314,-31.662],[-60.8323,-31.6617],[-60.8331,-31.6614],[-60.8346,-31.6609],[-60.8458,-31.6581],[-60.8488,-31.658],[-60.8623,-31.6558],[-61.0719,-31.6221],[-61.1623,-31.6095],[-61.1627,-31.6093],[-61.1652,-31.608],[-61.1655,-31.6078],[-61.1783,-31.6037],[-61.1786,-31.6036],[-61.1815,-31.603],[-61.2567,-31.5944],[-61.257,-31.5943],[-61.3234,-31.5831],[-61.3773,-31.5782],[-61.3784,-31.578],[-61.4339,-31.5489],[-61.5943,-31.5206],[-61.5947,-31.5205],[-61.9913,-31.4353],[-61.9965,-31.4363],[-62.0388,-31.4544],[-62.0394,-31.4547],[-62.0469,-31.4592],[-62.0477,-31.4595],[-62.1327,-31.4612],[-62.1359,-31.4607],[-62.1452,-31.4585],[-62.2795,-31.4359],[-62.3599,-31.4225],[-62.3604,-31.4224],[-62.4024,-31.4065],[-62.4886,-31.4052]],[[-63.0325,-31.4203],[-63.0277,-31.4191],[-63.0325,-31.4203],[-63.0394,-31.4219],[-63.043,-31.4228],[-63.0431,-31.4227],[-63.0433,-31.4225],[-63.0455,-31.4225],[-63.0459,-31.4226],[-63.0489,-31.4233],[-63.0575,-31.4257],[-63.065,-31.4277],[-63.1172,-31.4391],[-63.1178,-31.439],[-63.1208,-31.4385],[-63.1225,-31.4382],[-63.1231,-31.4381],[-63.1855,-31.4275],[-63.1942,-31.4232],[-63.1948,-31.4231],[-63.2006,-31.4223],[-63.2047,-31.4243],[-63.3241,-31.4041],[-63.3354,-31.4017],[-63.4123,-31.3885],[-63.4133,-31.3884],[-63.4134,-31.3884],[-63.4145,-31.3882],[-63.4158,-31.388],[-63.4169,-31.3878],[-63.418,-31.3876],[-63.4184,-31.3875],[-63.4193,-31.3874],[-63.4205,-31.3872],[-63.4206,-31.3871],[-63.4208,-31.3871],[-63.4243,-31.3865],[-63.5247,-31.3697],[-63.5265,-31.3689],[-63.5352,-31.3674],[-63.5957,-31.3454],[-63.603,-31.3417],[-63.6088,-31.3388],[-63.6102,-31.3382],[-63.6105,-31.338],[-63.6139,-31.3362],[-63.6144,-31.336],[-63.6148,-31.3359],[-63.6155,-31.3356],[-63.6168,-31.3343],[-63.6189,-31.3333],[-63.6196,-31.3329],[-63.6203,-31.3326],[-63.6221,-31.3317],[-63.6222,-31.3316],[-63.6253,-31.3301],[-63.6279,-31.3289],[-63.6319,-31.3274],[-63.6341,-31.3264],[-63.6404,-31.3233],[-63.6516,-31.3177],[-63.6549,-31.3161],[-63.6562,-31.3155],[-63.6642,-31.3115],[-63.6653,-31.3109]],[[-64.1098,-31.3966],[-64.1126,-31.3958]],[[-61.9954,-31.436],[-61.996,-31.4356],[-61.9967,-31.4346],[-61.9979,-31.434],[-62.0121,-31.4315],[-62.0533,-31.4241],[-62.0625,-31.4202],[-62.067,-31.4193],[-62.0674,-31.4193],[-62.0698,-31.4189],[-62.0729,-31.4183],[-62.0734,-31.4182],[-62.0744,-31.4181],[-62.0755,-31.4179],[-62.0768,-31.4176],[-62.0806,-31.417],[-62.0822,-31.4168],[-62.0854,-31.4162],[-62.0865,-31.4161],[-62.0889,-31.4157],[-62.09,-31.4155],[-62.0901,-31.4155],[-62.091,-31.4153],[-62.092,-31.4152],[-62.0922,-31.4151],[-62.0932,-31.4146],[-62.0934,-31.4152],[-62.0938,-31.4154],[-62.0941,-31.4151],[-62.0943,-31.4158],[-62.0944,-31.4163],[-62.0938,-31.4154]],[[-61.996,-31.4356],[-61.9963,-31.4363]],[[-62.0277,-31.4475],[-62.0281,-31.4471]],[[-62.0292,-31.4479],[-62.0287,-31.4482]],[[-62.0932,-31.4146],[-62.0933,-31.4145],[-62.0941,-31.4147],[-62.0941,-31.4149],[-62.0941,-31.4151]],[[-63.0277,-31.4191],[-63.0263,-31.4187],[-63.0235,-31.4181],[-63.0229,-31.418],[-63.022,-31.4177],[-63.0194,-31.417],[-62.9803,-31.4075],[-62.9731,-31.4067],[-62.9725,-31.4066],[-62.9697,-31.4059],[-62.9664,-31.4041],[-62.9661,-31.404],[-62.8364,-31.3833],[-62.8331,-31.3837],[-62.8327,-31.3843],[-62.8298,-31.3845],[-62.8285,-31.3845],[-62.8271,-31.3846],[-62.8226,-31.3841],[-62.8217,-31.3839],[-62.807,-31.3844],[-62.6458,-31.403],[-62.6325,-31.4046],[-62.6283,-31.4046],[-62.619,-31.4034],[-62.4977,-31.4053],[-62.4968,-31.4053]],[[-62.0944,-31.4163],[-62.0945,-31.4168],[-62.0947,-31.4176],[-62.0951,-31.4195],[-62.0953,-31.4202],[-62.0955,-31.4211],[-62.0956,-31.422],[-62.0959,-31.423],[-62.0966,-31.4264],[-62.0974,-31.4282],[-62.097,-31.4284],[-62.097,-31.4282],[-62.0968,-31.4276],[-62.0966,-31.4264]],[[-60.77,-31.6726],[-60.7689,-31.6728],[-60.77,-31.6726],[-60.7709,-31.6725],[-60.782,-31.6706],[-60.784,-31.6703],[-60.7846,-31.6702],[-60.7924,-31.6686],[-60.7953,-31.6676],[-60.7965,-31.6674],[-60.7964,-31.668],[-60.7994,-31.6674],[-60.7965,-31.6674]],[[-64.1552,-31.4029],[-64.1536,-31.4029],[-64.1524,-31.4025]],[[-64.1123,-31.3968],[-64.1118,-31.3977]],[[-62.097,-31.4284],[-62.0971,-31.4284],[-62.0973,-31.4286],[-62.0975,-31.4286],[-62.0975,-31.4282],[-62.0982,-31.4284],[-62.0975,-31.4286]],[[-61.8432,-31.4609],[-61.8435,-31.4618]],[[-62.1058,-31.4656],[-62.1059,-31.4661]],[[-61.8634,-31.4583],[-61.8632,-31.4574]],[[-61.6276,-31.5154],[-61.6275,-31.5149]],[[-62.0794,-31.4688],[-62.0794,-31.4692]],[[-61.6281,-31.5148],[-61.6282,-31.5153]],[[-62.105,-31.4663],[-62.1049,-31.4658]],[[-62.0779,-31.4694],[-62.0778,-31.4689]],[[-60.7964,-31.668],[-60.7957,-31.6681],[-60.7953,-31.6676]],[[-61.7179,-31.4864],[-61.7179,-31.4874]],[[-61.7167,-31.4876],[-61.7164,-31.4866]],[[-61.8645,-31.4571],[-61.8648,-31.4581]],[[-61.842,-31.4621],[-61.8418,-31.4611]],[[-64.1126,-31.3955],[-64.1184,-31.3975]],[[-64.1114,-31.3977],[-64.1082,-31.3967]],[[-61.568,-31.5254],[-61.5683,-31.5258]],[[-61.5675,-31.526],[-61.5674,-31.5255]],[[-61.6705,-31.5004],[-61.6708,-31.5009]],[[-61.6702,-31.5013],[-61.6698,-31.5009]],[[-61.7983,-31.4723],[-61.7986,-31.4728]],[[-61.7961,-31.4734],[-61.7959,-31.4729]],[[-63.138,-31.4456],[-63.059,-31.4584],[-63.0528,-31.4587],[-63.0525,-31.4588],[-63.0473,-31.459],[-62.9711,-31.4692],[-62.9708,-31.4692],[-62.9172,-31.4599],[-62.917,-31.4599],[-62.853,-31.4609],[-62.8528,-31.4608],[-62.8271,-31.4531],[-62.8269,-31.453],[-62.7786,-31.4436],[-62.7784,-31.4436],[-62.748,-31.4427],[-62.7476,-31.4427],[-62.7273,-31.4392],[-62.727,-31.4391],[-62.6881,-31.4419],[-62.684,-31.4426],[-62.6837,-31.4426],[-62.6805,-31.4432],[-62.6328,-31.4513],[-62.6326,-31.4514],[-62.5965,-31.4575],[-62.5963,-31.4575],[-62.5573,-31.4574],[-62.5229,-31.4358],[-62.5225,-31.4354],[-62.5023,-31.414],[-62.5021,-31.4137],[-62.5005,-31.4118],[-62.4874,-31.4055],[-62.4864,-31.4056],[-62.4862,-31.4056],[-62.4806,-31.4057],[-62.4804,-31.4057],[-62.4569,-31.406],[-62.4567,-31.406],[-62.4274,-31.4062],[-62.4272,-31.4062],[-62.4051,-31.4061],[-62.3139,-31.4072],[-62.3068,-31.4077],[-62.3063,-31.4077],[-62.2996,-31.4074],[-62.2983,-31.4074],[-62.2902,-31.4075],[-62.1273,-31.4237],[-62.126,-31.4239],[-62.1245,-31.4246],[-62.1243,-31.4246]],[[-62.0982,-31.4284],[-62.1003,-31.4281],[-62.1043,-31.4274],[-62.1105,-31.4264],[-62.1191,-31.425],[-62.1215,-31.4246],[-62.1239,-31.4249]],[[-63.5957,-31.3454],[-63.603,-31.3417]],[[-64.0854,-31.391],[-64.0862,-31.3909],[-64.0872,-31.3915]],[[-64.0829,-31.3903],[-64.081,-31.3902],[-64.0812,-31.3898],[-64.0821,-31.3897],[-64.0853,-31.391]],[[-64.0006,-31.3676],[-64.0008,-31.3671]],[[-64.0838,-31.391],[-64.0825,-31.391],[-64.0819,-31.3905]],[[-64.0378,-31.378],[-64.0377,-31.3775]],[[-64.0399,-31.3781],[-64.0411,-31.3785],[-64.0397,-31.3786]],[[-64.0873,-31.3915],[-64.0859,-31.3916]],[[-64.0022,-31.3675],[-64.002,-31.368]],[[-63.9716,-31.359],[-63.9723,-31.3589],[-63.9739,-31.3597]],[[-60.7957,-31.6681],[-60.7924,-31.6686]],[[-62.4874,-31.4055],[-62.4909,-31.4053],[-62.5009,-31.4117],[-62.5024,-31.4136],[-62.5026,-31.4138],[-62.5229,-31.4353],[-62.5233,-31.4357],[-62.5552,-31.4565],[-62.5962,-31.4572],[-62.5964,-31.4571],[-62.6326,-31.451],[-62.6328,-31.451],[-62.6792,-31.4431],[-62.6832,-31.4424],[-62.6835,-31.4423],[-62.6862,-31.4419],[-62.727,-31.4388],[-62.7273,-31.4388],[-62.7476,-31.4423],[-62.748,-31.4424],[-62.7783,-31.4433],[-62.7785,-31.4433],[-62.8268,-31.4526],[-62.8272,-31.4527],[-62.8528,-31.4604],[-62.853,-31.4605],[-62.917,-31.4595],[-62.9172,-31.4595],[-62.9708,-31.4688],[-62.9711,-31.4689],[-63.0486,-31.4586],[-63.0526,-31.4584],[-63.0528,-31.4584],[-63.0589,-31.4581],[-63.1376,-31.4455]],[[-63.7099,-31.2897],[-63.6681,-31.3095],[-63.6677,-31.3096],[-63.657,-31.3148],[-63.6563,-31.3161],[-63.6476,-31.3473],[-63.6461,-31.3487],[-63.6238,-31.3574],[-63.6228,-31.3577],[-63.6035,-31.365],[-63.5997,-31.3668],[-63.5994,-31.3669],[-63.5991,-31.3671],[-63.5842,-31.3726],[-63.5837,-31.3728],[-63.5724,-31.3767],[-63.5678,-31.3783],[-63.5676,-31.3783],[-63.564,-31.3796],[-63.5344,-31.392],[-63.5304,-31.3923],[-63.5301,-31.3924],[-63.5244,-31.3928],[-63.5237,-31.3929],[-63.511,-31.3938],[-63.5051,-31.3946],[-63.5047,-31.3947],[-63.5009,-31.3956],[-63.4722,-31.4021],[-63.4659,-31.4035],[-63.4657,-31.4036],[-63.4595,-31.4054],[-63.4361,-31.4121],[-63.4303,-31.414],[-63.43,-31.4141],[-63.3631,-31.4325],[-63.332,-31.4333],[-63.2732,-31.4343],[-63.2731,-31.4343],[-63.1397,-31.4444]],[[-62.0934,-31.4152],[-62.0922,-31.4151]],[[-60.782,-31.6706],[-60.784,-31.6703]],[[-62.1215,-31.4246],[-62.1236,-31.4248],[-62.1238,-31.4247]],[[-63.6148,-31.3359],[-63.6142,-31.3362],[-63.6138,-31.3364],[-63.6122,-31.3372],[-63.6105,-31.338]],[[-62.126,-31.4239],[-62.1244,-31.4249]],[[-64.0571,-31.383],[-64.0569,-31.3833]],[[-64.0815,-31.3904],[-64.081,-31.3902]],[[-62.0974,-31.4282],[-62.0975,-31.4282]],[[-63.0194,-31.417],[-63.0215,-31.4175],[-63.0238,-31.4181],[-63.0263,-31.4187]],[[-64.0562,-31.3826],[-64.0564,-31.3827]]]}},{"type":"Feature","properties":{"ref":"RN 20"},"geometry":{"type":"MultiLineString","coordinates":[[[-65.2072,-31.945],[-65.2068,-31.9451],[-65.2072,-31.945],[-65.2234,-31.9603],[-65.2371,-31.9755],[-65.2381,-31.9764],[-65.2378,-31.9765],[-65.2371,-31.9755]],[[-67.0108,-32.3894],[-67.0095,-32.3889],[-67.0107,-32.3894],[-67.0118,-32.3877],[-67.0401,-32.3716],[-67.1724,-32.3663],[-67.2665,-32.3393],[-67.4972,-32.2114],[-67.6635,-32.2056],[-67.7104,-32.2304],[-67.7842,-32.2206],[-67.7959,-32.2171],[-67.7961,-32.217],[-67.8022,-32.2126],[-67.804,-32.2112],[-68.0229,-32.0293],[-68.0812,-31.9582],[-68.1028,-31.9533],[-68.2232,-31.8364],[-68.2245,-31.8334],[-68.1942,-31.6949],[-68.1944,-31.6945],[-68.1948,-31.6937],[-68.1937,-31.6945]],[[-64.4679,-31.401],[-64.449,-31.4202],[-64.449,-31.4207],[-64.4237,-31.4553],[-64.421,-31.456],[-64.3762,-31.4436],[-64.3367,-31.4385],[-64.3195,-31.4372],[-64.3177,-31.4371],[-64.3161,-31.437],[-64.3155,-31.437],[-64.3142,-31.437],[-64.3123,-31.4369],[-64.3108,-31.4368],[-64.3097,-31.4366],[-64.3088,-31.4365],[-64.2902,-31.4354]],[[-64.4221,-31.4543],[-64.4196,-31.4562],[-64.4233,-31.4551],[-64.4247,-31.4547],[-64.4489,-31.4187],[-64.4493,-31.4175],[-64.4655,-31.4008],[-64.467,-31.4003]],[[-64.4258,-31.4546],[-64.4251,-31.455],[-64.4242,-31.4563]],[[-64.2796,-31.4344],[-64.2794,-31.4342],[-64.2797,-31.434],[-64.2809,-31.4333],[-64.2824,-31.4322],[-64.2829,-31.4318],[-64.2891,-31.4351],[-64.2894,-31.4351],[-64.3062,-31.4362],[-64.3077,-31.4363],[-64.3083,-31.4363],[-64.3094,-31.4364],[-64.3099,-31.4364],[-64.311,-31.4363],[-64.3124,-31.4364],[-64.3129,-31.4364],[-64.3142,-31.4366],[-64.3156,-31.4367],[-64.3161,-31.4367],[-64.4196,-31.4562]],[[-64.2826,-31.4317],[-64.283,-31.4318],[-64.2824,-31.4323],[-64.279,-31.4347],[-64.2789,-31.4347],[-64.2788,-31.4344],[-64.2794,-31.4342]],[[-64.1945,-31.4269],[-64.1949,-31.427],[-64.1998,-31.4289],[-64.2016,-31.4287],[-64.2039,-31.4286],[-64.2044,-31.4285],[-64.2062,-31.428],[-64.208,-31.4277],[-64.2094,-31.4285],[-64.2099,-31.4288],[-64.2106,-31.4291],[-64.2108,-31.429],[-64.2113,-31.4292],[-64.2133,-31.4303],[-64.2134,-31.4303],[-64.214,-31.4304],[-64.2141,-31.4304],[-64.2156,-31.4305],[-64.2164,-31.4305],[-64.2195,-31.4307],[-64.2227,-31.431],[-64.2235,-31.431],[-64.225,-31.4311],[-64.2288,-31.4314],[-64.2291,-31.4314],[-64.2305,-31.4315],[-64.2317,-31.4316],[-64.2319,-31.4316],[-64.2347,-31.4318],[-64.2359,-31.4319],[-64.237,-31.4319],[-64.2381,-31.432],[-64.2415,-31.4322],[-64.2418,-31.4323],[-64.2426,-31.4323],[-64.2434,-31.4323],[-64.2457,-31.4325],[-64.2463,-31.4325],[-64.2469,-31.4326],[-64.2478,-31.4326],[-64.2481,-31.4326],[-64.2484,-31.4327],[-64.2528,-31.433],[-64.2529,-31.433],[-64.2534,-31.433],[-64.2561,-31.4331],[-64.2583,-31.4333],[-64.2602,-31.4334],[-64.261,-31.4335],[-64.2626,-31.4336],[-64.2639,-31.4337],[-64.274,-31.4343],[-64.2745,-31.4343],[-64.2778,-31.4345],[-64.2782,-31.4345],[-64.2788,-31.4344]],[[-65.1764,-31.9526],[-65.1729,-31.9533],[-65.1721,-31.9535],[-65.1665,-31.9546],[-65.1657,-31.9548],[-65.1656,-31.9547],[-65.1665,-31.9545],[-65.172,-31.9534],[-65.1764,-31.9525],[-65.1838,-31.9497],[-65.1905,-31.9483],[-65.1918,-31.948],[-65.2033,-31.9458],[-65.1947,-31.9475],[-65.1919,-31.9481],[-65.1838,-31.9497],[-65.1764,-31.9526]],[[-64.2789,-31.4347],[-64.275,-31.4345],[-64.2746,-31.4344],[-64.2639,-31.4338],[-64.2628,-31.4337],[-64.2609,-31.4336],[-64.2605,-31.4335],[-64.2601,-31.4335],[-64.2561,-31.4333],[-64.2537,-31.4331],[-64.2532,-31.4332],[-64.2525,-31.4332],[-64.252,-31.433],[-64.2484,-31.4328],[-64.248,-31.4328],[-64.247,-31.4327],[-64.2469,-31.4327],[-64.2459,-31.4326],[-64.2457,-31.4326],[-64.2428,-31.4324],[-64.2418,-31.4324],[-64.2406,-31.4323],[-64.2382,-31.4321],[-64.2371,-31.432],[-64.2359,-31.432],[-64.2347,-31.4319],[-64.2324,-31.4317],[-64.2319,-31.4317],[-64.2314,-31.4317],[-64.2306,-31.4316],[-64.2291,-31.4315],[-64.2288,-31.4315],[-64.2287,-31.4315],[-64.225,-31.4312],[-64.2234,-31.4311],[-64.2198,-31.4309],[-64.2196,-31.4308],[-64.2165,-31.4306],[-64.2148,-31.4305],[-64.2141,-31.4305],[-64.214,-31.4305],[-64.2134,-31.4304],[-64.2133,-31.4304],[-64.2132,-31.4304],[-64.2113,-31.4295],[-64.2105,-31.4296],[-64.2104,-31.4294],[-64.2099,-31.4288]],[[-65.1626,-31.9537],[-65.1655,-31.9547],[-65.1655,-31.9548],[-65.1626,-31.9541]],[[-64.1852,-31.4281],[-64.1854,-31.4283],[-64.1855,-31.4285],[-64.1855,-31.4287],[-64.1853,-31.429],[-64.1848,-31.4291],[-64.1844,-31.4289],[-64.1843,-31.4285],[-64.1845,-31.4282],[-64.1852,-31.4281]],[[-68.5069,-31.548],[-68.5054,-31.5481],[-68.5053,-31.5481],[-68.5048,-31.5484],[-68.5039,-31.5488],[-68.503,-31.5493],[-68.4995,-31.5509],[-68.4977,-31.5513],[-68.4823,-31.5537],[-68.4732,-31.5562],[-68.4731,-31.5563],[-68.4721,-31.5564],[-68.469,-31.5573],[-68.4713,-31.556],[-68.4724,-31.5554],[-68.4747,-31.5547],[-68.4823,-31.5537]],[[-68.469,-31.5573],[-68.4621,-31.5606],[-68.4546,-31.5629],[-68.4521,-31.564],[-68.4423,-31.5701],[-68.4262,-31.582],[-68.4224,-31.585],[-68.4262,-31.582]],[[-65.2387,-31.9773],[-65.2381,-31.9769],[-65.2383,-31.9768],[-65.2387,-31.9773],[-65.2595,-31.9963],[-65.2692,-32.0052],[-65.2824,-32.0169],[-65.3324,-32.0366],[-65.6981,-32.2037],[-65.7173,-32.2118],[-65.7277,-32.2163],[-65.7804,-32.2398],[-65.7895,-32.2428],[-65.791,-32.243],[-65.8019,-32.2453],[-65.8044,-32.2473],[-65.8058,-32.249],[-65.8061,-32.2486],[-65.8069,-32.2493],[-65.8074,-32.2497],[-65.808,-32.2509],[-65.8097,-32.2526],[-65.9008,-32.3339],[-65.9009,-32.3339],[-65.9288,-32.3533],[-65.9289,-32.3533],[-65.9327,-32.356],[-65.9328,-32.356],[-65.9337,-32.3567],[-65.9342,-32.357],[-65.9524,-32.37],[-65.9538,-32.3715],[-65.9524,-32.37]],[[-65.808,-32.2509],[-65.8069,-32.2499],[-65.8074,-32.2497]],[[-68.2875,-31.6435],[-68.2868,-31.6443],[-68.2867,-31.6443],[-68.2866,-31.6444],[-68.2859,-31.6446],[-68.2866,-31.6445],[-68.2867,-31.6446],[-68.2868,-31.6445],[-68.2868,-31.6444],[-68.2875,-31.6435],[-68.2977,-31.6309],[-68.308,-31.6222],[-68.3093,-31.6212],[-68.3096,-31.6209],[-68.3099,-31.6207],[-68.3226,-31.6139],[-68.3475,-31.6153],[-68.3497,-31.6159],[-68.3977,-31.5984],[-68.3978,-31.5984],[-68.4004,-31.5974],[-68.4097,-31.5932],[-68.4224,-31.585]],[[-68.1948,-31.6937],[-68.1958,-31.6918],[-68.2051,-31.6728],[-68.2061,-31.6707],[-68.209,-31.6649],[-68.2095,-31.6638],[-68.2099,-31.663],[-68.21,-31.6627],[-68.2104,-31.6619],[-68.211,-31.6608],[-68.2198,-31.6562],[-68.2328,-31.6538],[-68.268,-31.6477],[-68.2732,-31.6468],[-68.2756,-31.6463],[-68.2798,-31.6456],[-68.2822,-31.6452],[-68.2859,-31.6446]],[[-65.9538,-32.3716],[-65.9548,-32.3709],[-65.9567,-32.3708],[-66.0232,-32.3763],[-66.0248,-32.3762],[-66.1974,-32.3444],[-66.4359,-32.336],[-66.6477,-32.3652],[-66.9381,-32.3663],[-66.9385,-32.3665],[-67.0095,-32.3889]],[[-67.7842,-32.2206],[-67.7865,-32.2203],[-67.7958,-32.217],[-67.7964,-32.2166],[-67.7981,-32.2154],[-67.804,-32.2112]],[[-64.2104,-31.4294],[-64.2106,-31.4291]],[[-68.5054,-31.5481],[-68.5069,-31.5479]],[[-67.0118,-32.3877],[-67.0107,-32.3895],[-67.0107,-32.3894]],[[-65.9538,-32.3715],[-65.9552,-32.3707],[-65.9567,-32.3708]],[[-65.8044,-32.2473],[-65.8059,-32.2486]],[[-65.8069,-32.2499],[-65.8058,-32.249]],[[-68.2868,-31.6443],[-68.2868,-31.6444]],[[-68.2866,-31.6445],[-68.2866,-31.6444]],[[-64.2113,-31.4292],[-64.2113,-31.4295]],[[-65.2381,-31.9769],[-65.2378,-31.9769],[-65.2377,-31.9766],[-65.2378,-31.9765]],[[-65.2381,-31.9764],[-65.2382,-31.9765],[-65.2383,-31.9767],[-65.2383,-31.9768]],[[-65.2068,-31.9451],[-65.2033,-31.9458],[-65.2068,-31.9451]],[[-65.1655,-31.9547],[-65.1656,-31.9547]],[[-65.1657,-31.9548],[-65.1656,-31.9548],[-65.1655,-31.9548]]]}},{"type":"Feature","properties":{"ref":"RN 22"},"geometry":{"type":"MultiLineString","coordinates":[[[-62.7026,-38.8227],[-62.7019,-38.8226],[-62.702,-38.8223],[-62.7026,-38.8227],[-62.7044,-38.823],[-62.7073,-38.8234],[-62.8227,-38.8389],[-62.8236,-38.8388],[-63.1022,-38.8697],[-63.1072,-38.8704],[-63.1086,-38.8707],[-63.1096,-38.8708],[-63.11,-38.8709],[-63.1104,-38.8709],[-63.1123,-38.8712],[-63.1175,-38.872],[-63.6336,-38.9356],[-63.6405,-38.936],[-63.7928,-38.9444],[-63.9195,-38.9705],[-64.0708,-38.97],[-64.0722,-38.97],[-64.0754,-38.97],[-64.0762,-38.97],[-64.0789,-38.97],[-64.0879,-38.97],[-64.0911,-38.9699],[-64.1027,-38.972],[-64.1045,-38.9741],[-64.1061,-38.9764],[-64.1068,-38.9774],[-64.1096,-38.9816],[-64.1101,-38.9824],[-64.1117,-38.9848],[-64.1159,-38.9877],[-64.1187,-38.989],[-64.1258,-38.9923],[-64.1269,-38.9928],[-64.1273,-38.9929],[-64.1277,-38.9931],[-64.131,-38.9946],[-64.155,-38.9997],[-64.1552,-38.9998],[-64.4163,-39.0509],[-64.4175,-39.0511],[-64.4193,-39.0515],[-64.4207,-39.0518],[-64.4211,-39.0518],[-64.4224,-39.0521],[-64.4238,-39.0524],[-64.4258,-39.0528],[-64.4279,-39.0532],[-64.4301,-39.0536],[-65.618,-39.2782],[-65.6342,-39.2833],[-65.6511,-39.2871],[-65.6519,-39.2874],[-65.6559,-39.2889]],[[-70.0731,-38.9037],[-70.0715,-38.9029],[-70.0672,-38.9011],[-70.0671,-38.9012],[-70.0662,-38.9009],[-70.0661,-38.9006],[-70.057,-38.8961],[-70.0559,-38.8955],[-70.0571,-38.8961],[-70.0665,-38.9001],[-70.0675,-38.9003],[-70.0676,-38.9005],[-70.0716,-38.9028],[-70.0733,-38.9033],[-70.0732,-38.9039],[-70.0733,-38.9033]],[[-67.6138,-39.0389],[-67.6139,-39.0394],[-67.6123,-39.0394],[-67.6138,-39.0389],[-67.6139,-39.0388],[-67.6151,-39.0386],[-67.6152,-39.0387],[-67.6169,-39.0387],[-67.6154,-39.0392],[-67.6153,-39.0393],[-67.614,-39.0395],[-67.6139,-39.0394]],[[-68.0102,-38.9429],[-68.0092,-38.9436],[-68.0059,-38.9453],[-68.0027,-38.947],[-68.0038,-38.9463],[-68.0049,-38.9457],[-68.0059,-38.9453]],[[-68.0129,-38.934],[-68.0129,-38.9323],[-68.013,-38.9305],[-68.0129,-38.9319],[-68.0128,-38.9323],[-68.0128,-38.9327],[-68.0129,-38.934],[-68.0129,-38.9352],[-68.0129,-38.936],[-68.0128,-38.9391],[-68.0124,-38.9404],[-68.0114,-38.9417],[-68.0111,-38.9421],[-68.011,-38.9427]],[[-70.0328,-38.8894],[-70.0337,-38.8893],[-70.0346,-38.8895],[-70.0353,-38.8898],[-70.0344,-38.8898],[-70.0337,-38.8897],[-70.0328,-38.8894],[-70.0295,-38.8889],[-70.0272,-38.8885],[-70.0243,-38.8881],[-69.9999,-38.8842],[-69.934,-38.878],[-69.8051,-38.8993],[-69.8028,-38.8993],[-69.8006,-38.8994],[-69.7928,-38.9029],[-69.7885,-38.9049],[-69.7849,-38.9065],[-69.7842,-38.9068],[-69.7839,-38.9069],[-69.7748,-38.91],[-69.6109,-38.9553],[-69.4454,-38.9575],[-69.2814,-38.9367],[-69.2737,-38.9357],[-69.2725,-38.9356],[-69.2714,-38.9354],[-69.2659,-38.9347],[-69.2519,-38.9327],[-69.2478,-38.9321],[-69.2463,-38.9319],[-69.2381,-38.9308],[-69.2304,-38.93],[-69.2304,-38.9299],[-69.2303,-38.9299],[-69.2285,-38.9297],[-69.2273,-38.9296],[-69.2269,-38.9296],[-69.2263,-38.9295],[-69.2221,-38.9295],[-69.2191,-38.9296],[-69.2152,-38.9298],[-69.2148,-38.93],[-69.2148,-38.9297],[-69.2152,-38.9298]],[[-68.0027,-38.947],[-67.9998,-38.9485],[-67.9949,-38.9509],[-67.9931,-38.9519],[-67.9911,-38.9528],[-67.993,-38.9518],[-67.9949,-38.9509]],[[-62.702,-38.8223],[-62.7017,-38.8221],[-62.7012,-38.8218],[-62.6977,-38.8194],[-62.6954,-38.818],[-62.6945,-38.8188],[-62.6953,-38.818],[-62.6954,-38.8179],[-62.6949,-38.8176],[-62.6932,-38.8165],[-62.6914,-38.8153],[-62.6911,-38.8151],[-62.6908,-38.8149],[-62.6671,-38.7951],[-62.6659,-38.7942],[-62.6637,-38.7927],[-62.6593,-38.7894],[-62.6512,-38.786],[-62.6178,-38.7731],[-62.6135,-38.7718],[-62.6102,-38.7709],[-62.6091,-38.7705],[-62.6064,-38.7697],[-62.6036,-38.7689],[-62.6024,-38.7685],[-62.6004,-38.7679],[-62.5983,-38.7673],[-62.5972,-38.7669],[-62.5758,-38.758],[-62.5731,-38.7564],[-62.5717,-38.7555],[-62.5699,-38.7543],[-62.5691,-38.7538],[-62.5682,-38.7545],[-62.5683,-38.7547],[-62.5693,-38.7551],[-62.5696,-38.755],[-62.5699,-38.7543]],[[-62.6932,-38.8165],[-62.6953,-38.818],[-62.6954,-38.818],[-62.6955,-38.818],[-62.6964,-38.8186],[-62.6977,-38.8194]],[[-68.5979,-39.0745],[-68.594,-39.0758],[-68.5986,-39.0745],[-68.5941,-39.076],[-68.5929,-39.0764],[-68.5895,-39.077],[-68.589,-39.077],[-68.5728,-39.0713],[-68.5721,-39.071],[-68.5557,-39.0637],[-68.5008,-39.039],[-68.4921,-39.035],[-68.4899,-39.034],[-68.4634,-39.0221],[-68.4631,-39.022],[-68.4517,-39.0176],[-68.4407,-39.0144],[-68.4321,-39.0119],[-68.4202,-39.0068],[-68.4175,-39.0052],[-68.4077,-38.9998],[-68.4035,-38.998],[-68.3895,-38.992],[-68.388,-38.9914],[-68.3866,-38.9908],[-68.3854,-38.9902],[-68.3841,-38.9897],[-68.3576,-38.9796],[-68.3565,-38.9792],[-68.3559,-38.979],[-68.3376,-38.9716],[-68.3362,-38.9709],[-68.3348,-38.9703],[-68.3337,-38.9698],[-68.3294,-38.9682]],[[-68.333,-38.9693],[-68.3338,-38.9697],[-68.3349,-38.9702],[-68.3363,-38.9708],[-68.3376,-38.9715],[-68.355,-38.9785],[-68.356,-38.9789],[-68.3574,-38.9794],[-68.3841,-38.9896],[-68.3854,-38.9901],[-68.3867,-38.9907],[-68.3881,-38.9913],[-68.3896,-38.9919],[-68.4035,-38.9979],[-68.404,-38.9981],[-68.4078,-38.9997],[-68.4164,-39.0043],[-68.4176,-39.0051],[-68.4191,-39.006],[-68.4263,-39.0094],[-68.4266,-39.0095],[-68.4321,-39.0117],[-68.4408,-39.0142],[-68.4517,-39.0173],[-68.4636,-39.0219],[-68.4639,-39.022],[-68.4901,-39.0338],[-68.4923,-39.0348],[-68.501,-39.0387],[-68.524,-39.0491],[-68.5559,-39.0634],[-68.5722,-39.0707],[-68.5725,-39.0708],[-68.5785,-39.0735],[-68.5846,-39.0761],[-68.5895,-39.0767],[-68.594,-39.0758]],[[-62.7019,-38.8226],[-62.7019,-38.8227],[-62.7014,-38.8224],[-62.7012,-38.8218]],[[-67.1486,-39.0839],[-67.1339,-39.0866],[-67.1202,-39.089],[-67.0996,-39.0869],[-67.1133,-39.0893],[-67.1167,-39.0895],[-67.119,-39.0891],[-67.1202,-39.0889],[-67.1338,-39.0863],[-67.1488,-39.0838],[-67.1566,-39.0826],[-67.1601,-39.082],[-67.1606,-39.0819],[-67.1637,-39.081],[-67.1756,-39.0789],[-67.1839,-39.081],[-67.1878,-39.0845],[-67.1888,-39.085],[-67.1946,-39.085],[-67.1983,-39.0837],[-67.201,-39.0833],[-67.2391,-39.0787],[-67.2441,-39.078],[-67.2446,-39.078],[-67.2508,-39.0772],[-67.2678,-39.0751],[-67.2709,-39.0747],[-67.2715,-39.0746],[-67.2748,-39.0742],[-67.3022,-39.0708],[-67.3061,-39.0703],[-67.3065,-39.0702],[-67.3099,-39.0698],[-67.3496,-39.0648],[-67.3528,-39.0644],[-67.3533,-39.0643],[-67.3562,-39.064],[-67.385,-39.0604],[-67.3562,-39.0641],[-67.3533,-39.0644],[-67.3529,-39.0645],[-67.3496,-39.0649],[-67.3099,-39.0699],[-67.3065,-39.0703],[-67.3061,-39.0703],[-67.3022,-39.0708],[-67.2748,-39.0741],[-67.2715,-39.0745],[-67.2709,-39.0746],[-67.2677,-39.075],[-67.2507,-39.0771],[-67.2446,-39.0779],[-67.2441,-39.0779],[-67.2391,-39.0786],[-67.201,-39.0833],[-67.1946,-39.0851],[-67.1887,-39.0851],[-67.1877,-39.0845],[-67.1837,-39.081],[-67.1763,-39.0789],[-67.1638,-39.0811],[-67.1606,-39.082],[-67.1602,-39.0821],[-67.1566,-39.0827],[-67.1486,-39.0839]],[[-68.1212,-38.911],[-68.1218,-38.9112],[-68.1229,-38.9109],[-68.1246,-38.9106],[-68.1291,-38.9109],[-68.1341,-38.9112],[-68.1353,-38.9113],[-68.1374,-38.9113],[-68.1384,-38.9114],[-68.1384,-38.9118],[-68.1373,-38.9118],[-68.1374,-38.9113]],[[-67.0865,-39.0958],[-67.0865,-39.0959],[-67.0848,-39.098],[-67.0811,-39.0985],[-67.0756,-39.0979],[-67.0707,-39.098],[-67.0635,-39.0996],[-67.053,-39.1002],[-67.0517,-39.1003],[-67.0505,-39.1003],[-67.0481,-39.1005],[-67.0447,-39.1007],[-67.0419,-39.1009],[-67.04,-39.101],[-67.0388,-39.1011],[-67.0169,-39.1043],[-66.9972,-39.1096],[-66.9965,-39.1098],[-66.996,-39.1099],[-66.9953,-39.11],[-66.9947,-39.1101],[-66.9937,-39.1103],[-66.9927,-39.1104],[-66.9919,-39.1105],[-66.982,-39.1116],[-66.9733,-39.1128],[-66.9716,-39.113],[-66.9509,-39.1168],[-66.949,-39.1175],[-66.9475,-39.118],[-66.945,-39.119],[-66.9318,-39.1201],[-66.9313,-39.1195],[-66.9309,-39.1188],[-66.9303,-39.1176],[-66.9301,-39.117],[-66.9297,-39.1161],[-66.9294,-39.1152],[-66.9283,-39.1129],[-66.8865,-39.0984],[-66.9282,-39.1129],[-66.9292,-39.1153],[-66.9296,-39.1162],[-66.9298,-39.1168],[-66.93,-39.1171],[-66.9303,-39.1178],[-66.9307,-39.1187],[-66.9309,-39.1191],[-66.9318,-39.1202],[-66.9467,-39.1184],[-66.949,-39.1176],[-66.9503,-39.1171],[-66.9514,-39.1167],[-66.9717,-39.1131],[-66.9931,-39.1104],[-66.9942,-39.1103],[-66.9947,-39.1102],[-66.9954,-39.1101],[-66.9959,-39.11],[-66.9964,-39.1099],[-66.9972,-39.1097],[-67.017,-39.1046],[-67.0383,-39.1014],[-67.0401,-39.1013],[-67.042,-39.1012],[-67.0447,-39.101],[-67.0481,-39.1008],[-67.0501,-39.1007],[-67.0517,-39.1006],[-67.0531,-39.1005],[-67.0635,-39.0998],[-67.0705,-39.0981],[-67.0755,-39.098],[-67.0812,-39.0986],[-67.0848,-39.0981],[-67.0869,-39.0959],[-67.0865,-39.0958],[-67.0867,-39.0955],[-67.0871,-39.0956],[-67.0869,-39.0959]],[[-66.5114,-39.0873],[-66.5142,-39.0872],[-66.517,-39.0869],[-66.5143,-39.0871],[-66.5142,-39.0871],[-66.5114,-39.0873],[-66.51,-39.0874],[-66.508,-39.0874],[-66.3058,-39.0961],[-66.2469,-39.1117],[-66.1657,-39.1628],[-66.1609,-39.1625],[-66.1607,-39.1625],[-66.1584,-39.1623],[-66.1564,-39.1621],[-66.1362,-39.1618],[-66.1325,-39.1618],[-66.1254,-39.1619],[-66.0072,-39.1893],[-65.9672,-39.1847],[-65.9623,-39.1841],[-65.9612,-39.184],[-65.9502,-39.1826],[-65.9483,-39.1824],[-65.9464,-39.1822],[-65.7508,-39.1974],[-65.7476,-39.1993],[-65.7449,-39.201],[-65.7351,-39.207],[-65.7326,-39.2084],[-65.7312,-39.2089],[-65.7207,-39.2129],[-65.7198,-39.2144],[-65.7197,-39.2155],[-65.7197,-39.2166],[-65.7196,-39.2179],[-65.7196,-39.2187],[-65.7195,-39.2196],[-65.7191,-39.2208],[-65.6771,-39.249],[-65.6722,-39.2764],[-65.6679,-39.2821]],[[-65.667,-39.2828],[-65.6571,-39.2888]],[[-65.6568,-39.2882],[-65.6666,-39.2823]],[[-68.1204,-38.9112],[-68.1201,-38.9117],[-68.1129,-38.914],[-68.0973,-38.9178],[-68.0948,-38.918],[-68.0825,-38.9168],[-68.0823,-38.9168],[-68.0782,-38.9163],[-68.0777,-38.9161],[-68.0772,-38.9159],[-68.0746,-38.9143],[-68.0741,-38.9141],[-68.0678,-38.9109],[-68.0589,-38.914],[-68.0513,-38.9162],[-68.0481,-38.9162],[-68.0432,-38.9162],[-68.0404,-38.9162],[-68.0311,-38.9162],[-68.0252,-38.9162],[-68.0211,-38.9164],[-68.0206,-38.9164],[-68.02,-38.9164],[-68.0186,-38.9166]],[[-68.3459,-38.9421],[-68.3449,-38.9426],[-68.3447,-38.9417],[-68.3436,-38.9411],[-68.3428,-38.9408],[-68.342,-38.9406],[-68.309,-38.9288],[-68.2848,-38.9227],[-68.175,-38.9142],[-68.1734,-38.9138],[-68.1715,-38.9136],[-68.1679,-38.9136],[-68.1666,-38.9135],[-68.1666,-38.9129],[-68.168,-38.913],[-68.1711,-38.9133],[-68.1734,-38.9136],[-68.1751,-38.914],[-68.2188,-38.916],[-68.2848,-38.9224],[-68.3101,-38.9291],[-68.3421,-38.9404],[-68.3429,-38.9406],[-68.3435,-38.9408],[-68.3451,-38.9411],[-68.3447,-38.9417],[-68.3451,-38.9411]],[[-68.3379,-38.9575],[-68.339,-38.9565],[-68.3385,-38.9563],[-68.3379,-38.9575],[-68.3376,-38.9579],[-68.3316,-38.9653],[-68.3305,-38.9667],[-68.3302,-38.967],[-68.33,-38.9674],[-68.3299,-38.9674],[-68.3298,-38.9675],[-68.3294,-38.968],[-68.3292,-38.9683]],[[-68.1373,-38.9118],[-68.1353,-38.9115],[-68.1341,-38.9114],[-68.129,-38.9111],[-68.1262,-38.911],[-68.1232,-38.9116],[-68.1223,-38.9119],[-68.1218,-38.9123]],[[-68.339,-38.9565],[-68.3394,-38.956],[-68.339,-38.9558],[-68.3401,-38.9547],[-68.3394,-38.956]],[[-68.3449,-38.9426],[-68.3446,-38.9433],[-68.3404,-38.9541],[-68.3401,-38.9547]],[[-69.2072,-38.93],[-69.2073,-38.9304],[-69.1947,-38.9308],[-69.2006,-38.9305],[-69.2072,-38.93],[-69.2083,-38.9299],[-69.2095,-38.9301],[-69.2083,-38.9304],[-69.2081,-38.9304],[-69.2073,-38.9305],[-69.2073,-38.9304]],[[-67.5814,-39.0433],[-67.5796,-39.0436],[-67.5795,-39.0436],[-67.5794,-39.0436],[-67.5784,-39.0437],[-67.5781,-39.0438],[-67.5763,-39.0439],[-67.5781,-39.0441],[-67.5785,-39.0441],[-67.5796,-39.0439],[-67.5799,-39.0438],[-67.5814,-39.0433],[-67.586,-39.0427],[-67.5889,-39.0423],[-67.5904,-39.0421],[-67.5908,-39.042],[-67.5928,-39.0418],[-67.5908,-39.0421],[-67.5889,-39.0423]],[[-68.1666,-38.9135],[-68.1646,-38.9132],[-68.1611,-38.913],[-68.1415,-38.9119],[-68.1404,-38.9118],[-68.1384,-38.9118]],[[-68.1384,-38.9114],[-68.1404,-38.9116],[-68.1415,-38.9117],[-68.1612,-38.9128],[-68.1647,-38.913],[-68.165,-38.913],[-68.1654,-38.913],[-68.1659,-38.913],[-68.1666,-38.9129]],[[-67.8748,-38.9965],[-67.8772,-38.9962],[-67.8821,-38.9956],[-67.8826,-38.9956],[-67.9057,-38.9926],[-67.9167,-38.9887],[-67.8825,-38.9955],[-67.8821,-38.9955],[-67.8748,-38.9965],[-67.8702,-38.9971],[-67.8475,-39.0036],[-67.8252,-39.0123],[-67.755,-39.0212],[-67.7547,-39.0213],[-67.6844,-39.0302],[-67.6727,-39.0317],[-67.661,-39.0332],[-67.6376,-39.0362],[-67.6169,-39.0387]],[[-67.385,-39.0604],[-67.3857,-39.0604],[-67.3986,-39.0588],[-67.4006,-39.0585],[-67.4226,-39.0557],[-67.427,-39.0567],[-67.4339,-39.0612],[-67.4418,-39.0627],[-67.5186,-39.0531],[-67.5189,-39.053],[-67.5555,-39.0466],[-67.5605,-39.0459],[-67.5653,-39.0452],[-67.5672,-39.045],[-67.5692,-39.0448],[-67.5672,-39.0451],[-67.5653,-39.0452]],[[-68.0106,-38.9425],[-68.0111,-38.9421]],[[-68.0106,-38.9432],[-68.0092,-38.9436]],[[-66.517,-39.0869],[-66.5259,-39.0869],[-66.528,-39.087],[-66.5312,-39.0873],[-66.5924,-39.0719],[-66.6917,-39.0625],[-66.7489,-39.0655],[-66.8865,-39.0984]],[[-64.4238,-39.0524],[-64.4225,-39.0521],[-64.4224,-39.0521],[-64.4214,-39.0519],[-64.4211,-39.0518]],[[-69.1947,-38.9308],[-69.1813,-38.9314],[-69.1751,-38.9317],[-69.1742,-38.9318],[-69.1738,-38.9318],[-69.173,-38.9318],[-69.1711,-38.9319],[-69.1657,-38.9328],[-69.1634,-38.9335],[-69.1537,-38.9366],[-69.1528,-38.9371],[-69.1463,-38.9406],[-69.0003,-38.9785],[-68.9692,-38.9893],[-68.8983,-38.9876],[-68.5986,-39.0745]],[[-70.0559,-38.8955],[-70.0555,-38.8953],[-70.0547,-38.8949],[-70.0536,-38.8944],[-70.0513,-38.8933],[-70.0506,-38.893],[-70.0489,-38.8923],[-70.0472,-38.8918],[-70.0469,-38.8917],[-70.0462,-38.8916],[-70.046,-38.8915],[-70.0444,-38.8912],[-70.0428,-38.891],[-70.0427,-38.891],[-70.0398,-38.8905],[-70.036,-38.8899],[-70.0353,-38.8898]],[[-68.168,-38.913],[-68.1679,-38.9136]],[[-67.5692,-39.0448],[-67.5758,-39.044],[-67.5763,-39.0439]],[[-68.0133,-38.9253],[-68.0147,-38.9224],[-68.0171,-38.9181],[-68.0181,-38.9169],[-68.0184,-38.9159],[-68.0177,-38.9159],[-68.0172,-38.9167],[-68.0166,-38.9182],[-68.016,-38.9195],[-68.0147,-38.9224]],[[-67.9911,-38.9528],[-67.9873,-38.9548],[-67.9785,-38.9592],[-67.9773,-38.9598],[-67.9681,-38.9644],[-67.9423,-38.9768],[-67.9385,-38.9786],[-67.9382,-38.9787],[-67.9328,-38.9813],[-67.9171,-38.9885],[-67.9167,-38.9887],[-67.9171,-38.9886],[-67.9278,-38.9836],[-67.9328,-38.9814],[-67.9382,-38.9788],[-67.9385,-38.9787],[-67.9423,-38.9768],[-67.9444,-38.9758],[-67.968,-38.9643],[-67.9764,-38.9601],[-67.9773,-38.9598]],[[-67.31,-39.07],[-67.3063,-39.0705]],[[-68.3385,-38.9563],[-68.3385,-38.9562],[-68.3388,-38.9559],[-68.339,-38.9558]],[[-67.5928,-39.0418],[-67.602,-39.0407],[-67.6123,-39.0394]],[[-62.5717,-38.7555],[-62.5696,-38.755]],[[-68.0185,-38.916],[-68.0211,-38.916],[-68.0252,-38.9162]],[[-69.2095,-38.9301],[-69.2139,-38.9299],[-69.2144,-38.9297],[-69.2148,-38.9297]],[[-64.1096,-38.9816],[-64.1099,-38.9819],[-64.11,-38.982],[-64.1101,-38.9824]],[[-69.2148,-38.93],[-69.2147,-38.93],[-69.2144,-38.93],[-69.2139,-38.9299]],[[-67.0867,-39.0955],[-67.0872,-39.0948],[-67.0878,-39.092],[-67.0884,-39.0907],[-67.0926,-39.0883],[-67.0948,-39.0877],[-67.0961,-39.0874],[-67.0996,-39.0869],[-67.0971,-39.0873],[-67.0962,-39.0875],[-67.0884,-39.0908],[-67.0879,-39.0919],[-67.0871,-39.0956]],[[-62.6954,-38.8179],[-62.6955,-38.818]],[[-65.6546,-39.2883],[-65.6562,-39.2882]],[[-65.6673,-39.2819],[-65.668,-39.2815]],[[-68.1211,-38.9112],[-68.1206,-38.9114],[-68.1208,-38.9107],[-68.1211,-38.9109],[-68.1211,-38.9112]],[[-68.1218,-38.9127],[-68.1213,-38.9128],[-68.1211,-38.9123],[-68.1215,-38.9122],[-68.1218,-38.9127]],[[-70.0676,-38.9005],[-70.0672,-38.9011]],[[-70.0337,-38.8897],[-70.0337,-38.8893]],[[-69.2144,-38.93],[-69.2144,-38.9297]],[[-69.2083,-38.9299],[-69.2083,-38.9304]],[[-70.0346,-38.8895],[-70.0344,-38.8898]],[[-70.0661,-38.9006],[-70.0665,-38.9001]],[[-68.0102,-38.9428],[-68.0105,-38.9425],[-68.011,-38.9428],[-68.0107,-38.9432],[-68.0102,-38.9428]],[[-68.0181,-38.9169],[-68.0172,-38.9167]],[[-68.5895,-39.0765],[-68.5894,-39.0754],[-68.5895,-39.0765]],[[-67.6152,-39.0387],[-67.6154,-39.0392]],[[-62.7014,-38.8224],[-62.7017,-38.8221]],[[-65.6666,-39.2818],[-65.6722,-39.2764]],[[-68.121,-38.9126],[-68.1204,-38.9124],[-68.1129,-38.914]]]}},{"type":"Feature","properties":{"ref":"RN 23"},"geometry":{"type":"MultiLineString","coordinates":[[[-69.5369,-41.3351],[-69.5392,-41.3356],[-69.5413,-41.3361],[-69.5391,-41.3357],[-69.5369,-41.3351],[-69.2405,-41.3053],[-69.2394,-41.3053],[-69.1888,-41.3055],[-69.1428,-41.3032],[-69.1425,-41.3032],[-68.8932,-41.2703],[-68.747,-41.2796],[-68.746,-41.2793],[-68.6957,-41.2539],[-68.6943,-41.2526],[-68.6928,-41.2515],[-68.6942,-41.2528],[-68.6957,-41.2539]],[[-70.2705,-41.0325],[-70.2681,-41.0321],[-70.2705,-41.0325],[-70.2738,-41.0342],[-70.2743,-41.0346],[-70.2745,-41.0347],[-70.3004,-41.0382],[-70.3018,-41.0393],[-70.3329,-41.0677],[-70.3353,-41.0687],[-70.3358,-41.0688],[-70.3377,-41.0694],[-70.3382,-41.0695],[-70.34,-41.07],[-70.414,-41.0541],[-70.4447,-41.0516],[-70.5562,-41.0231],[-70.5585,-41.0235],[-70.5657,-41.0242],[-70.5722,-41.0233],[-70.6126,-41.0202],[-70.6569,-41.0709],[-70.6654,-41.0738],[-70.6819,-41.0878],[-70.7134,-41.1174],[-70.7543,-41.1211],[-70.8289,-41.0898],[-70.8309,-41.0899],[-70.8424,-41.1022],[-70.864,-41.1126],[-70.8755,-41.1169],[-70.9006,-41.1219],[-70.9618,-41.0827],[-71.0186,-41.0559],[-71.0423,-41.0497],[-71.065,-41.0411],[-71.0952,-41.0575],[-71.1184,-41.0758],[-71.1284,-41.0763],[-71.1372,-41.0757],[-71.1423,-41.0754],[-71.1456,-41.0747],[-71.1488,-41.0735],[-71.1509,-41.0728],[-71.156,-41.0709],[-71.1573,-41.0704],[-71.1588,-41.07],[-71.1622,-41.0685],[-71.1627,-41.0672]],[[-68.6928,-41.2515],[-68.6853,-41.245],[-68.6848,-41.2421],[-68.6848,-41.2418],[-68.6849,-41.2391],[-68.588,-41.1449],[-68.468,-41.1206],[-68.3956,-41.0772],[-68.3885,-41.0713],[-68.3872,-41.0702],[-68.3857,-41.0692],[-68.3775,-41.0631],[-68.3698,-41.0576],[-68.1318,-40.8976],[-68.095,-40.8538],[-68.0933,-40.8506],[-68.0932,-40.85]],[[-70.2629,-41.0318],[-70.2676,-41.032],[-70.268,-41.0321],[-70.2675,-41.0321],[-70.2629,-41.0318],[-70.2518,-41.031],[-70.2105,-41.0495],[-70.2235,-41.1028],[-70.2086,-41.1287],[-70.1789,-41.1608],[-70.1724,-41.2077],[-70.098,-41.2482],[-70.0423,-41.2458],[-70.04,-41.2461],[-70.0285,-41.2717],[-70.0283,-41.2719],[-69.9952,-41.2882],[-69.8803,-41.2882],[-69.8094,-41.365],[-69.6905,-41.3393],[-69.6899,-41.3392],[-69.6834,-41.3399],[-69.6832,-41.34],[-69.6801,-41.3409],[-69.553,-41.3368],[-69.5507,-41.3368],[-69.5484,-41.3369],[-69.5507,-41.3369],[-69.553,-41.3368]],[[-70.9429,-41.0907],[-70.9412,-41.0956],[-70.8985,-41.1212]],[[-68.6934,-41.2518],[-68.6945,-41.2523],[-68.6953,-41.2535]],[[-68.6951,-41.2536],[-68.694,-41.2529],[-68.6932,-41.2519]],[[-71.1643,-41.0686],[-71.1622,-41.0685],[-71.1588,-41.0698],[-71.1586,-41.0699],[-71.1574,-41.0703]],[[-68.3885,-41.0713],[-68.3871,-41.0703],[-68.3857,-41.0692]],[[-68.3878,-41.0709],[-68.3869,-41.0705],[-68.3865,-41.0699]],[[-68.3864,-41.0696],[-68.3874,-41.0701],[-68.3879,-41.0707]],[[-70.8976,-41.1198],[-70.8787,-41.1191]],[[-70.9433,-41.0896],[-70.9618,-41.0827]],[[-70.3018,-41.0393],[-70.2684,-41.0383],[-70.2683,-41.0383],[-70.2653,-41.0381],[-70.2651,-41.0381],[-70.2504,-41.0329],[-70.228,-41.0367],[-70.2092,-41.0657],[-70.2086,-41.1287]],[[-69.5413,-41.3361],[-69.5484,-41.3369]],[[-65.343,-40.8164],[-65.3413,-40.8168],[-65.343,-40.8164],[-65.7861,-40.8614],[-66.0379,-40.7692],[-66.038,-40.7692],[-66.0384,-40.7689],[-66.0385,-40.7689],[-66.0389,-40.7687],[-66.039,-40.7686],[-66.173,-40.6811],[-66.1747,-40.6793],[-66.1783,-40.6752],[-66.1785,-40.675],[-66.1798,-40.6734],[-66.1801,-40.6732],[-66.2274,-40.6447],[-66.4885,-40.5677],[-66.5236,-40.5424],[-66.5337,-40.5121],[-66.5368,-40.5067],[-66.5373,-40.5064],[-66.5401,-40.5056],[-66.5411,-40.5054],[-66.5429,-40.505],[-66.7485,-40.497],[-66.7682,-40.4835],[-66.769,-40.4829],[-66.8163,-40.4526],[-66.9596,-40.4519],[-67.3922,-40.528],[-67.5558,-40.5322],[-67.7589,-40.5798],[-67.848,-40.6405],[-67.8411,-40.6845],[-67.8555,-40.7059],[-67.8938,-40.7318],[-68.0418,-40.7591],[-68.0851,-40.8002],[-68.0875,-40.8351],[-68.0889,-40.8406],[-68.089,-40.8411]],[[-68.0896,-40.8415],[-68.0897,-40.8422],[-68.0926,-40.849],[-68.093,-40.8494]],[[-65.3413,-40.8168],[-65.3409,-40.8161]],[[-68.0889,-40.8406],[-68.0893,-40.841]],[[-68.0897,-40.8422],[-68.0892,-40.8416]],[[-68.0933,-40.8506],[-68.0929,-40.8501]],[[-68.0926,-40.8495],[-68.0926,-40.849]],[[-66.5337,-40.5121],[-66.5429,-40.505]]]}},{"type":"Feature","properties":{"ref":"RN 25"},"geometry":{"type":"MultiLineString","coordinates":[[[-65.1043,-43.3084],[-65.1077,-43.3084],[-65.1126,-43.3079],[-65.1132,-43.3078],[-65.1132,-43.3076],[-65.114,-43.3076],[-65.1147,-43.3075],[-65.1446,-43.3041],[-65.2499,-43.2875],[-65.2558,-43.2864],[-65.2577,-43.286],[-65.2587,-43.2858],[-65.2615,-43.2848],[-65.2617,-43.2846],[-65.2621,-43.2844],[-65.2624,-43.2842],[-65.2641,-43.283],[-65.2678,-43.2804],[-65.2686,-43.2798],[-65.27,-43.279],[-65.2697,-43.2788],[-65.2686,-43.2798]],[[-65.321,-43.2424],[-65.3222,-43.2438],[-65.3224,-43.2445],[-65.3234,-43.2481],[-65.3234,-43.2482],[-65.3242,-43.251],[-65.3246,-43.2516],[-65.3254,-43.2517],[-65.3285,-43.2522],[-65.3287,-43.2522],[-65.3308,-43.2526],[-65.3753,-43.2596],[-65.3757,-43.259],[-65.3342,-43.2528],[-65.3328,-43.2526],[-65.3295,-43.2521],[-65.3256,-43.2513],[-65.325,-43.2509],[-65.3236,-43.2485],[-65.3235,-43.2482],[-65.3235,-43.248],[-65.3227,-43.2449],[-65.3217,-43.242],[-65.321,-43.2424],[-65.3202,-43.2418],[-65.3031,-43.2334],[-65.301,-43.2331],[-65.3006,-43.2332],[-65.2992,-43.2339],[-65.2984,-43.2353],[-65.297,-43.2376],[-65.2963,-43.2388],[-65.2932,-43.2439],[-65.2913,-43.2475],[-65.291,-43.2481],[-65.291,-43.2482],[-65.2909,-43.2484],[-65.2904,-43.2512],[-65.2906,-43.2514],[-65.2897,-43.2523],[-65.2879,-43.2552],[-65.2879,-43.2553],[-65.2876,-43.256],[-65.2859,-43.2598],[-65.2844,-43.2629],[-65.2821,-43.2679],[-65.2818,-43.2686],[-65.2814,-43.2683],[-65.2811,-43.2684],[-65.2809,-43.2688],[-65.281,-43.2689],[-65.2812,-43.269],[-65.2817,-43.2689],[-65.2818,-43.2695],[-65.2813,-43.2696],[-65.2812,-43.269]],[[-65.2813,-43.2696],[-65.2812,-43.27],[-65.2811,-43.2701],[-65.2819,-43.2704],[-65.2781,-43.2731],[-65.2781,-43.2732],[-65.274,-43.2761],[-65.2732,-43.2766],[-65.2704,-43.2787],[-65.27,-43.2785],[-65.2732,-43.2765],[-65.2739,-43.276],[-65.278,-43.2731],[-65.278,-43.273],[-65.2811,-43.2701]],[[-65.2814,-43.2683],[-65.2844,-43.2624],[-65.2875,-43.2554],[-65.2876,-43.2552],[-65.2893,-43.252],[-65.2897,-43.2511],[-65.2906,-43.2484],[-65.2906,-43.2483],[-65.2907,-43.2481],[-65.293,-43.2438],[-65.2961,-43.2382],[-65.2981,-43.2352],[-65.2982,-43.2351],[-65.2992,-43.233],[-65.2992,-43.2328],[-65.299,-43.2325],[-65.2992,-43.2315],[-65.2994,-43.2313],[-65.3008,-43.231],[-65.3018,-43.2317],[-65.3038,-43.2333],[-65.3207,-43.2412],[-65.3203,-43.2414],[-65.3202,-43.2418]],[[-65.3808,-43.2601],[-65.3769,-43.2593],[-65.3766,-43.2599],[-65.3808,-43.2601],[-65.423,-43.2667],[-65.4944,-43.2804],[-65.4955,-43.2804],[-65.4963,-43.2807],[-65.4975,-43.2804],[-65.501,-43.2814],[-65.5025,-43.282],[-65.5046,-43.2825],[-65.5048,-43.2826],[-65.5056,-43.2827],[-65.5137,-43.283],[-65.5153,-43.283],[-65.6181,-43.2835],[-65.7126,-43.2984],[-65.7148,-43.2994]],[[-65.1126,-43.3079],[-65.1126,-43.3078],[-65.1108,-43.3081],[-65.1105,-43.3082],[-65.1042,-43.3081],[-65.104,-43.3082],[-65.0988,-43.3085],[-65.0937,-43.3094],[-65.0927,-43.3093],[-65.0921,-43.3089],[-65.0924,-43.3086],[-65.093,-43.309],[-65.0937,-43.3094]],[[-65.2911,-43.2472],[-65.2914,-43.2473]],[[-65.1042,-43.3084],[-65.1011,-43.3084],[-65.0998,-43.3084],[-65.0988,-43.3085]],[[-65.7168,-43.2996],[-65.7187,-43.299],[-65.7255,-43.2996],[-65.7427,-43.3011],[-65.7441,-43.3012],[-65.7705,-43.2996],[-65.9352,-43.3531],[-65.9768,-43.404],[-66.1381,-43.4599],[-66.1962,-43.5037],[-66.5324,-43.6079],[-66.5346,-43.6084],[-66.7392,-43.6512],[-66.9068,-43.7109],[-67.1996,-43.6869],[-67.2568,-43.6479],[-67.2816,-43.6602],[-67.2858,-43.7174],[-67.2883,-43.7207],[-67.2892,-43.7213],[-67.3885,-43.7205],[-67.4589,-43.7416],[-67.4595,-43.7415],[-67.5011,-43.7671],[-67.5681,-43.7945],[-67.7429,-43.8268],[-67.7436,-43.8269],[-67.7504,-43.8278],[-67.7865,-43.8403],[-67.8797,-43.8208],[-67.9674,-43.853],[-67.9681,-43.8528],[-68.0979,-43.8517],[-68.1568,-43.8236],[-68.2138,-43.8592],[-68.3308,-43.8607],[-68.3311,-43.8607],[-68.3656,-43.8757],[-68.3806,-43.8911],[-68.4089,-43.8884],[-68.41,-43.8876],[-68.4152,-43.8837],[-68.4174,-43.8812],[-68.482,-43.8591],[-68.5322,-43.8515],[-68.5325,-43.8515],[-68.6549,-43.8129],[-68.7508,-43.824],[-68.8297,-43.8634],[-68.8839,-43.8589],[-68.9808,-43.8397],[-69.0321,-43.8618],[-69.0517,-43.8614],[-69.2219,-43.8325],[-69.3301,-43.7877],[-69.4986,-43.7488],[-69.609,-43.7712],[-69.6572,-43.7477],[-69.9213,-43.7238],[-70.0045,-43.7403],[-70.0513,-43.7194],[-70.0601,-43.6733],[-70.0853,-43.6644],[-70.1155,-43.6239],[-70.2168,-43.5738],[-70.3337,-43.5843],[-70.3949,-43.5686],[-70.5285,-43.5738],[-70.5871,-43.5661],[-70.6551,-43.5263],[-70.7066,-43.5304],[-70.7228,-43.5163],[-70.801,-43.5082],[-70.8038,-43.5046]],[[-65.2818,-43.2695],[-65.2821,-43.2697],[-65.282,-43.2703],[-65.2819,-43.2704]],[[-65.3207,-43.2412],[-65.3217,-43.242]],[[-65.1126,-43.3078],[-65.1132,-43.3076]],[[-65.2704,-43.2787],[-65.27,-43.279]],[[-65.2697,-43.2788],[-65.27,-43.2785]],[[-65.2818,-43.2686],[-65.2817,-43.2689]],[[-65.114,-43.3076],[-65.1132,-43.3078]],[[-65.7126,-43.2984],[-65.7154,-43.2986]],[[-65.4962,-43.2804],[-65.4975,-43.2804]],[[-65.4955,-43.2804],[-65.4953,-43.2807],[-65.4944,-43.2804]],[[-65.3757,-43.259],[-65.3769,-43.2593]],[[-65.3766,-43.2599],[-65.3753,-43.2596]],[[-65.104,-43.3082],[-65.1042,-43.3081]],[[-65.093,-43.309],[-65.0927,-43.3093]],[[-65.4963,-43.2807],[-65.4961,-43.2809],[-65.4955,-43.2809],[-65.4953,-43.2807]],[[-65.7166,-43.2988],[-65.7187,-43.299]]]}},{"type":"Feature","properties":{"ref":"RN 26"},"geometry":{"type":"MultiLineString","coordinates":[[[-67.5809,-45.9066],[-67.5809,-45.9067],[-67.5799,-45.9072],[-67.5794,-45.9066],[-67.5797,-45.9063],[-67.5801,-45.9062],[-67.5804,-45.9062],[-67.5809,-45.9066],[-67.5813,-45.9063],[-67.5842,-45.9076],[-67.5864,-45.9083],[-67.5935,-45.9071],[-67.6009,-45.9037],[-67.603,-45.9029],[-67.6104,-45.9024],[-67.6106,-45.9024],[-67.6108,-45.9023],[-67.6111,-45.9023],[-67.6134,-45.9024],[-67.6172,-45.9034],[-67.7173,-45.8906],[-67.8159,-45.8403],[-67.9662,-45.8283],[-68.054,-45.7875],[-68.0629,-45.7809],[-68.0838,-45.7908],[-68.1381,-45.7611],[-68.2427,-45.7845],[-68.2385,-45.7689],[-68.3384,-45.7189],[-68.5403,-45.7501],[-68.5405,-45.7501],[-68.7212,-45.7809],[-68.768,-45.7491],[-68.8544,-45.7242],[-68.955,-45.6383],[-68.9551,-45.6382],[-69.0103,-45.5961],[-69.0108,-45.5961],[-69.0374,-45.5999],[-69.0671,-45.5999],[-69.0689,-45.5999],[-69.0696,-45.5999],[-69.0724,-45.5999],[-69.0754,-45.5999],[-69.0758,-45.5999],[-69.0763,-45.5999],[-69.0776,-45.5998],[-69.0887,-45.5985],[-69.1827,-45.5982],[-69.1833,-45.5981],[-69.2123,-45.603],[-69.2132,-45.6032],[-69.2458,-45.6094],[-69.2464,-45.6096],[-69.3003,-45.5826],[-69.2774,-45.5262],[-69.2888,-45.519],[-69.6436,-45.4518],[-69.7284,-45.4623],[-69.8175,-45.4476]],[[-69.8167,-45.4495],[-69.8143,-45.4488]],[[-67.5804,-45.9062],[-67.5842,-45.9076]],[[-69.0671,-45.5999],[-69.0696,-45.5999],[-69.0703,-45.5998],[-69.0724,-45.5999]]]}},{"type":"Feature","properties":{"ref":"RN 33"},"geometry":{"type":"MultiLineString","coordinates":[[[-62.3263,-38.697],[-62.3255,-38.6959],[-62.3265,-38.6969]],[[-62.3268,-38.6971],[-62.3278,-38.6979],[-62.3267,-38.6974]],[[-62.2768,-38.6573],[-62.2781,-38.6567],[-62.2773,-38.6577]],[[-62.2773,-38.6578],[-62.2794,-38.659],[-62.2768,-38.6582]],[[-62.2794,-38.659],[-62.282,-38.6611],[-62.2873,-38.6653],[-62.2944,-38.671],[-62.3006,-38.676],[-62.3008,-38.6762],[-62.301,-38.6763],[-62.3011,-38.6764],[-62.3027,-38.6777],[-62.3092,-38.6829],[-62.3094,-38.683],[-62.3096,-38.6832],[-62.315,-38.6876],[-62.3153,-38.6878],[-62.3155,-38.688],[-62.3194,-38.6912],[-62.3216,-38.6929],[-62.3225,-38.6936],[-62.3227,-38.6938],[-62.3228,-38.6939],[-62.3236,-38.6945],[-62.3255,-38.6959],[-62.326,-38.6963],[-62.3276,-38.6976],[-62.3278,-38.6979],[-62.3303,-38.6999],[-62.3306,-38.7002],[-62.3351,-38.7042],[-62.3372,-38.706]],[[-62.3853,-37.0405],[-62.3866,-37.0429],[-62.4192,-37.1766],[-62.4204,-37.1783],[-62.4207,-37.1789],[-62.4208,-37.179],[-62.422,-37.1811],[-62.4211,-37.1798],[-62.4209,-37.1794],[-62.4206,-37.179],[-62.4206,-37.1789],[-62.4192,-37.1766]],[[-62.2855,-38.6422],[-62.303,-38.5871],[-62.3037,-38.578],[-62.2878,-38.4671],[-62.2847,-38.4543],[-62.2841,-38.4533],[-62.268,-38.4192],[-62.2843,-38.3406],[-62.2702,-38.2065],[-62.278,-38.132],[-62.278,-38.1314],[-62.2813,-38.1009],[-62.2816,-38.0979],[-62.2818,-38.096],[-62.2829,-38.0899],[-62.283,-38.0893],[-62.3242,-37.9935],[-62.34,-37.9087],[-62.34,-37.9085],[-62.3549,-37.8753],[-62.355,-37.8752],[-62.3723,-37.845],[-62.3724,-37.8449],[-62.3836,-37.8352],[-62.3838,-37.8351],[-62.394,-37.8],[-62.4205,-37.7787],[-62.4227,-37.7763],[-62.4196,-37.739],[-62.452,-37.6651],[-62.4185,-37.6045],[-62.4184,-37.6031],[-62.4185,-37.6029],[-62.4185,-37.6027],[-62.4185,-37.6014],[-62.4185,-37.5981],[-62.4186,-37.5934],[-62.4186,-37.5932],[-62.4183,-37.591],[-62.4192,-37.5909],[-62.4186,-37.5932]],[[-62.4192,-37.5897],[-62.4184,-37.5898],[-62.4188,-37.5875],[-62.4192,-37.5897],[-62.4193,-37.5901],[-62.4192,-37.5907],[-62.4192,-37.5909]],[[-62.7485,-36.014],[-62.7491,-36.0144],[-62.7495,-36.0133],[-62.7485,-36.014],[-62.7483,-36.0141],[-62.7479,-36.0145],[-62.748,-36.0146],[-62.7486,-36.015],[-62.7477,-36.0157],[-62.7485,-36.1045],[-62.7479,-36.1105],[-62.7341,-36.1617],[-62.721,-36.2068],[-62.7058,-36.257],[-62.6785,-36.3421],[-62.678,-36.3438],[-62.6779,-36.3439],[-62.6778,-36.3443],[-62.6775,-36.3451],[-62.672,-36.3618],[-62.6707,-36.3655],[-62.6269,-36.5018],[-62.6148,-36.5397],[-62.613,-36.5638],[-62.6102,-36.5695],[-62.5292,-36.757],[-62.5196,-36.7648],[-62.5192,-36.7651],[-62.5189,-36.7653],[-62.5167,-36.767],[-62.5096,-36.7728],[-62.5095,-36.7728],[-62.5094,-36.7729],[-62.509,-36.7732],[-62.4536,-36.8642],[-62.3736,-36.9117],[-62.3734,-36.9118],[-62.3669,-36.9758],[-62.3669,-36.9804],[-62.3669,-36.9809],[-62.3669,-36.9865],[-62.3844,-37.0374],[-62.3854,-37.0392]],[[-62.7477,-36.0157],[-62.748,-36.0147]],[[-62.2813,-38.1009],[-62.2814,-38.0988],[-62.2815,-38.098],[-62.2816,-38.0978],[-62.2818,-38.096]],[[-62.3847,-37.0393],[-62.3844,-37.0374]],[[-62.3859,-37.0402],[-62.3866,-37.0429]],[[-62.422,-37.1811],[-62.4227,-37.1823],[-62.4272,-37.1898],[-62.4274,-37.1902],[-62.4295,-37.2804],[-62.4631,-37.3487],[-62.4636,-37.3499],[-62.4637,-37.3501],[-62.4647,-37.3642],[-62.4672,-37.4496],[-62.4672,-37.4503],[-62.4188,-37.5875]],[[-62.4183,-37.591],[-62.4183,-37.5907],[-62.4183,-37.59],[-62.4184,-37.5898]],[[-62.9851,-35.0418],[-62.9849,-35.0395],[-62.9852,-35.0381],[-62.9849,-35.0389],[-62.9848,-35.0394],[-62.9848,-35.0395],[-62.9848,-35.04],[-62.9851,-35.0418],[-62.9995,-35.4379],[-62.9996,-35.4383],[-62.9996,-35.4386],[-63.0022,-35.4832],[-63.0018,-35.4882],[-63.0086,-35.6769],[-62.9287,-35.7955],[-62.9285,-35.7958],[-62.8679,-35.8473],[-62.8654,-35.8501],[-62.8643,-35.8513],[-62.8641,-35.8515],[-62.8637,-35.852],[-62.7843,-35.9679],[-62.7801,-35.9735],[-62.7731,-35.9826],[-62.7495,-36.0133]],[[-62.279,-38.6587],[-62.3261,-38.6962],[-62.3278,-38.6976],[-62.3319,-38.701],[-62.3339,-38.7042],[-62.3342,-38.7049],[-62.3344,-38.7052],[-62.3358,-38.7059]],[[-62.3385,-38.7057],[-62.3336,-38.7049],[-62.3335,-38.7043],[-62.3329,-38.7028]],[[-62.3344,-38.7052],[-62.3346,-38.7061],[-62.3341,-38.7076],[-62.3318,-38.7095]],[[-62.3331,-38.7072],[-62.3335,-38.7053],[-62.3333,-38.7044],[-62.3317,-38.7011]],[[-62.2877,-38.0779],[-62.2833,-38.0894],[-62.2831,-38.0899],[-62.2713,-38.1992]],[[-62.2732,-38.3993],[-62.2791,-38.3812]],[[-62.303,-38.5871],[-62.3024,-38.588],[-62.304,-38.5802],[-62.3034,-38.578],[-62.2939,-38.5565],[-62.2873,-38.4656],[-62.2878,-38.4671]],[[-62.2782,-38.6585],[-62.2756,-38.6569]],[[-62.3024,-38.588],[-62.3011,-38.5923],[-62.2789,-38.6269],[-62.2841,-38.6466],[-62.2781,-38.6567],[-62.2768,-38.6577],[-62.2767,-38.6578],[-62.2755,-38.6586],[-62.2766,-38.6577],[-62.2767,-38.6576],[-62.2784,-38.6563],[-62.2812,-38.6229]],[[-62.2758,-38.6569],[-62.2787,-38.6586]],[[-62.6775,-36.3451],[-62.6777,-36.3442],[-62.6778,-36.3438],[-62.6779,-36.3438],[-62.6785,-36.3421]],[[-62.7491,-36.0144],[-62.7487,-36.0149],[-62.7486,-36.015]],[[-62.2873,-38.4656],[-62.2841,-38.4533]],[[-62.2683,-38.4207],[-62.2847,-38.4543]],[[-62.278,-38.3931],[-62.2747,-38.3983]],[[-62.268,-38.4177],[-62.271,-38.4027]],[[-60.752,-32.9887],[-60.7526,-32.9894],[-60.753,-32.9896],[-60.7531,-32.9896],[-60.7539,-32.9897],[-60.7531,-32.9893],[-60.7528,-32.9891],[-60.752,-32.9887],[-60.7472,-32.9863],[-60.7454,-32.9853],[-60.7438,-32.9845],[-60.7386,-32.9816],[-60.737,-32.9808],[-60.7361,-32.9804],[-60.7229,-32.9738],[-60.7227,-32.9737],[-60.7194,-32.972],[-60.7177,-32.9712],[-60.7166,-32.9706],[-60.7161,-32.9703]],[[-60.8023,-33.011],[-60.7996,-33.0102],[-60.7991,-33.0097],[-60.7973,-33.0093],[-60.7994,-33.01],[-60.7997,-33.0105],[-60.8023,-33.011],[-60.8037,-33.0113],[-60.8072,-33.012],[-60.8594,-33.0189],[-60.8608,-33.0189],[-60.8627,-33.0189],[-60.8631,-33.0189],[-60.865,-33.0189],[-60.8672,-33.0188],[-60.8703,-33.0188],[-60.8738,-33.0189],[-60.8767,-33.0191],[-60.8779,-33.019],[-60.8792,-33.019],[-60.8829,-33.019],[-60.8845,-33.019],[-60.8862,-33.0186],[-60.8884,-33.0186],[-60.8901,-33.0186],[-60.8962,-33.0185],[-60.8984,-33.0185],[-60.8999,-33.0184],[-60.9018,-33.0185],[-60.9027,-33.0185],[-60.9039,-33.0185],[-60.904,-33.0185],[-60.905,-33.0185],[-60.9057,-33.0185],[-60.9068,-33.0185],[-60.9069,-33.0185],[-60.9082,-33.0184],[-60.9088,-33.0184],[-60.9103,-33.0184],[-60.9381,-33.018],[-60.9731,-33.0176],[-61.0298,-33.0169],[-61.0319,-33.0172],[-61.0475,-33.017],[-61.0482,-33.017],[-61.0491,-33.0168],[-61.0526,-33.0166],[-61.0871,-33.0161],[-61.0942,-33.0187],[-61.0976,-33.0205],[-61.0942,-33.0187]],[[-62.0002,-33.7244],[-61.9996,-33.7235],[-61.999,-33.7243],[-62.0002,-33.7244],[-62.0006,-33.7246],[-62.0053,-33.7271],[-62.0133,-33.7315],[-62.0487,-33.7507],[-62.0502,-33.7515],[-62.0799,-33.7676],[-62.0863,-33.771],[-62.087,-33.7714],[-62.0885,-33.7723],[-62.0923,-33.7743],[-62.1094,-33.783],[-62.2073,-33.8313],[-62.2174,-33.8614],[-62.2694,-33.948],[-62.2681,-33.9959],[-62.2691,-33.9999],[-62.2701,-34.004],[-62.2702,-34.0043],[-62.2702,-34.0045],[-62.2703,-34.0048],[-62.271,-34.0076],[-62.2716,-34.0103],[-62.2722,-34.0116],[-62.2731,-34.0126],[-62.4214,-34.1243],[-62.4346,-34.1311],[-62.4748,-34.162],[-62.475,-34.1621],[-62.5073,-34.1768],[-62.5513,-34.1931],[-62.5398,-34.1857],[-62.5376,-34.1849],[-62.524,-34.1826]],[[-61.9921,-33.72],[-61.9897,-33.7186],[-61.9869,-33.7172],[-61.9875,-33.7176],[-61.9897,-33.7187],[-61.9911,-33.7195],[-61.9921,-33.72],[-61.997,-33.7227],[-61.9984,-33.7228],[-61.9986,-33.7227],[-61.9996,-33.7232],[-61.9996,-33.7235]],[[-62.9887,-35.0345],[-62.9874,-35.0356],[-62.9873,-35.0356],[-62.9862,-35.0366],[-62.9874,-35.0357],[-62.9875,-35.0356],[-62.9887,-35.0345],[-62.993,-35.0178],[-62.9931,-35.0175],[-62.9957,-35.0096],[-62.9908,-34.9939],[-62.9908,-34.9925],[-62.9909,-34.9905],[-62.991,-34.9892],[-63.0004,-34.7803],[-63.0007,-34.7693],[-63.0008,-34.7658],[-62.9861,-34.7269],[-62.9782,-34.5181],[-62.9627,-34.4592],[-62.9573,-34.4411],[-62.9448,-34.4303],[-62.9431,-34.429],[-62.942,-34.4281],[-62.941,-34.4273],[-62.9387,-34.4254],[-62.9166,-34.4074],[-62.9136,-34.405],[-62.9112,-34.403],[-62.8894,-34.387],[-62.8117,-34.3271],[-62.8113,-34.3268],[-62.7875,-34.307],[-62.748,-34.3115],[-62.6959,-34.2897],[-62.6924,-34.2861],[-62.6923,-34.2855],[-62.6916,-34.285],[-62.6926,-34.2849],[-62.6923,-34.2855]],[[-62.6926,-34.2849],[-62.6927,-34.2842],[-62.6924,-34.2841],[-62.6915,-34.2843],[-62.6918,-34.2837],[-62.6924,-34.2841]],[[-62.6916,-34.285],[-62.6914,-34.2849],[-62.6913,-34.2844],[-62.6915,-34.2843]],[[-61.3235,-33.2004],[-61.323,-33.2002],[-61.3232,-33.1999],[-61.3235,-33.2004],[-61.3237,-33.2006],[-61.325,-33.2021],[-61.3491,-33.232],[-61.3534,-33.2374],[-61.3598,-33.2459],[-61.3605,-33.2468],[-61.3647,-33.2521],[-61.3666,-33.2544],[-61.3678,-33.2559],[-61.3686,-33.2568],[-61.3709,-33.2577],[-61.3714,-33.2584],[-61.3723,-33.2595],[-61.3728,-33.2603],[-61.3739,-33.2619],[-61.4399,-33.3439],[-61.4421,-33.346],[-61.4481,-33.3534],[-61.4492,-33.3554],[-61.4506,-33.3571],[-61.4785,-33.3929],[-61.4831,-33.4321],[-61.484,-33.443],[-61.4872,-33.4477],[-61.4897,-33.4491],[-61.4918,-33.4502],[-61.4957,-33.4523],[-61.4985,-33.4539],[-61.5021,-33.4558],[-61.5033,-33.4565],[-61.5056,-33.4577],[-61.5063,-33.4581],[-61.5114,-33.4608],[-61.5121,-33.4612],[-61.5129,-33.4616],[-61.5302,-33.471],[-61.539,-33.4758],[-61.5735,-33.4944],[-61.5756,-33.4965],[-61.5757,-33.4966],[-61.5787,-33.4997],[-61.6365,-33.5312],[-61.6382,-33.5321],[-61.6651,-33.5466],[-61.6676,-33.5479],[-61.6708,-33.5497],[-61.6715,-33.55],[-61.7208,-33.5766],[-61.7216,-33.577],[-61.7226,-33.5775],[-61.7337,-33.5835],[-61.7643,-33.6],[-61.8093,-33.6243],[-61.8109,-33.6251],[-61.8169,-33.6283],[-61.8218,-33.6309],[-61.8344,-33.6377],[-61.8388,-33.64],[-61.8399,-33.6406],[-61.8407,-33.6411],[-61.8484,-33.6448],[-61.8535,-33.6453],[-61.855,-33.6456],[-61.8579,-33.6468],[-61.863,-33.6495],[-61.8705,-33.6536],[-61.905,-33.6723],[-61.9406,-33.6917],[-61.9436,-33.6933],[-61.9437,-33.6934],[-61.9453,-33.6942],[-61.9437,-33.6934]],[[-61.0976,-33.0205],[-61.1055,-33.0249],[-61.1102,-33.0274],[-61.1263,-33.0359],[-61.1265,-33.036],[-61.1299,-33.0379],[-61.1414,-33.0443],[-61.1465,-33.0471],[-61.1477,-33.0477],[-61.1481,-33.0479],[-61.1483,-33.0481],[-61.1484,-33.0481],[-61.1485,-33.0482],[-61.1498,-33.049],[-61.1533,-33.051],[-61.1574,-33.0532],[-61.1575,-33.0533],[-61.1617,-33.0556],[-61.1664,-33.0582],[-61.1667,-33.0583],[-61.167,-33.0584],[-61.1762,-33.0635],[-61.1875,-33.0697],[-61.1934,-33.073],[-61.1936,-33.0732],[-61.2367,-33.0939],[-61.2387,-33.095],[-61.2402,-33.0963],[-61.2414,-33.0978],[-61.2427,-33.0994],[-61.2428,-33.0995],[-61.247,-33.1047],[-61.2479,-33.1058],[-61.2738,-33.1382],[-61.2759,-33.1414],[-61.2774,-33.1434],[-61.2802,-33.1468],[-61.282,-33.1486],[-61.2837,-33.1506],[-61.2847,-33.1518],[-61.2933,-33.1626],[-61.2936,-33.163],[-61.303,-33.1746],[-61.3041,-33.1764],[-61.3058,-33.1785],[-61.3065,-33.1794],[-61.3081,-33.1814],[-61.3091,-33.1825],[-61.322,-33.1986],[-61.3225,-33.1997],[-61.3229,-33.1996],[-61.3226,-33.1992],[-61.3214,-33.1976],[-61.321,-33.1971],[-61.3096,-33.1829],[-61.309,-33.1821],[-61.3038,-33.1756],[-61.303,-33.1746]],[[-60.7162,-32.9702],[-60.7178,-32.9711],[-60.7227,-32.9736],[-60.7228,-32.9736],[-60.7232,-32.9738],[-60.7361,-32.9803],[-60.737,-32.9808]],[[-60.7539,-32.9897],[-60.7601,-32.9928],[-60.7623,-32.9939],[-60.7648,-32.9952],[-60.765,-32.9953],[-60.7653,-32.9957],[-60.7655,-32.9959],[-60.7666,-32.9965],[-60.7697,-32.9981],[-60.7718,-32.9991],[-60.7726,-32.9995],[-60.7728,-32.9996],[-60.773,-32.9995],[-60.7735,-32.9988],[-60.7738,-32.9987],[-60.775,-32.9995],[-60.7751,-32.9998],[-60.7761,-33.0003],[-60.7797,-33.0021],[-60.7804,-33.0024],[-60.7844,-33.0045],[-60.7866,-33.0056],[-60.7868,-33.0057],[-60.7929,-33.0081],[-60.795,-33.0086],[-60.7973,-33.0093]],[[-61.9453,-33.6942],[-61.9483,-33.6959],[-61.9519,-33.6981],[-61.9521,-33.6982],[-61.974,-33.7101],[-61.9741,-33.7102],[-61.9755,-33.711],[-61.978,-33.7123],[-61.9797,-33.7132],[-61.9804,-33.7136],[-61.9808,-33.7138],[-61.9812,-33.714],[-61.9819,-33.7144],[-61.9833,-33.7152],[-61.9818,-33.7145],[-61.9811,-33.7141],[-61.9807,-33.7139],[-61.9804,-33.7137],[-61.9796,-33.7132],[-61.978,-33.7123]],[[-62.5513,-34.1931],[-62.6643,-34.2531],[-62.6854,-34.2608],[-62.6866,-34.2643],[-62.6867,-34.265],[-62.6869,-34.2657],[-62.6872,-34.2668],[-62.6875,-34.2676],[-62.6876,-34.2678],[-62.6881,-34.2693],[-62.6882,-34.2694],[-62.6884,-34.27],[-62.6886,-34.2707],[-62.6883,-34.27],[-62.6881,-34.2694],[-62.688,-34.2693],[-62.6877,-34.2685],[-62.6874,-34.2676],[-62.6872,-34.2668]],[[-60.753,-32.9896],[-60.7528,-32.9901],[-60.7526,-32.9894],[-60.7527,-32.9891]],[[-60.7531,-32.9893],[-60.7531,-32.9896]],[[-61.9984,-33.7228],[-61.9977,-33.7236],[-61.997,-33.7227]],[[-61.1498,-33.049],[-61.1492,-33.0487],[-61.1485,-33.0483],[-61.1483,-33.0482],[-61.1481,-33.048],[-61.1465,-33.0471]],[[-61.999,-33.7243],[-61.9987,-33.7244],[-61.9977,-33.7239],[-61.9977,-33.7236]],[[-61.9004,-33.6358],[-62.0187,-33.7101],[-62.031,-33.7408],[-62.121,-33.7869],[-62.2077,-33.8313],[-62.2332,-33.9038],[-62.2697,-33.9481],[-62.2877,-34.0252],[-62.417,-34.1215],[-62.4332,-34.1285],[-62.4535,-34.1518],[-62.5014,-34.1742],[-62.5222,-34.1818],[-62.5378,-34.1847],[-62.5395,-34.1854],[-62.5715,-34.2035]],[[-61.3739,-33.2619],[-61.3735,-33.2615],[-61.3731,-33.261],[-61.3714,-33.2584]],[[-62.6886,-34.2707],[-62.6915,-34.2826],[-62.6918,-34.2837]],[[-62.9862,-35.0366],[-62.9852,-35.0381]],[[-61.9869,-33.7172],[-61.9862,-33.7168],[-61.9833,-33.7152]],[[-62.4325,-34.1286],[-62.423,-34.1242]],[[-62.03,-33.7406],[-62.0182,-33.7106],[-61.9002,-33.6362]],[[-61.323,-33.2002],[-61.3225,-33.1997]],[[-61.3229,-33.1996],[-61.3232,-33.1999]],[[-62.6536,-34.2476],[-62.6066,-34.2226],[-62.5713,-34.2039]],[[-60.8999,-33.0184],[-60.9011,-33.0184],[-60.9028,-33.0184],[-60.9039,-33.0184],[-60.904,-33.0184],[-60.9048,-33.0184],[-60.9061,-33.0184],[-60.9068,-33.0184],[-60.9069,-33.0184],[-60.9081,-33.0184],[-60.9084,-33.0184],[-60.9103,-33.0184]]]}},{"type":"Feature","properties":{"ref":"RN 34"},"geometry":{"type":"MultiLineString","coordinates":[[[-60.7817,-32.8541],[-60.7814,-32.8548],[-60.781,-32.8555],[-60.7816,-32.8546],[-60.7821,-32.8534],[-60.7822,-32.8533],[-60.7822,-32.8532],[-60.7823,-32.853],[-60.7826,-32.8523],[-60.7832,-32.8511],[-60.7825,-32.8523],[-60.7823,-32.8527],[-60.782,-32.8532],[-60.782,-32.8533],[-60.7817,-32.8541],[-60.7814,-32.8533]],[[-61.1984,-32.5787],[-61.1996,-32.5772],[-61.2011,-32.5762],[-61.2003,-32.5786],[-61.1984,-32.5788]],[[-61.1977,-32.5793],[-61.2014,-32.5758],[-61.1977,-32.5793],[-61.1901,-32.5853],[-61.1663,-32.6039],[-61.1659,-32.6042],[-61.1656,-32.6044],[-61.1656,-32.6045],[-61.1653,-32.6047],[-61.165,-32.605],[-61.1565,-32.6116],[-61.1564,-32.6117],[-61.1021,-32.6542],[-61.0999,-32.6564],[-61.0977,-32.6605],[-61.0967,-32.6629],[-61.096,-32.6642],[-61.0957,-32.6649],[-61.095,-32.6664],[-61.0943,-32.668],[-61.0935,-32.6697],[-61.0853,-32.6751],[-61.0734,-32.6772],[-61.0695,-32.6796],[-61.0468,-32.6974],[-61.0467,-32.6975],[-61.0322,-32.7068],[-61.029,-32.7091],[-61.0263,-32.7123],[-61.0131,-32.7178],[-61.0123,-32.7184],[-61.0056,-32.7229],[-60.9271,-32.7713],[-60.9261,-32.7721],[-60.9232,-32.7728],[-60.9207,-32.7725],[-60.9179,-32.772],[-60.9136,-32.7713],[-60.9115,-32.7712],[-60.9093,-32.7722],[-60.9084,-32.7732],[-60.9078,-32.7739],[-60.9072,-32.7747],[-60.904,-32.7789],[-60.8977,-32.7866],[-60.8962,-32.7878],[-60.8951,-32.7885],[-60.8903,-32.7914],[-60.8901,-32.7915],[-60.89,-32.7916],[-60.8422,-32.8202],[-60.8411,-32.8209],[-60.84,-32.8216],[-60.8396,-32.8218],[-60.8183,-32.8345],[-60.814,-32.8371],[-60.8137,-32.8373],[-60.8132,-32.8376],[-60.8119,-32.8384],[-60.8064,-32.8416],[-60.8059,-32.8419],[-60.8052,-32.8424],[-60.8009,-32.8449],[-60.7996,-32.8458],[-60.7982,-32.8465],[-60.784,-32.8503],[-60.7832,-32.8511]],[[-60.781,-32.8555],[-60.7783,-32.8585],[-60.7773,-32.8591],[-60.7764,-32.8597],[-60.7746,-32.8607],[-60.7638,-32.8672],[-60.7588,-32.8702],[-60.7537,-32.8733],[-60.7534,-32.8734],[-60.7448,-32.8785],[-60.7413,-32.8806],[-60.7408,-32.8809],[-60.7362,-32.8837],[-60.7356,-32.884],[-60.7354,-32.8842],[-60.7353,-32.8842],[-60.7347,-32.8846],[-60.733,-32.8856],[-60.7317,-32.8864],[-60.731,-32.8868],[-60.7305,-32.887],[-60.7302,-32.8872],[-60.7297,-32.8874],[-60.7301,-32.8871],[-60.7303,-32.887],[-60.73,-32.8871]],[[-60.7193,-32.8936],[-60.7199,-32.8932],[-60.7201,-32.8932],[-60.7205,-32.8931],[-60.721,-32.8928],[-60.7216,-32.8923],[-60.722,-32.892],[-60.7241,-32.8907],[-60.7242,-32.8906],[-60.7244,-32.8905],[-60.7249,-32.8902],[-60.7293,-32.8876],[-60.7297,-32.8874],[-60.7296,-32.8876],[-60.7253,-32.8901],[-60.7249,-32.8903],[-60.7245,-32.8906],[-60.722,-32.8921],[-60.7212,-32.8928],[-60.7205,-32.8932],[-60.7202,-32.8934],[-60.7196,-32.8938]],[[-61.5923,-32.0472],[-61.5926,-32.0479],[-61.5918,-32.048]],[[-61.5869,-32.0557],[-61.5877,-32.0569]],[[-61.5843,-31.8648],[-61.5855,-31.8626],[-61.5857,-31.8634],[-61.586,-31.8645],[-61.5864,-31.8665],[-61.5843,-31.8649]],[[-61.5838,-31.8552],[-61.5831,-31.8553],[-61.584,-31.8561],[-61.5835,-31.8543],[-61.5831,-31.8553]],[[-60.7303,-32.887],[-60.7304,-32.887],[-60.7314,-32.8865],[-60.7317,-32.8864]],[[-61.5543,-31.701],[-61.5545,-31.7019],[-61.5549,-31.7013],[-61.5543,-31.701],[-61.5523,-31.6924],[-61.5284,-31.5383],[-61.5281,-31.5365],[-61.5275,-31.5343],[-61.5273,-31.5333],[-61.5271,-31.5327],[-61.527,-31.5323],[-61.527,-31.5322],[-61.5261,-31.5284],[-61.5258,-31.5272],[-61.5297,-31.4784],[-61.529,-31.4751],[-61.5289,-31.475],[-61.5345,-31.4465],[-61.535,-31.4458],[-61.5376,-31.442],[-61.5382,-31.4412],[-61.5448,-31.4315],[-61.547,-31.4256],[-61.5433,-31.4124],[-61.5387,-31.3942],[-61.5382,-31.3923],[-61.5373,-31.3875],[-61.5371,-31.3865],[-61.533,-31.3691],[-61.5289,-31.3561],[-61.5282,-31.3514],[-61.528,-31.348],[-61.5213,-31.32],[-61.5208,-31.3177],[-61.5197,-31.3124],[-61.5195,-31.3116],[-61.5191,-31.3091],[-61.5187,-31.3067],[-61.5188,-31.3041],[-61.5192,-31.3026],[-61.5203,-31.3003],[-61.5267,-31.2929],[-61.5306,-31.2885],[-61.5362,-31.2816],[-61.5369,-31.2804],[-61.5351,-31.2584],[-61.5344,-31.2554],[-61.5342,-31.2546],[-61.5336,-31.252],[-61.518,-31.1881],[-61.499,-31.1758],[-61.4977,-31.1755],[-61.487,-31.1717],[-61.4853,-31.1699],[-61.4816,-31.1584],[-61.4807,-31.1544],[-61.48,-31.1513],[-61.4799,-31.151],[-61.4692,-31.1067],[-61.4646,-31.0881],[-61.4645,-31.088],[-61.46,-31.0661],[-61.4606,-31.0583],[-61.4541,-31.0291],[-61.4553,-31.0254],[-61.4556,-31.0254],[-61.466,-31.0153],[-61.473,-31.0114],[-61.4785,-31.008],[-61.4791,-31.0075],[-61.5007,-30.9905],[-61.5044,-30.9876],[-61.5123,-30.9797],[-61.5126,-30.9797],[-61.5128,-30.9793],[-61.5128,-30.9792],[-61.5135,-30.9782],[-61.5137,-30.978],[-61.5234,-30.9682],[-61.5237,-30.9679],[-61.525,-30.9665],[-61.5256,-30.9659],[-61.5285,-30.963],[-61.5286,-30.9628],[-61.5288,-30.9627],[-61.5335,-30.9579],[-61.5357,-30.955],[-61.5372,-30.9516],[-61.5373,-30.9514],[-61.5414,-30.9415],[-61.5417,-30.9411]],[[-61.4993,-31.227],[-61.4992,-31.2258]],[[-61.4994,-31.2259],[-61.4999,-31.2268]],[[-61.5275,-31.5343],[-61.5272,-31.5334],[-61.527,-31.5327],[-61.5269,-31.5323],[-61.5269,-31.5321],[-61.5259,-31.5284],[-61.5258,-31.5279],[-61.5297,-31.4792],[-61.5288,-31.4751],[-61.5287,-31.475],[-61.5344,-31.4463],[-61.535,-31.4455],[-61.5378,-31.4415],[-61.5391,-31.4395],[-61.5432,-31.4128],[-61.5384,-31.3937],[-61.5382,-31.393],[-61.5373,-31.3884],[-61.5367,-31.3856],[-61.5332,-31.3704],[-61.5289,-31.3565],[-61.528,-31.3511],[-61.528,-31.3489],[-61.5208,-31.3186],[-61.5206,-31.3178],[-61.5196,-31.3129],[-61.5192,-31.3108],[-61.5192,-31.3105],[-61.5185,-31.3068],[-61.5184,-31.3062],[-61.5169,-31.3]],[[-61.2014,-32.5758],[-61.2027,-32.5741],[-61.2133,-32.5604],[-61.2239,-32.5466],[-61.2747,-32.4802],[-61.2917,-32.4682],[-61.2965,-32.4615],[-61.2985,-32.4492],[-61.3403,-32.3946],[-61.3415,-32.3931],[-61.3433,-32.3907],[-61.3445,-32.3891],[-61.3503,-32.3841],[-61.3525,-32.3832],[-61.355,-32.3822],[-61.3541,-32.3818]],[[-61.3532,-32.3829],[-61.354,-32.3816]],[[-61.3548,-32.3824],[-61.3543,-32.3832]],[[-61.3542,-32.3835],[-61.3533,-32.3829],[-61.3559,-32.3819],[-61.3581,-32.381],[-61.3655,-32.3777],[-61.3664,-32.3771],[-61.3672,-32.3764],[-61.3729,-32.3673],[-61.3753,-32.3489],[-61.401,-32.3153],[-61.414,-32.3068],[-61.4148,-32.3063],[-61.4196,-32.2915],[-61.4775,-32.2154],[-61.496,-32.1988],[-61.4951,-32.1954],[-61.4959,-32.1912],[-61.4961,-32.191],[-61.5095,-32.1733],[-61.5096,-32.1732],[-61.5193,-32.1604],[-61.5194,-32.1603],[-61.5375,-32.1364],[-61.5489,-32.1313],[-61.5531,-32.1258],[-61.5533,-32.1203],[-61.552,-32.1181],[-61.5514,-32.1171],[-61.5511,-32.1166],[-61.5506,-32.1157],[-61.5501,-32.1149],[-61.5496,-32.1136],[-61.5851,-32.0583],[-61.5857,-32.0573],[-61.5873,-32.055],[-61.6011,-32.0337],[-61.6142,-32.0144],[-61.5946,-31.9005],[-61.5945,-31.9002],[-61.5864,-31.8665]],[[-61.3433,-32.3907],[-61.3424,-32.392],[-61.3415,-32.3931]],[[-61.5498,-32.1292],[-61.5507,-32.1289]],[[-61.5498,-32.1301],[-61.5498,-32.1293]],[[-61.5876,-32.0569],[-61.5861,-32.057]],[[-61.584,-31.8561],[-61.5855,-31.8626]],[[-61.5675,-31.794],[-61.5667,-31.7905],[-61.5675,-31.794],[-61.5696,-31.8032],[-61.5697,-31.8035],[-61.5815,-31.8459],[-61.5835,-31.8543]],[[-61.5545,-31.7019],[-61.5579,-31.7164],[-61.5667,-31.7905]],[[-60.7982,-32.8465],[-60.7983,-32.8466]],[[-60.7815,-32.8532],[-60.7823,-32.8527]],[[-61.355,-32.3822],[-61.3559,-32.3819]],[[-61.3533,-32.3829],[-61.3525,-32.3832]],[[-61.5184,-31.3062],[-61.5185,-31.3049],[-61.52,-31.3005],[-61.5276,-31.2916],[-61.5309,-31.2879],[-61.5361,-31.2815],[-61.5367,-31.2804],[-61.5349,-31.2583],[-61.5341,-31.2552],[-61.534,-31.2546],[-61.5334,-31.2516],[-61.5174,-31.1873],[-61.4991,-31.176],[-61.4977,-31.1757],[-61.491,-31.1741],[-61.4837,-31.1678],[-61.483,-31.1654],[-61.4819,-31.1602],[-61.4816,-31.1584]],[[-61.5873,-32.055],[-61.5857,-32.0573]],[[-61.4553,-31.0254],[-61.4732,-31.011],[-61.4787,-31.0077],[-61.501,-30.99],[-61.5042,-30.9875],[-61.5118,-30.9798],[-61.5121,-30.9796],[-61.5126,-30.979],[-61.5128,-30.9788],[-61.5124,-30.979],[-61.5122,-30.979],[-61.512,-30.9794],[-61.5118,-30.9798]],[[-64.1962,-27.7097],[-64.1952,-27.7123],[-64.1913,-27.7232],[-64.1911,-27.7235],[-64.1872,-27.7346],[-64.1871,-27.7348],[-64.1863,-27.7515],[-64.1866,-27.7524],[-64.1865,-27.7526],[-64.1859,-27.7529],[-64.1852,-27.7533],[-63.9335,-27.8897],[-63.9334,-27.8898],[-63.9048,-27.9054],[-63.9047,-27.9054],[-63.8617,-27.9398],[-63.8616,-27.9398],[-63.8584,-27.9416],[-63.8299,-27.9571],[-63.5406,-28.149],[-63.4727,-28.1964],[-63.2878,-28.394],[-63.1392,-28.4383],[-63.1391,-28.4383],[-63.0583,-28.4862],[-63.0574,-28.4871],[-62.9682,-28.5834],[-62.9679,-28.5835],[-62.9667,-28.5839],[-62.9656,-28.5843],[-62.9654,-28.5844],[-62.9588,-28.5903],[-62.9587,-28.5905],[-62.9453,-28.6056],[-62.9435,-28.6122],[-62.9278,-28.6298],[-62.9276,-28.6301],[-62.8843,-28.6755],[-62.8449,-28.8195],[-62.8443,-28.8224],[-62.8098,-28.9348],[-62.7015,-29.1026],[-62.6458,-29.1492],[-62.6436,-29.1548],[-62.4487,-29.3347],[-62.4274,-29.3586],[-62.2749,-29.5263],[-62.2748,-29.5264],[-62.0549,-29.7607],[-62.0544,-29.7609],[-62.0417,-29.7744],[-62.0407,-29.7782],[-61.9393,-29.8741],[-61.9377,-29.8756],[-61.938,-29.8758],[-61.9393,-29.8741]],[[-64.4847,-27.1773],[-64.4814,-27.1742],[-64.4824,-27.1752],[-64.4829,-27.1757],[-64.4838,-27.1765],[-64.4847,-27.1773],[-64.4876,-27.193],[-64.4313,-27.2576],[-64.339,-27.337],[-64.3361,-27.3426],[-64.2763,-27.4585],[-64.2872,-27.6406],[-64.287,-27.6407],[-64.2591,-27.6602],[-64.2589,-27.6603],[-64.2229,-27.6853],[-64.2221,-27.6859],[-64.2182,-27.6886],[-64.2003,-27.7014],[-64.2001,-27.7016],[-64.1971,-27.707],[-64.1966,-27.7085]],[[-64.2257,-27.6885],[-64.2257,-27.6886],[-64.2256,-27.6887],[-64.2257,-27.6897]],[[-61.938,-29.8758],[-61.938,-29.8759],[-61.9377,-29.8762],[-61.9361,-29.8776],[-61.9374,-29.876],[-61.9377,-29.8762]],[[-61.9374,-29.876],[-61.9374,-29.8759],[-61.9376,-29.8756],[-61.9377,-29.8756]],[[-64.1852,-27.7533],[-64.186,-27.7528],[-64.1864,-27.752],[-64.1866,-27.7524]],[[-61.542,-30.9406],[-61.5419,-30.94],[-61.5464,-30.9308],[-61.5467,-30.93],[-61.5476,-30.928],[-61.554,-30.9136],[-61.5828,-30.8442],[-61.5832,-30.8436],[-61.6216,-30.7577],[-61.6216,-30.7575],[-61.6197,-30.7087],[-61.6289,-30.6061],[-61.6289,-30.606],[-61.6454,-30.4116],[-61.6454,-30.4115],[-61.675,-30.3509],[-61.6751,-30.3508],[-61.7193,-30.2577],[-61.7193,-30.2576],[-61.7277,-30.2279],[-61.729,-30.2263],[-61.7306,-30.2247],[-61.8311,-30.0031],[-61.8321,-29.9991],[-61.8311,-30.0031]],[[-61.5414,-30.9405],[-61.5418,-30.94],[-61.5444,-30.9344],[-61.545,-30.9333],[-61.5464,-30.9308]],[[-61.5128,-30.9788],[-61.513,-30.9786],[-61.5136,-30.9779],[-61.5233,-30.9681],[-61.5236,-30.9678],[-61.5244,-30.9669],[-61.5249,-30.9664],[-61.525,-30.9664],[-61.5371,-30.9516],[-61.5372,-30.9513],[-61.5413,-30.9415],[-61.5413,-30.9409]],[[-64.9483,-25.7853],[-64.9489,-25.7851],[-64.9486,-25.7845],[-64.9479,-25.7831],[-64.9483,-25.7841],[-64.9486,-25.7847],[-64.9483,-25.7853],[-64.9478,-25.7855],[-64.9458,-25.7862],[-64.9264,-25.7969],[-64.9257,-25.7978],[-64.9007,-25.8231],[-64.8993,-25.8236],[-64.8987,-25.8239],[-64.8984,-25.824],[-64.8979,-25.8242],[-64.8963,-25.825],[-64.8123,-25.8618],[-64.8119,-25.8619],[-64.7751,-25.8788],[-64.7422,-25.926],[-64.6856,-25.9533],[-64.6646,-26.0005],[-64.662,-26.0029],[-64.6415,-26.0371],[-64.6414,-26.0373],[-64.5127,-26.2185],[-64.5122,-26.2191],[-64.4975,-26.2399],[-64.4964,-26.3886],[-64.4968,-26.3996],[-64.4969,-26.4015],[-64.4813,-26.6135],[-64.4813,-26.6136],[-64.461,-26.6998],[-64.461,-26.6999],[-64.4592,-26.7095],[-64.4592,-26.7096],[-64.4592,-26.7176],[-64.4592,-26.7177],[-64.4591,-26.7221],[-64.4591,-26.7222],[-64.4591,-26.7247],[-64.4591,-26.7248],[-64.4591,-26.7271],[-64.4591,-26.7272],[-64.4591,-26.7275],[-64.4591,-26.7277],[-64.459,-26.7447],[-64.459,-26.7448],[-64.459,-26.751],[-64.459,-26.7511],[-64.459,-26.7575],[-64.459,-26.7576],[-64.459,-26.7606],[-64.459,-26.7608],[-64.459,-26.766],[-64.459,-26.7661],[-64.4589,-26.7699],[-64.4589,-26.7701],[-64.4589,-26.7772],[-64.4589,-26.7773],[-64.4585,-26.8692],[-64.4585,-26.8693],[-64.4583,-26.9074],[-64.4583,-26.9075],[-64.4583,-26.9089],[-64.4583,-26.909],[-64.4584,-26.9142],[-64.4584,-26.9143],[-64.4643,-27.125],[-64.4646,-27.1268],[-64.4808,-27.1736],[-64.4814,-27.1742]],[[-64.1952,-27.7123],[-64.1957,-27.7095]],[[-64.1961,-27.709],[-64.1971,-27.707],[-64.1965,-27.7092]],[[-64.1864,-27.752],[-64.1863,-27.7515]],[[-61.8321,-29.9991],[-61.8371,-29.9933],[-61.8864,-29.9461],[-61.8865,-29.946],[-61.9297,-29.8932],[-61.9361,-29.8776]],[[-61.7277,-30.2279],[-61.7289,-30.2262],[-61.7306,-30.2247]],[[-64.4851,-26.5844],[-64.4849,-26.5858],[-64.4847,-26.5873],[-64.4846,-26.5886]],[[-61.5135,-30.9782],[-61.513,-30.9786]],[[-65.03,-24.7401],[-65.0291,-24.7399],[-65.0289,-24.7386],[-65.0297,-24.7382],[-65.03,-24.7384],[-65.0303,-24.7398],[-65.03,-24.7401],[-65.0295,-24.7418],[-65.0302,-24.7955],[-65.0285,-24.7969],[-65.0282,-24.7972],[-65.0021,-24.889],[-64.9806,-24.8983],[-65.0162,-25.1302],[-65.0161,-25.1314],[-65.0157,-25.134],[-64.976,-25.1722],[-64.9759,-25.1723],[-64.9369,-25.2164],[-64.9368,-25.2165],[-64.92,-25.2324],[-64.9198,-25.2327],[-64.9217,-25.2593],[-64.9217,-25.2597],[-64.9359,-25.3347],[-64.9358,-25.3353],[-64.9337,-25.3533],[-64.9475,-25.4085],[-64.9473,-25.409],[-64.9753,-25.4756],[-64.976,-25.4771],[-64.9773,-25.483],[-64.9779,-25.4856],[-64.9817,-25.5035],[-64.9795,-25.493],[-64.9779,-25.4856]],[[-63.6837,-22.0529],[-63.684,-22.0532],[-63.6841,-22.0533],[-63.6842,-22.0534],[-63.6842,-22.0536],[-63.6843,-22.0537],[-63.6845,-22.0539],[-63.6847,-22.054],[-63.685,-22.054],[-63.6844,-22.051],[-63.6843,-22.0502],[-63.685,-22.05],[-63.6857,-22.0521],[-63.6862,-22.0538],[-63.6861,-22.0539],[-63.685,-22.054],[-63.6848,-22.0539],[-63.6848,-22.0538],[-63.685,-22.0537]],[[-63.6862,-22.0538],[-63.688,-22.0594],[-63.6879,-22.0595],[-63.6881,-22.0599],[-63.6881,-22.0607],[-63.6908,-22.0751],[-63.7088,-22.1104],[-63.7085,-22.1119],[-63.7079,-22.113],[-63.7072,-22.1158],[-63.7088,-22.1318],[-63.7119,-22.1496],[-63.7122,-22.1522],[-63.7122,-22.1524],[-63.7124,-22.155],[-63.7125,-22.1558],[-63.7126,-22.1576],[-63.7161,-22.1816],[-63.7172,-22.187],[-63.7178,-22.2048],[-63.7177,-22.2052],[-63.7165,-22.2135],[-63.7164,-22.2137],[-63.7398,-22.3026],[-63.7398,-22.3029],[-63.7449,-22.3149],[-63.7451,-22.3151],[-63.7681,-22.351],[-63.7681,-22.3512],[-63.772,-22.3707],[-63.7721,-22.3713],[-63.7775,-22.4003],[-63.7776,-22.4005],[-63.7821,-22.4291],[-63.7822,-22.4294],[-63.785,-22.4471],[-63.785,-22.4472],[-63.7856,-22.451],[-63.7857,-22.4511],[-63.7888,-22.4703],[-63.7889,-22.4707],[-63.7934,-22.4936],[-63.7942,-22.501],[-63.7942,-22.5012],[-63.7939,-22.5052],[-63.7938,-22.5062],[-63.7937,-22.5074],[-63.7935,-22.5098],[-63.7931,-22.5143],[-63.793,-22.5154],[-63.7928,-22.5167],[-63.7928,-22.5195],[-63.7928,-22.5196],[-63.7928,-22.52],[-63.7931,-22.5226],[-63.7931,-22.5227],[-63.7933,-22.5253],[-63.7934,-22.5266],[-63.794,-22.5325],[-63.8026,-22.538],[-63.8036,-22.5403],[-63.8028,-22.5608],[-63.8028,-22.561],[-63.8028,-22.5615],[-63.8028,-22.5616],[-63.8026,-22.5901],[-63.8026,-22.5902],[-63.8029,-22.5926],[-63.8137,-22.6742],[-63.8137,-22.6744],[-63.8172,-22.7366],[-63.8262,-22.8761],[-63.8518,-22.9358],[-63.854,-22.941],[-63.8806,-23.001],[-63.9098,-23.0197],[-63.91,-23.0199],[-63.9157,-23.0259],[-63.9172,-23.0275],[-64.0295,-23.1227],[-64.0297,-23.1229],[-64.0451,-23.1414],[-64.0452,-23.1416],[-64.0811,-23.1895],[-64.0969,-23.2038],[-64.101,-23.2074],[-64.1377,-23.2479],[-64.1386,-23.251],[-64.147,-23.273],[-64.2144,-23.3075],[-64.215,-23.3075]],[[-64.8751,-24.2266],[-64.8758,-24.2272],[-64.8751,-24.2266],[-64.8671,-24.2158],[-64.8668,-24.2155],[-64.8621,-24.2136],[-64.8618,-24.2135],[-64.8592,-24.2128],[-64.8569,-24.2121],[-64.8572,-24.2115],[-64.8592,-24.2128]],[[-64.9817,-25.5035],[-64.9768,-25.5188],[-64.9765,-25.5195],[-64.9763,-25.5201],[-64.9759,-25.522],[-64.9748,-25.5257],[-64.9743,-25.5271],[-64.9741,-25.5276],[-64.9688,-25.5844],[-64.9688,-25.5849],[-64.9465,-25.6447],[-64.9464,-25.645],[-64.9437,-25.7157],[-64.9438,-25.7252],[-64.9438,-25.7255],[-64.9448,-25.7485],[-64.9448,-25.7504],[-64.9448,-25.7508],[-64.9448,-25.7541],[-64.9448,-25.7561],[-64.9449,-25.7672],[-64.9449,-25.7686],[-64.9454,-25.7775],[-64.9456,-25.778],[-64.9469,-25.7809],[-64.9479,-25.7831]],[[-64.8991,-24.269],[-64.8991,-24.2694],[-64.8992,-24.2703],[-64.8983,-24.2671],[-64.8984,-24.2664],[-64.8986,-24.2641],[-64.8994,-24.259],[-64.8995,-24.2587],[-64.8758,-24.2272]],[[-65.0297,-24.7382],[-65.0285,-24.7357],[-65.0285,-24.7338],[-65.0287,-24.7311],[-65.0289,-24.7284],[-65.0293,-24.7255],[-65.0293,-24.7254],[-65.0482,-24.6799],[-65.0524,-24.6697],[-65.0525,-24.6675],[-65.0523,-24.6621],[-65.0536,-24.6565],[-65.0799,-24.5954],[-65.0797,-24.5944],[-65.0789,-24.5682],[-65.079,-24.5627],[-65.079,-24.5615],[-65.079,-24.5608],[-65.0789,-24.5527],[-65.0804,-24.5326],[-65.0743,-24.5255],[-65.0733,-24.525],[-65.0718,-24.5243],[-65.0712,-24.5241],[-65.0703,-24.5237],[-65.0531,-24.501],[-65.0519,-24.4996],[-65.0514,-24.4988],[-65.0509,-24.4979],[-65.0449,-24.4885],[-65.0395,-24.4721],[-65.0386,-24.4727],[-65.036,-24.4746],[-65.029,-24.4642],[-65.0105,-24.436],[-65.0084,-24.4322],[-64.9784,-24.3787],[-64.9777,-24.378],[-64.9745,-24.3709],[-64.9728,-24.3687],[-64.9566,-24.3482],[-64.9564,-24.3481],[-64.9254,-24.3217],[-64.8992,-24.2703]],[[-64.8552,-24.2092],[-64.8562,-24.2115],[-64.8569,-24.2111],[-64.8552,-24.2092],[-64.8373,-24.1408],[-64.8338,-24.1184],[-64.8338,-24.1181],[-64.8236,-24.1022],[-64.8209,-24.0943],[-64.8206,-24.0938],[-64.8189,-24.0902],[-64.8188,-24.0899],[-64.8159,-24.0856],[-64.8155,-24.0848],[-64.7932,-24.0141],[-64.7997,-23.9486],[-64.8024,-23.9332],[-64.8074,-23.9107],[-64.8096,-23.9069],[-64.8242,-23.8843],[-64.8001,-23.826],[-64.79,-23.8027],[-64.7883,-23.7987],[-64.7869,-23.7951],[-64.7854,-23.7917],[-64.7853,-23.7913],[-64.7837,-23.7883],[-64.7834,-23.7876],[-64.7725,-23.7681],[-64.682,-23.7538],[-64.6813,-23.7534],[-64.6672,-23.7481],[-64.6665,-23.7478],[-64.5896,-23.7146],[-64.5713,-23.6869],[-64.5712,-23.6866],[-64.562,-23.6717],[-64.5615,-23.671],[-64.5397,-23.6439],[-64.5396,-23.6437],[-64.5068,-23.5817],[-64.5059,-23.5803],[-64.4952,-23.5737],[-64.4942,-23.5738],[-64.4304,-23.5356],[-64.3949,-23.5029],[-64.3947,-23.5023],[-64.3552,-23.4327],[-64.3541,-23.432],[-64.3537,-23.4316],[-64.3528,-23.4305],[-64.2294,-23.3148],[-64.2293,-23.3148],[-64.2284,-23.3139],[-64.2272,-23.3128],[-64.2274,-23.3126],[-64.227,-23.3123],[-64.2268,-23.3125],[-64.2261,-23.3117],[-64.227,-23.3123]],[[-64.8983,-24.2671],[-64.8992,-24.2685],[-64.8995,-24.2688]],[[-65.0289,-24.7386],[-65.0287,-24.7373],[-65.0285,-24.7357]],[[-64.2261,-23.3117],[-64.2193,-23.3087],[-64.2179,-23.3084],[-64.2164,-23.308],[-64.2156,-23.3079]],[[-65.03,-24.7233],[-65.0296,-24.7254],[-65.0296,-24.7255],[-65.029,-24.7311],[-65.0288,-24.7338],[-65.0286,-24.7364]],[[-65.0295,-24.7418],[-65.0291,-24.7399]],[[-65.0786,-24.552],[-65.0796,-24.5446]],[[-65.0789,-24.5682],[-65.0788,-24.5627],[-65.0788,-24.5617],[-65.0788,-24.5614],[-65.079,-24.5606],[-65.0789,-24.5527]],[[-65.0105,-24.436],[-65.0099,-24.4349],[-65.0084,-24.4322]],[[-65.0705,-24.524],[-65.0544,-24.5034]],[[-64.9489,-25.7851],[-64.9484,-25.7853],[-64.9478,-25.7855]],[[-64.9007,-25.8231],[-64.9,-25.8234],[-64.899,-25.8239],[-64.8973,-25.8246],[-64.8963,-25.825]],[[-64.8001,-23.826],[-64.79,-23.8027]],[[-64.7837,-23.7883],[-64.7853,-23.7913]],[[-63.8518,-22.9358],[-63.854,-22.941]],[[-63.8531,-22.9391],[-63.8528,-22.9382],[-63.8524,-22.9373]],[[-63.8524,-22.9372],[-63.853,-22.9381]],[[-63.853,-22.9382],[-63.8533,-22.9393]],[[-63.8036,-22.5403],[-63.8026,-22.538]],[[-64.8569,-24.2121],[-64.8563,-24.2118],[-64.8562,-24.2115]],[[-64.8569,-24.2111],[-64.8572,-24.2115]],[[-64.215,-23.3078],[-64.2144,-23.3075]],[[-64.2157,-23.3076],[-64.2164,-23.308]],[[-64.3528,-23.4305],[-64.354,-23.4314],[-64.3543,-23.4318],[-64.3552,-23.4327]],[[-64.2272,-23.3128],[-64.2268,-23.3125]],[[-64.2274,-23.3126],[-64.2284,-23.3139]],[[-64.3543,-23.4318],[-64.3541,-23.432]],[[-64.3537,-23.4316],[-64.354,-23.4314]],[[-64.9728,-24.3687],[-64.974,-24.37],[-64.9765,-24.3748],[-64.9784,-24.3787]],[[-65.0386,-24.4727],[-65.0395,-24.4721]],[[-65.0514,-24.4988],[-65.052,-24.4995],[-65.0531,-24.501]],[[-65.079,-24.5606],[-65.079,-24.5608],[-65.0788,-24.5612],[-65.0788,-24.5614]],[[-63.6856,-22.0521],[-63.6849,-22.05]],[[-63.688,-22.0594],[-63.6881,-22.0599]],[[-63.6879,-22.0595],[-63.6861,-22.0539]],[[-63.6842,-22.0534],[-63.6845,-22.0536],[-63.6846,-22.0537],[-63.6848,-22.0539]],[[-65.0726,-24.5249],[-65.072,-24.5246]],[[-64.8992,-24.2688],[-64.8992,-24.2685]],[[-64.8994,-24.2692],[-64.8991,-24.2694]]]}},{"type":"Feature","properties":{"ref":"RN 35"},"geometry":{"type":"MultiLineString","coordinates":[[[-62.3268,-38.6971],[-62.3278,-38.6961],[-62.3294,-38.6948],[-62.3349,-38.6906],[-62.3396,-38.687],[-62.3405,-38.6863],[-62.3424,-38.6848],[-62.391,-38.6476],[-62.4886,-38.5946],[-62.646,-38.4976],[-62.6461,-38.4973],[-62.7472,-38.4261],[-62.8432,-38.3944],[-62.8437,-38.3941],[-62.9745,-38.3016],[-62.981,-38.2969],[-62.9819,-38.2963],[-63.2051,-38.1385],[-63.2064,-38.138],[-63.2069,-38.1378],[-63.2088,-38.1371],[-63.3819,-38.0779],[-63.3855,-38.0765],[-63.3882,-38.075],[-63.3924,-38.0728],[-63.4027,-38.0672],[-63.4029,-38.0671],[-63.4075,-38.0646],[-63.4278,-38.0542],[-63.431,-38.0524],[-63.5908,-37.9681],[-63.5942,-37.966],[-63.6127,-37.9547],[-63.6166,-37.9523],[-63.738,-37.8863],[-63.7437,-37.8836],[-63.8376,-37.8395],[-63.8423,-37.8373],[-63.8424,-37.8372],[-64.0353,-37.7459],[-64.128,-37.6677],[-64.1334,-37.6612],[-64.1364,-37.6577],[-64.2893,-37.523],[-64.2911,-37.5192],[-64.2907,-37.4913],[-64.2907,-37.4902],[-64.2907,-37.4891],[-64.2894,-37.3844],[-64.2894,-37.3833],[-64.2894,-37.3826],[-64.2894,-37.3821],[-64.2894,-37.382],[-64.2894,-37.3813],[-64.2894,-37.3805],[-64.2894,-37.3794],[-64.2883,-37.3215],[-64.2883,-37.318],[-64.288,-37.3086],[-64.288,-37.3078],[-64.2879,-37.3056],[-64.2879,-37.3032],[-64.2868,-37.2617],[-64.2871,-37.2431],[-64.2868,-37.2195],[-64.286,-37.1231],[-64.286,-37.1215],[-64.286,-37.121],[-64.2859,-37.1209],[-64.2859,-37.1202],[-64.2859,-37.1201],[-64.2859,-37.1196],[-64.2859,-37.1193],[-64.2859,-37.1187],[-64.2859,-37.1163],[-64.2863,-37.0394],[-64.2888,-37.0326],[-64.2888,-37.0321],[-64.2888,-37.0307],[-64.2888,-37.0238],[-64.2888,-37.0224],[-64.2837,-36.929],[-64.2836,-36.9244],[-64.2836,-36.9242],[-64.2837,-36.9153],[-64.2829,-36.8096],[-64.2829,-36.8059],[-64.2829,-36.8053],[-64.2829,-36.8052],[-64.2829,-36.8046],[-64.2828,-36.8017],[-64.283,-36.7233],[-64.283,-36.7201],[-64.283,-36.7192],[-64.283,-36.7186],[-64.283,-36.7166],[-64.283,-36.7156],[-64.283,-36.7143],[-64.283,-36.713],[-64.283,-36.7124],[-64.2831,-36.7034],[-64.2831,-36.6996],[-64.2831,-36.6987],[-64.283,-36.6953],[-64.283,-36.6943],[-64.283,-36.6869],[-64.2828,-36.6718],[-64.2827,-36.6711],[-64.2826,-36.6663],[-64.2825,-36.6554],[-64.2824,-36.649],[-64.2824,-36.6487],[-64.2826,-36.6476],[-64.2827,-36.6475],[-64.2826,-36.6476],[-64.282,-36.6475],[-64.2821,-36.6468],[-64.2826,-36.6468],[-64.2828,-36.6473],[-64.2827,-36.6475]],[[-62.3266,-38.6969],[-62.3278,-38.6961]],[[-64.2808,-36.6003],[-64.2811,-36.5992],[-64.2811,-36.5976],[-64.2811,-36.5921],[-64.2811,-36.5916],[-64.281,-36.5905],[-64.281,-36.5884],[-64.281,-36.581],[-64.281,-36.5719],[-64.281,-36.5711],[-64.281,-36.5702],[-64.281,-36.5689],[-64.2809,-36.5584],[-64.2809,-36.5577],[-64.2782,-36.2251],[-64.2783,-36.2241],[-64.2783,-36.2236],[-64.2783,-36.2227],[-64.2782,-36.2241],[-64.2782,-36.2245],[-64.2782,-36.2251]],[[-64.2824,-36.6487],[-64.282,-36.6475],[-64.2815,-36.647],[-64.2812,-36.6469],[-64.2791,-36.6454],[-64.2773,-36.6441],[-64.2769,-36.6438],[-64.2768,-36.6437],[-64.2729,-36.6397],[-64.2722,-36.6368],[-64.2722,-36.6331],[-64.2721,-36.6294],[-64.272,-36.6256],[-64.272,-36.6253],[-64.2709,-36.6221],[-64.2705,-36.6212],[-64.2702,-36.6202],[-64.2702,-36.6201],[-64.2701,-36.6192],[-64.27,-36.6167],[-64.27,-36.6146],[-64.2699,-36.6106],[-64.2699,-36.6074],[-64.2717,-36.6035],[-64.2771,-36.6015],[-64.2796,-36.601],[-64.2808,-36.6004]],[[-64.2811,-36.5992],[-64.2815,-36.6003]],[[-64.2809,-36.6012],[-64.2794,-36.6011],[-64.2772,-36.6016],[-64.2718,-36.6035],[-64.2699,-36.6074],[-64.27,-36.6106],[-64.2701,-36.6146],[-64.2701,-36.6167],[-64.2703,-36.6201],[-64.2703,-36.6202],[-64.2708,-36.6218],[-64.2717,-36.6239],[-64.2721,-36.6256],[-64.2721,-36.6294],[-64.2721,-36.6331],[-64.2721,-36.6368],[-64.2728,-36.6397],[-64.2766,-36.6436],[-64.2769,-36.6438],[-64.2773,-36.644],[-64.2792,-36.6453],[-64.281,-36.6466],[-64.2821,-36.6468]],[[-64.2736,-35.9109],[-64.2737,-35.9093],[-64.2737,-35.9087],[-64.2737,-35.9086],[-64.2739,-35.9056],[-64.2738,-35.9083],[-64.2738,-35.9086],[-64.2738,-35.9087],[-64.2738,-35.9091],[-64.2736,-35.9109],[-64.2736,-35.9121],[-64.2735,-35.9128],[-64.2735,-35.9133],[-64.2754,-36.0683],[-64.2755,-36.079],[-64.278,-36.1751],[-64.2783,-36.2227]],[[-64.397,-33.93],[-64.398,-33.9292],[-64.3985,-33.9286],[-64.4097,-33.913],[-64.4343,-33.837],[-64.4171,-33.5954],[-64.4172,-33.5909],[-64.4195,-33.5531],[-64.4194,-33.5524],[-64.419,-33.4932],[-64.4191,-33.4884],[-64.4191,-33.4868],[-64.4191,-33.486],[-64.4192,-33.4842],[-64.4191,-33.4884]],[[-64.3974,-33.9308],[-64.3965,-33.9314],[-64.3967,-33.9306]],[[-64.4192,-33.4842],[-64.4195,-33.4702],[-64.4195,-33.4699],[-64.4215,-33.263],[-64.4215,-33.2617],[-64.4402,-33.2117],[-64.4407,-33.2114],[-64.4403,-33.2113],[-64.4402,-33.2117]],[[-64.2685,-35.6755],[-64.2683,-35.6741],[-64.2687,-35.6597],[-64.2669,-35.4885],[-64.266,-35.4061],[-64.2659,-35.3918],[-64.2658,-35.3901],[-64.2658,-35.389],[-64.2658,-35.3871],[-64.2658,-35.3855],[-64.2658,-35.385],[-64.2658,-35.383],[-64.2656,-35.3615],[-64.2653,-35.3164],[-64.2648,-35.0901],[-64.2646,-35.0566],[-64.2646,-35.0559],[-64.2646,-35.0552],[-64.2646,-35.0547],[-64.2648,-35.054]],[[-64.2685,-35.6762],[-64.2681,-35.6783],[-64.2677,-35.6762]],[[-64.2678,-35.6755],[-64.2683,-35.6741]],[[-64.2643,-35.0535],[-64.2646,-35.0529],[-64.2649,-35.0535]],[[-64.2646,-35.0547],[-64.2644,-35.054]],[[-64.2646,-35.0529],[-64.2646,-35.0521],[-64.2646,-35.045],[-64.2646,-35.0398],[-64.2646,-35.0374],[-64.2645,-35.0361],[-64.2646,-35.0351],[-64.2646,-35.0344],[-64.2646,-35.0334],[-64.2646,-35.0321],[-64.2646,-35.0301],[-64.2646,-35.0281],[-64.2683,-35.0211],[-64.2702,-35.019],[-64.2712,-35.0179],[-64.2728,-35.0161],[-64.2737,-35.0151],[-64.2751,-35.0136],[-64.2773,-35.0111],[-64.3534,-34.8402],[-64.3541,-34.8384],[-64.3534,-34.8402]],[[-64.2739,-35.9056],[-64.274,-35.904],[-64.2741,-35.9009],[-64.2698,-35.7735],[-64.2681,-35.6783]],[[-64.398,-33.9292],[-64.3979,-33.9302]],[[-64.3617,-34.823],[-64.3588,-34.8287],[-64.3602,-34.8259],[-64.3617,-34.823],[-64.3709,-34.8053],[-64.372,-34.8022],[-64.372,-34.8018],[-64.374,-34.7113],[-64.374,-34.708],[-64.3747,-34.6772],[-64.3748,-34.6694],[-64.3798,-34.4258],[-64.3799,-34.4228],[-64.3798,-34.4222],[-64.3798,-34.422],[-64.3799,-34.4219],[-64.3857,-34.2165],[-64.3857,-34.2161],[-64.3856,-34.2158],[-64.373,-34.0383],[-64.3962,-33.9317],[-64.3965,-33.9314]],[[-64.3541,-34.8384],[-64.3542,-34.8381],[-64.3578,-34.8308],[-64.3588,-34.8287]],[[-64.3709,-34.8053],[-64.3715,-34.8037],[-64.372,-34.8018]],[[-64.4172,-33.5909],[-64.4172,-33.5929],[-64.4172,-33.593],[-64.4171,-33.5954]],[[-64.3798,-34.4258],[-64.3798,-34.4225],[-64.3798,-34.4222]],[[-64.4403,-33.2113],[-64.4403,-33.211],[-64.4406,-33.2108],[-64.4409,-33.2109],[-64.4409,-33.2113],[-64.4407,-33.2114]]]}},{"type":"Feature","properties":{"ref":"RN 36"},"geometry":{"type":"MultiLineString","coordinates":[[[-64.1935,-31.4331],[-64.1938,-31.4335],[-64.196,-31.4383],[-64.1971,-31.4419],[-64.1974,-31.4429],[-64.1977,-31.4437],[-64.1978,-31.4441],[-64.1981,-31.4448],[-64.1982,-31.4451],[-64.1989,-31.4473],[-64.1992,-31.4482],[-64.1995,-31.4493],[-64.2001,-31.4508],[-64.2005,-31.4505],[-64.1996,-31.4493],[-64.1993,-31.4482],[-64.199,-31.4472],[-64.1982,-31.4448],[-64.1979,-31.4441],[-64.1978,-31.4437],[-64.1975,-31.4429],[-64.1972,-31.4419],[-64.1972,-31.4418],[-64.1961,-31.4383],[-64.1952,-31.4356],[-64.1946,-31.4335],[-64.1945,-31.4326],[-64.1942,-31.4325],[-64.1938,-31.4326],[-64.1935,-31.4331],[-64.1928,-31.4324],[-64.1853,-31.429],[-64.1855,-31.4287],[-64.1902,-31.431],[-64.1922,-31.4319],[-64.1929,-31.4323],[-64.1938,-31.4326]],[[-64.2031,-31.4665],[-64.2028,-31.4657],[-64.2021,-31.4634],[-64.2024,-31.4633],[-64.2024,-31.4635],[-64.2029,-31.4656],[-64.2032,-31.4665],[-64.2039,-31.4693],[-64.2045,-31.4714],[-64.2025,-31.4753],[-64.2026,-31.4761],[-64.2029,-31.4802],[-64.203,-31.4806],[-64.203,-31.4807],[-64.2036,-31.4826],[-64.204,-31.4837],[-64.2048,-31.4859],[-64.2049,-31.486],[-64.2049,-31.4861],[-64.2056,-31.4876],[-64.2072,-31.4898],[-64.2074,-31.49],[-64.2093,-31.4926],[-64.2134,-31.4981],[-64.2141,-31.4991],[-64.2144,-31.4995],[-64.2147,-31.4999],[-64.2164,-31.502],[-64.226,-31.5156],[-64.2262,-31.5158],[-64.2264,-31.5161],[-64.2273,-31.5175],[-64.228,-31.5184],[-64.2283,-31.5188],[-64.2286,-31.5192],[-64.2288,-31.5195],[-64.2289,-31.5197],[-64.2298,-31.5208],[-64.2329,-31.525],[-64.2435,-31.5448],[-64.2441,-31.5456],[-64.2444,-31.5461],[-64.2446,-31.5466],[-64.2449,-31.5471],[-64.2501,-31.5599],[-64.2506,-31.5611],[-64.2513,-31.5629],[-64.2516,-31.5639],[-64.2518,-31.5645],[-64.252,-31.5653],[-64.26,-31.59],[-64.2606,-31.5913],[-64.261,-31.592],[-64.2611,-31.5923],[-64.2612,-31.5927],[-64.2617,-31.594],[-64.2662,-31.6045],[-64.2731,-31.615],[-64.2746,-31.6168],[-64.2751,-31.6176],[-64.2755,-31.6182],[-64.276,-31.6187],[-64.2777,-31.6205],[-64.2779,-31.6207],[-64.2894,-31.628],[-64.3108,-31.6464],[-64.311,-31.6466],[-64.3113,-31.647],[-64.3117,-31.6475],[-64.3132,-31.6494],[-64.3148,-31.6513],[-64.315,-31.6516],[-64.3158,-31.6525],[-64.3159,-31.6528],[-64.3157,-31.6526],[-64.3149,-31.6516],[-64.3147,-31.6514],[-64.3131,-31.6495],[-64.3113,-31.6473],[-64.3108,-31.6467],[-64.3106,-31.6464],[-64.2778,-31.6209],[-64.2774,-31.6206],[-64.2755,-31.6191],[-64.275,-31.6184],[-64.2746,-31.6179],[-64.2741,-31.6171],[-64.2619,-31.5949],[-64.2615,-31.594],[-64.2608,-31.5925],[-64.2601,-31.591],[-64.2519,-31.567],[-64.2515,-31.5654],[-64.2512,-31.5647],[-64.2511,-31.5644],[-64.251,-31.564],[-64.2507,-31.563],[-64.2467,-31.5517],[-64.2451,-31.5485],[-64.2445,-31.5473],[-64.2442,-31.5468],[-64.2439,-31.5463],[-64.2437,-31.5458],[-64.2349,-31.5283],[-64.2314,-31.5232],[-64.2305,-31.5219],[-64.2297,-31.5208],[-64.229,-31.5199],[-64.2288,-31.5197],[-64.2282,-31.5188],[-64.2269,-31.5172],[-64.226,-31.5164],[-64.2259,-31.5162],[-64.2257,-31.5159],[-64.2256,-31.5157],[-64.2253,-31.5151],[-64.2166,-31.5023],[-64.215,-31.5008],[-64.2143,-31.5001],[-64.214,-31.4998],[-64.2139,-31.4996],[-64.2137,-31.4993],[-64.2073,-31.49],[-64.2071,-31.4898],[-64.2048,-31.4861],[-64.2048,-31.486],[-64.2047,-31.4859],[-64.2039,-31.4837],[-64.2029,-31.4807],[-64.2029,-31.4806],[-64.2025,-31.4751],[-64.2044,-31.4714],[-64.2038,-31.4693],[-64.2031,-31.4665]],[[-64.2021,-31.4634],[-64.202,-31.4632],[-64.2021,-31.4631],[-64.2021,-31.4628],[-64.2018,-31.4617],[-64.2006,-31.4571],[-64.2007,-31.4531],[-64.2007,-31.453],[-64.2005,-31.4522],[-64.2005,-31.4521],[-64.2001,-31.4509],[-64.2001,-31.4508]],[[-64.3411,-33.0802],[-64.3403,-33.0802],[-64.3406,-33.0795],[-64.3406,-33.0658],[-64.3406,-33.0648],[-64.3406,-33.0641],[-64.3403,-33.024],[-64.3403,-33.0221],[-64.3404,-32.9913],[-64.3405,-32.9906],[-64.3407,-32.9898],[-64.3416,-32.9878],[-64.345,-32.9837],[-64.3663,-32.9078],[-64.3664,-32.9076],[-64.3701,-32.8778],[-64.3687,-32.8756],[-64.3668,-32.8723],[-64.3664,-32.8717],[-64.3322,-32.7961],[-64.3214,-32.7605],[-64.3207,-32.7581],[-64.319,-32.7383],[-64.3189,-32.7378],[-64.32,-32.7213],[-64.3429,-32.7138],[-64.3492,-32.7052],[-64.3492,-32.7045],[-64.3513,-32.6978],[-64.3621,-32.6581],[-64.3657,-32.6496],[-64.3836,-32.5931],[-64.3875,-32.5893],[-64.39,-32.5881],[-64.3977,-32.5831],[-64.4053,-32.5652],[-64.4054,-32.5646],[-64.406,-32.563],[-64.3982,-32.5471],[-64.3975,-32.5458],[-64.3974,-32.5453],[-64.407,-32.4495],[-64.4076,-32.4493],[-64.3955,-32.4892],[-64.3989,-32.5469],[-64.4067,-32.5632],[-64.3979,-32.5833],[-64.39,-32.5882],[-64.3874,-32.5894],[-64.3838,-32.5931],[-64.3658,-32.6496],[-64.3514,-32.6979],[-64.3494,-32.7045],[-64.3495,-32.7052],[-64.3453,-32.7134],[-64.344,-32.7141],[-64.3435,-32.7143],[-64.3208,-32.7209],[-64.3192,-32.7378],[-64.3194,-32.7384],[-64.3215,-32.758],[-64.3327,-32.7957],[-64.3338,-32.7965],[-64.3342,-32.797],[-64.3667,-32.8716],[-64.3671,-32.8722],[-64.3694,-32.8753],[-64.3699,-32.8758],[-64.371,-32.8776],[-64.3717,-32.8822],[-64.3667,-32.9078],[-64.3666,-32.908],[-64.3664,-32.909],[-64.3539,-32.972],[-64.3455,-32.9837],[-64.3421,-32.9881],[-64.3418,-32.9886],[-64.3414,-32.9898],[-64.341,-32.9914],[-64.3408,-33.0117],[-64.3408,-33.0127],[-64.3408,-33.0141],[-64.3408,-33.0153],[-64.3408,-33.0221],[-64.3408,-33.0229],[-64.3409,-33.0239],[-64.341,-33.064],[-64.341,-33.0648],[-64.341,-33.0652],[-64.341,-33.0795],[-64.3411,-33.0802],[-64.3404,-33.0807],[-64.3376,-33.0823],[-64.3402,-33.0803],[-64.3404,-33.0807]],[[-64.3234,-33.093],[-64.3236,-33.0932],[-64.324,-33.0927],[-64.3246,-33.0922],[-64.3234,-33.093],[-64.3232,-33.0932],[-64.3226,-33.0938],[-64.3233,-33.0934],[-64.3232,-33.0932]],[[-64.2001,-31.4509],[-64.2006,-31.4509],[-64.2006,-31.4521],[-64.2006,-31.4522],[-64.2008,-31.453],[-64.2008,-31.4531],[-64.2022,-31.4628],[-64.2023,-31.463],[-64.2024,-31.4631],[-64.2025,-31.4632],[-64.2024,-31.4633]],[[-64.2508,-33.1331],[-64.2514,-33.1322],[-64.2508,-33.1331]],[[-64.3226,-33.0938],[-64.3173,-33.0978],[-64.3159,-33.0988],[-64.3149,-33.0997],[-64.3105,-33.1044],[-64.3101,-33.1046],[-64.3098,-33.1049],[-64.3087,-33.1057],[-64.31,-33.1052],[-64.3104,-33.1047],[-64.3105,-33.1044]],[[-64.324,-33.0927],[-64.3239,-33.0936]],[[-64.1853,-31.429],[-64.1848,-31.4291],[-64.1844,-31.4289],[-64.1843,-31.4285],[-64.1845,-31.4282],[-64.1852,-31.4281],[-64.1854,-31.4283],[-64.1855,-31.4285],[-64.1855,-31.4287]],[[-64.3087,-33.1057],[-64.3056,-33.107],[-64.3005,-33.1092],[-64.2827,-33.1153],[-64.277,-33.1176],[-64.2728,-33.1193],[-64.2657,-33.1221],[-64.2652,-33.1223],[-64.2514,-33.1322]],[[-64.3376,-33.0823],[-64.3273,-33.0902],[-64.3246,-33.0922]],[[-64.3236,-33.0932],[-64.3234,-33.0934],[-64.3233,-33.0934]],[[-64.31,-33.1052],[-64.3098,-33.1049]],[[-64.3608,-32.0115],[-64.3614,-32.0088],[-64.3568,-31.9804],[-64.3521,-31.9711],[-64.3508,-31.9686],[-64.3457,-31.9129],[-64.3185,-31.8687],[-64.3191,-31.8685],[-64.3465,-31.9132],[-64.3515,-31.9683],[-64.3522,-31.969],[-64.3526,-31.9702],[-64.3528,-31.971],[-64.3573,-31.9802],[-64.3622,-32.0089],[-64.3622,-32.0101],[-64.362,-32.0107],[-64.3615,-32.0116],[-64.3335,-32.0874],[-64.3332,-32.0877],[-64.3295,-32.0928],[-64.329,-32.0934],[-64.3279,-32.094],[-64.3234,-32.1043],[-64.3233,-32.1055],[-64.3231,-32.1061],[-64.3225,-32.1071],[-64.2789,-32.1403],[-64.2785,-32.1405],[-64.278,-32.1409],[-64.2769,-32.1419],[-64.2755,-32.1463],[-64.2771,-32.1496],[-64.2776,-32.1503],[-64.3065,-32.1866],[-64.3055,-32.1885],[-64.2979,-32.203],[-64.2967,-32.2053],[-64.2963,-32.2059],[-64.2951,-32.2083],[-64.2844,-32.3104],[-64.2964,-32.3294],[-64.2977,-32.3314],[-64.3015,-32.3402],[-64.3016,-32.3404],[-64.3015,-32.3445],[-64.3015,-32.3448],[-64.3157,-32.3569],[-64.3167,-32.3571],[-64.3513,-32.3747],[-64.3608,-32.3808],[-64.3765,-32.4219],[-64.3969,-32.4337],[-64.3974,-32.4339],[-64.407,-32.4469],[-64.4064,-32.447],[-64.3974,-32.4342],[-64.3968,-32.4339],[-64.3769,-32.4237],[-64.3602,-32.381],[-64.3589,-32.3792],[-64.3514,-32.3748],[-64.337,-32.3667],[-64.3166,-32.3573],[-64.3156,-32.3571],[-64.3012,-32.3446],[-64.3012,-32.3443],[-64.3013,-32.3402],[-64.3012,-32.34],[-64.2974,-32.332],[-64.2965,-32.3311],[-64.2961,-32.3303],[-64.2958,-32.3296],[-64.2838,-32.3107],[-64.2834,-32.31],[-64.283,-32.309],[-64.2949,-32.2082],[-64.2961,-32.2059],[-64.2964,-32.2052],[-64.2976,-32.203],[-64.3053,-32.1884],[-64.3063,-32.1864],[-64.3076,-32.1837],[-64.2773,-32.1504],[-64.2768,-32.1497],[-64.2748,-32.1464],[-64.2747,-32.1447],[-64.2748,-32.144],[-64.2765,-32.1416],[-64.2775,-32.141],[-64.2785,-32.1404],[-64.2788,-32.1403],[-64.2797,-32.1398],[-64.3228,-32.1043],[-64.3274,-32.0936],[-64.3306,-32.0904],[-64.3608,-32.0115]],[[-64.2992,-31.731],[-64.2993,-31.7324],[-64.2997,-31.7343],[-64.3003,-31.7341],[-64.3001,-31.7331],[-64.2999,-31.7321],[-64.2998,-31.731],[-64.2992,-31.731],[-64.2991,-31.7282],[-64.3071,-31.6857],[-64.3164,-31.6562],[-64.3165,-31.6546],[-64.3159,-31.6528],[-64.3166,-31.6546],[-64.3165,-31.6562],[-64.3132,-31.6616],[-64.3105,-31.6727],[-64.3096,-31.6765],[-64.2996,-31.7282],[-64.2998,-31.731]],[[-64.3185,-31.8687],[-64.318,-31.8675],[-64.3133,-31.854],[-64.3104,-31.842],[-64.309,-31.8389],[-64.3134,-31.8241],[-64.3141,-31.8226],[-64.3144,-31.8217],[-64.3146,-31.8204],[-64.3144,-31.8083],[-64.3143,-31.8071],[-64.3141,-31.8043],[-64.3141,-31.8033],[-64.3141,-31.8028],[-64.3139,-31.801],[-64.3131,-31.7975],[-64.313,-31.7971],[-64.3125,-31.7961],[-64.3124,-31.796],[-64.3122,-31.7957],[-64.3102,-31.7931],[-64.3053,-31.7736],[-64.3059,-31.7736],[-64.3059,-31.7722],[-64.3059,-31.771],[-64.3053,-31.771],[-64.3053,-31.7723],[-64.3053,-31.7736]],[[-64.3176,-31.8662],[-64.3181,-31.8659],[-64.3139,-31.8244],[-64.3146,-31.8231],[-64.3149,-31.8222],[-64.3152,-31.8208],[-64.3152,-31.8205],[-64.3147,-31.809],[-64.3146,-31.8073],[-64.3143,-31.8034],[-64.3143,-31.8027],[-64.3142,-31.8009],[-64.3134,-31.7976],[-64.3133,-31.7971],[-64.3128,-31.7961],[-64.3125,-31.7956],[-64.3124,-31.7954],[-64.3104,-31.7929],[-64.3059,-31.7736]],[[-64.3528,-32.0474],[-64.3522,-32.0473]],[[-64.3536,-32.0446],[-64.3541,-32.0448]],[[-64.3085,-31.6795],[-64.3091,-31.6796]],[[-64.3085,-31.6822],[-64.3079,-31.6822]],[[-64.3047,-31.6996],[-64.3041,-31.6995]],[[-64.3047,-31.6968],[-64.3053,-31.6969]],[[-64.3003,-31.7341],[-64.3053,-31.7599],[-64.3053,-31.7634],[-64.3059,-31.771]],[[-64.3053,-31.771],[-64.3052,-31.7656],[-64.304,-31.7542],[-64.3027,-31.748],[-64.2997,-31.7343]],[[-64.3262,-32.7793],[-64.3268,-32.7792]],[[-64.3274,-32.7818],[-64.3269,-32.7819]],[[-64.344,-31.9101],[-64.3445,-31.9098]],[[-64.3463,-31.9128],[-64.3457,-31.913]],[[-64.4011,-32.5085],[-64.4007,-32.5087]],[[-64.4001,-32.5067],[-64.4005,-32.5065]],[[-64.2005,-31.4505],[-64.2005,-31.4506],[-64.2006,-31.4509]],[[-64.3181,-31.8659],[-64.3184,-31.8668],[-64.3187,-31.8677],[-64.3191,-31.8685]],[[-64.1946,-31.4335],[-64.1938,-31.4335]],[[-64.2021,-31.4631],[-64.2023,-31.463]],[[-64.407,-32.4469],[-64.4076,-32.4493]],[[-64.407,-32.4495],[-64.4066,-32.4486],[-64.4064,-32.4479],[-64.4064,-32.447]],[[-64.3402,-33.0803],[-64.3403,-33.0802]]]}},{"type":"Feature","properties":{"ref":"RN 38"},"geometry":{"type":"MultiLineString","coordinates":[[[-64.5149,-31.3718],[-64.5132,-31.37],[-64.5129,-31.3698],[-64.5116,-31.3696],[-64.5099,-31.3695],[-64.5129,-31.3705],[-64.5149,-31.3718],[-64.5165,-31.3741],[-64.5169,-31.3767],[-64.5143,-31.3827],[-64.5099,-31.3878],[-64.5048,-31.3936],[-64.5031,-31.3952],[-64.5023,-31.3959],[-64.5023,-31.396],[-64.5017,-31.3973],[-64.5006,-31.3983],[-64.5005,-31.3983],[-64.4992,-31.3994],[-64.499,-31.4006],[-64.502,-31.4078],[-64.5022,-31.4085],[-64.5027,-31.4107],[-64.5031,-31.4125],[-64.5034,-31.4148],[-64.5033,-31.4149],[-64.5031,-31.4152],[-64.503,-31.4152],[-64.5027,-31.4153],[-64.5019,-31.4154],[-64.5014,-31.4154],[-64.5002,-31.4155],[-64.5,-31.4155],[-64.4978,-31.4156],[-64.4961,-31.4158],[-64.4978,-31.4156],[-64.5,-31.4154],[-64.5002,-31.4154],[-64.5013,-31.4154],[-64.5023,-31.4153],[-64.5033,-31.4149]],[[-64.5099,-31.3695],[-64.5075,-31.3689],[-64.509,-31.3631],[-64.5088,-31.362],[-64.5077,-31.3567],[-64.503,-31.354],[-64.5028,-31.3539],[-64.5022,-31.3536],[-64.4704,-31.337],[-64.4702,-31.3367],[-64.4679,-31.3332],[-64.4678,-31.333],[-64.4674,-31.3327]],[[-64.4669,-31.3318],[-64.4622,-31.3172],[-64.4621,-31.3164],[-64.4619,-31.3158],[-64.4618,-31.3155],[-64.4617,-31.3148],[-64.4617,-31.3143],[-64.4631,-31.3104],[-64.4632,-31.3102],[-64.4632,-31.3101],[-64.4658,-31.3053],[-64.4654,-31.2999],[-64.4649,-31.299],[-64.4638,-31.2973],[-64.4638,-31.2972],[-64.4637,-31.2971],[-64.4629,-31.2958],[-64.4629,-31.281],[-64.463,-31.2796],[-64.4634,-31.2771],[-64.4634,-31.277],[-64.4636,-31.2757],[-64.464,-31.2713],[-64.4652,-31.264],[-64.4652,-31.2639],[-64.4655,-31.2623],[-64.4659,-31.2607],[-64.4655,-31.2602],[-64.4627,-31.2586],[-64.4619,-31.2582],[-64.4617,-31.2579],[-64.4615,-31.255],[-64.4604,-31.2485],[-64.4566,-31.2443],[-64.4541,-31.2387],[-64.4545,-31.2344],[-64.4556,-31.2323],[-64.4558,-31.2327],[-64.4562,-31.2325],[-64.4561,-31.2322],[-64.4603,-31.2313],[-64.4609,-31.2307],[-64.4611,-31.2303],[-64.4616,-31.2299],[-64.4618,-31.2301],[-64.462,-31.2296],[-64.4604,-31.2232],[-64.4621,-31.2176],[-64.4629,-31.214],[-64.463,-31.21],[-64.4649,-31.2017],[-64.4654,-31.2014],[-64.4651,-31.1991],[-64.4756,-31.1943],[-64.4762,-31.1923],[-64.4768,-31.1911],[-64.4763,-31.1923],[-64.4759,-31.1934],[-64.4756,-31.1943]],[[-64.467,-31.4003],[-64.4686,-31.4013],[-64.4693,-31.4018],[-64.4715,-31.4033],[-64.4746,-31.4054],[-64.4751,-31.4058],[-64.4773,-31.4073],[-64.4777,-31.4075],[-64.4804,-31.4094],[-64.481,-31.4099],[-64.4813,-31.41],[-64.4824,-31.4108],[-64.4854,-31.4129],[-64.486,-31.4133],[-64.4877,-31.4145],[-64.488,-31.4147],[-64.4887,-31.4152],[-64.4892,-31.4155],[-64.4896,-31.4158],[-64.4905,-31.4161],[-64.4947,-31.4159],[-64.4961,-31.4158],[-64.4951,-31.4159],[-64.493,-31.4162],[-64.4902,-31.4161],[-64.4895,-31.4159],[-64.489,-31.4158],[-64.4884,-31.4154],[-64.4879,-31.415],[-64.4875,-31.4146],[-64.4859,-31.4134],[-64.4853,-31.413],[-64.485,-31.4127],[-64.4834,-31.4116],[-64.4822,-31.4108],[-64.4812,-31.4101],[-64.4809,-31.4099],[-64.4781,-31.408],[-64.4775,-31.4076],[-64.477,-31.4072],[-64.4749,-31.4058],[-64.4742,-31.4053],[-64.4719,-31.4037],[-64.4714,-31.4034],[-64.4702,-31.4026],[-64.4679,-31.401]],[[-64.5009,-31.0453],[-64.4999,-31.0504],[-64.4999,-31.0505],[-64.4986,-31.0572],[-64.4994,-31.0529],[-64.4996,-31.0508],[-64.4998,-31.0504],[-64.5009,-31.0453],[-64.4994,-31.0397],[-64.4995,-31.0396],[-64.4998,-31.0387],[-64.5038,-31.0335],[-64.504,-31.0317],[-64.5044,-31.0292],[-64.505,-31.0274],[-64.5044,-31.0292]],[[-64.498,-31.065],[-64.4985,-31.0657],[-64.4981,-31.0659],[-64.498,-31.065],[-64.4972,-31.0638],[-64.4983,-31.0577],[-64.4986,-31.0572]],[[-64.4872,-31.0934],[-64.4876,-31.0945],[-64.4876,-31.0947],[-64.4854,-31.0979],[-64.4872,-31.0934],[-64.4865,-31.0925],[-64.4863,-31.0923],[-64.4861,-31.0894],[-64.4864,-31.0892],[-64.487,-31.0894],[-64.488,-31.0897],[-64.4892,-31.0884],[-64.4914,-31.0862],[-64.4924,-31.0828],[-64.4925,-31.0823],[-64.4926,-31.0819],[-64.4932,-31.0796],[-64.4965,-31.0774],[-64.4968,-31.0773],[-64.4995,-31.0731],[-64.4994,-31.073],[-64.4995,-31.0719],[-64.4998,-31.0672],[-64.4981,-31.065],[-64.4972,-31.0638]],[[-64.4558,-31.2327],[-64.4542,-31.2386],[-64.4542,-31.2387],[-64.4596,-31.2461],[-64.46,-31.2469],[-64.4619,-31.2581],[-64.4627,-31.2585],[-64.466,-31.2602],[-64.4661,-31.2603],[-64.4658,-31.2614],[-64.4656,-31.2623],[-64.4653,-31.2639],[-64.4641,-31.2713],[-64.4637,-31.2757],[-64.4635,-31.277],[-64.4635,-31.2771],[-64.4631,-31.2795],[-64.4629,-31.281]],[[-64.4737,-31.1527],[-64.4728,-31.155],[-64.4731,-31.1536],[-64.4737,-31.1527],[-64.4802,-31.1304],[-64.4835,-31.126],[-64.484,-31.124],[-64.4835,-31.126]],[[-64.4854,-31.0979],[-64.4845,-31.099],[-64.4839,-31.0997],[-64.4815,-31.1031],[-64.4833,-31.1071],[-64.4838,-31.1082],[-64.4832,-31.1072],[-64.4814,-31.1031],[-64.4839,-31.0997]],[[-64.4613,-31.2306],[-64.461,-31.2307],[-64.4603,-31.2314],[-64.4562,-31.2325]],[[-64.4768,-31.1911],[-64.477,-31.1907],[-64.4828,-31.184],[-64.4798,-31.1808],[-64.4795,-31.1787],[-64.4753,-31.1659],[-64.4729,-31.1558],[-64.4728,-31.155]],[[-64.505,-31.0274],[-64.505,-31.027],[-64.5047,-31.0241],[-64.5077,-31.0179],[-64.5077,-31.0054],[-64.5066,-31.0032],[-64.5064,-31.0028],[-64.5062,-31.0024],[-64.5068,-31.0007],[-64.5063,-31.0021],[-64.5064,-31.0026],[-64.5064,-31.0028]],[[-64.5068,-31.0007],[-64.507,-31.0005],[-64.5074,-30.9999],[-64.5116,-30.9883],[-64.5119,-30.987],[-64.512,-30.9865],[-64.512,-30.9864],[-64.5115,-30.9868]],[[-64.4838,-31.1082],[-64.4839,-31.1086],[-64.4845,-31.1098],[-64.4848,-31.1103],[-64.485,-31.1107],[-64.485,-31.1109],[-64.4851,-31.1111],[-64.4851,-31.1112],[-64.4852,-31.1125],[-64.4852,-31.1127],[-64.4852,-31.1133],[-64.4852,-31.1136],[-64.4852,-31.114],[-64.4852,-31.115],[-64.4851,-31.1155],[-64.4847,-31.1159],[-64.4845,-31.1167],[-64.4846,-31.1177],[-64.4844,-31.1182],[-64.4838,-31.1194],[-64.4827,-31.1225],[-64.4844,-31.1182]],[[-64.4811,-31.1036],[-64.4813,-31.1036]],[[-64.4835,-31.1076],[-64.4834,-31.1073]],[[-64.4837,-31.1078],[-64.4836,-31.1077]],[[-64.488,-31.0897],[-64.4868,-31.0906],[-64.4865,-31.0925]],[[-64.4872,-31.0903],[-64.4879,-31.0897],[-64.488,-31.0896],[-64.4884,-31.0893],[-64.4892,-31.0884]],[[-64.4885,-31.0892],[-64.4888,-31.0889]],[[-64.4827,-31.1225],[-64.484,-31.124]],[[-64.5027,-31.4107],[-64.5025,-31.41],[-64.5025,-31.4098],[-64.5022,-31.4085]],[[-64.512,-31.3698],[-64.5131,-31.3699]],[[-64.5023,-31.3959],[-64.5031,-31.3951],[-64.5048,-31.3936]],[[-64.4998,-31.0672],[-64.4985,-31.0657]],[[-64.4616,-31.2299],[-64.462,-31.2296]],[[-64.4677,-31.3325],[-64.4677,-31.3326],[-64.4678,-31.333]],[[-64.456,-31.2433],[-64.4561,-31.2432]],[[-64.456,-31.2431],[-64.4558,-31.2431]],[[-64.463,-31.28],[-64.463,-31.2797]],[[-64.4622,-31.3172],[-64.462,-31.3165],[-64.462,-31.3164],[-64.462,-31.3162],[-64.4618,-31.3155]],[[-64.4618,-31.2301],[-64.4618,-31.2302],[-64.4615,-31.2305],[-64.4611,-31.2303]],[[-64.4556,-31.2323],[-64.4557,-31.2322],[-64.4561,-31.2322]],[[-65.1907,-26.8592],[-65.1926,-26.861],[-65.1929,-26.8613],[-65.2016,-26.8698],[-65.202,-26.8701],[-65.2205,-26.892],[-65.2212,-26.8924],[-65.2247,-26.8943],[-65.2257,-26.8948],[-65.2289,-26.8965],[-65.2647,-26.9271],[-65.2651,-26.9274],[-65.2682,-26.9306],[-65.2687,-26.9311],[-65.2794,-26.942],[-65.28,-26.9427],[-65.3393,-26.992],[-65.3396,-26.9923],[-65.3546,-27.0056],[-65.3555,-27.0064],[-65.3764,-27.0359],[-65.3765,-27.0361],[-65.3799,-27.0408],[-65.3828,-27.0448],[-65.3865,-27.0498],[-65.3904,-27.0551],[-65.3935,-27.0585],[-65.394,-27.059],[-65.3956,-27.0604],[-65.3964,-27.0617],[-65.398,-27.063],[-65.3997,-27.0639],[-65.3987,-27.0623]],[[-65.5872,-27.3576],[-65.5876,-27.3593],[-65.5878,-27.3596],[-65.5879,-27.3598],[-65.5887,-27.3617],[-65.6085,-27.4123],[-65.6097,-27.421],[-65.6097,-27.4223],[-65.6096,-27.4243],[-65.6095,-27.4255]],[[-65.6968,-28.4669],[-65.6962,-28.4666],[-65.6956,-28.4672],[-65.6961,-28.4676],[-65.6968,-28.4669],[-65.6976,-28.4677],[-65.6961,-28.4676],[-65.6951,-28.4681],[-65.6956,-28.4672]],[[-65.6976,-28.4677],[-65.7096,-28.4728],[-65.7142,-28.4744],[-65.7267,-28.4784],[-65.7292,-28.4792],[-65.7297,-28.4793],[-65.7327,-28.4801],[-65.7344,-28.4806],[-65.7363,-28.4811],[-65.739,-28.4819],[-65.7403,-28.4823],[-65.7494,-28.4848],[-65.751,-28.4853],[-65.7531,-28.4858],[-65.7536,-28.4859],[-65.7537,-28.4859],[-65.7542,-28.4859],[-65.7561,-28.4864],[-65.7565,-28.4866],[-65.7567,-28.4866],[-65.7571,-28.4868],[-65.7607,-28.488],[-65.7708,-28.4979],[-65.7732,-28.4987],[-65.7747,-28.4991],[-65.777,-28.4996],[-65.7807,-28.5014],[-65.7809,-28.5015],[-65.7818,-28.5027],[-65.7819,-28.5028],[-65.7832,-28.5067],[-65.784,-28.5094]],[[-65.3956,-27.0604],[-65.3971,-27.0611],[-65.3987,-27.0621],[-65.398,-27.063]],[[-65.5808,-28.0056],[-65.5814,-28.0062],[-65.5807,-28.006]],[[-65.5814,-28.0062],[-65.5824,-28.0075],[-65.5828,-28.008],[-65.5894,-28.0178],[-65.5914,-28.0329],[-65.5956,-28.033],[-65.6013,-28.0371],[-65.6018,-28.0373],[-65.6138,-28.1062],[-65.6468,-28.1482],[-65.6544,-28.1513],[-65.6558,-28.1545],[-65.6552,-28.1567],[-65.6548,-28.1584],[-65.6131,-28.325],[-65.613,-28.3267],[-65.6127,-28.3284],[-65.6142,-28.373],[-65.6148,-28.3778],[-65.6331,-28.4674],[-65.6332,-28.4676],[-65.6348,-28.4703],[-65.6359,-28.4721],[-65.636,-28.4724],[-65.6361,-28.4725],[-65.6363,-28.4729],[-65.6369,-28.4739],[-65.6363,-28.4731],[-65.6359,-28.4725],[-65.6358,-28.4724],[-65.6357,-28.4722],[-65.6348,-28.4703]],[[-65.5798,-28.0056],[-65.5799,-28.0039],[-65.5806,-28.0054]],[[-65.5799,-28.0039],[-65.564,-27.9211],[-65.564,-27.9206],[-65.5636,-27.8947],[-65.5704,-27.868],[-65.5766,-27.8436],[-65.5774,-27.8404],[-65.5774,-27.8402],[-65.5775,-27.8398],[-65.5864,-27.8093],[-65.5865,-27.8088],[-65.5877,-27.7839],[-65.5843,-27.7691],[-65.584,-27.7678],[-65.5827,-27.7619],[-65.5813,-27.7555],[-65.5818,-27.7187],[-65.5816,-27.718],[-65.5792,-27.6212],[-65.5796,-27.6204],[-65.5878,-27.6111],[-65.5884,-27.6106],[-65.6016,-27.5991],[-65.6047,-27.595],[-65.6109,-27.5852],[-65.612,-27.5826],[-65.6125,-27.5797],[-65.6143,-27.5189],[-65.6143,-27.5187],[-65.6203,-27.4758],[-65.6203,-27.4749],[-65.6157,-27.4446],[-65.6157,-27.4442],[-65.6136,-27.4389],[-65.6094,-27.4274],[-65.6095,-27.4259]],[[-65.3997,-27.0639],[-65.4031,-27.0669],[-65.4033,-27.067],[-65.4076,-27.0708],[-65.457,-27.1167],[-65.4576,-27.1171],[-65.4644,-27.1223],[-65.4679,-27.1251],[-65.4709,-27.1275],[-65.4732,-27.1298],[-65.4869,-27.158],[-65.4874,-27.1595],[-65.4932,-27.174],[-65.497,-27.1773],[-65.5012,-27.1809],[-65.5035,-27.183],[-65.5087,-27.1915],[-65.5094,-27.1929],[-65.5203,-27.2109],[-65.5285,-27.2233],[-65.5322,-27.2324],[-65.5391,-27.2469],[-65.5465,-27.26],[-65.549,-27.2645],[-65.5551,-27.2718],[-65.558,-27.2747],[-65.5625,-27.2806],[-65.5631,-27.2817],[-65.5638,-27.2829],[-65.5723,-27.3036],[-65.5818,-27.3309],[-65.5825,-27.3338],[-65.5828,-27.3351],[-65.5859,-27.3555],[-65.5859,-27.3559]],[[-65.6369,-28.4739],[-65.6446,-28.4797],[-65.6452,-28.4802],[-65.6475,-28.4817],[-65.6486,-28.482],[-65.6492,-28.4821],[-65.6496,-28.4822],[-65.6514,-28.482],[-65.6475,-28.4817]],[[-66.8059,-29.3833],[-66.8059,-29.3819],[-66.8066,-29.3831]],[[-66.5444,-30.1498],[-66.5485,-30.1493],[-66.5444,-30.1498],[-66.5178,-30.1653],[-66.5084,-30.1742],[-66.5079,-30.1747],[-66.4812,-30.2002],[-66.4811,-30.2003],[-66.4777,-30.2037],[-66.4776,-30.2038],[-66.4624,-30.2183],[-66.4623,-30.2184],[-66.4302,-30.249],[-66.43,-30.2492],[-66.3903,-30.2872],[-66.3902,-30.2873],[-66.3406,-30.3346],[-66.3382,-30.3369],[-66.3352,-30.3398],[-66.3332,-30.3416],[-66.3327,-30.3422],[-66.3326,-30.3423],[-66.3313,-30.3435],[-66.3312,-30.3436],[-66.3309,-30.3438],[-66.3064,-30.3583],[-66.3031,-30.3624],[-66.3046,-30.3611],[-66.3051,-30.3603],[-66.3059,-30.3591],[-66.3064,-30.3583]],[[-66.8134,-29.397],[-66.8195,-29.4087]],[[-66.8127,-29.3964],[-66.8116,-29.3942],[-66.8115,-29.394],[-66.8062,-29.3838]],[[-66.8191,-29.4088],[-66.813,-29.3971]],[[-64.5117,-30.9876],[-64.5114,-30.9871]],[[-65.3828,-27.0448],[-65.3805,-27.0421],[-65.3763,-27.0363],[-65.3761,-27.0361],[-65.3553,-27.0066],[-65.3546,-27.006],[-65.3394,-26.9924],[-65.3391,-26.9921],[-65.2797,-26.9428],[-65.2792,-26.9422],[-65.2687,-26.9315],[-65.2681,-26.9309],[-65.2647,-26.9275],[-65.2643,-26.9272],[-65.2349,-26.9002],[-65.2282,-26.8966],[-65.2255,-26.8951],[-65.2245,-26.8945],[-65.2211,-26.8926],[-65.2203,-26.8922],[-65.2017,-26.8702],[-65.2012,-26.8698],[-65.1926,-26.8615],[-65.1923,-26.8611],[-65.1905,-26.8594],[-65.1898,-26.8587]],[[-66.6127,-30.131],[-66.6102,-30.1318],[-66.6093,-30.1321],[-66.6086,-30.1323],[-66.6076,-30.1326],[-66.6102,-30.1317],[-66.6115,-30.1313],[-66.6127,-30.131],[-66.6136,-30.1307],[-66.7409,-30.0902],[-66.741,-30.0902],[-66.7741,-30.0796],[-66.7742,-30.0796],[-66.7838,-30.0766],[-66.7839,-30.0765],[-66.7889,-30.075],[-66.789,-30.0749],[-66.7936,-30.0734],[-66.7937,-30.0734],[-66.7975,-30.0722],[-66.7976,-30.0721],[-66.8022,-30.0707],[-66.8024,-30.0706],[-66.808,-30.0689],[-66.8081,-30.0688],[-66.8113,-30.0678],[-66.8115,-30.0677],[-66.8222,-30.0643],[-66.8224,-30.0643],[-66.8618,-30.0517],[-66.8619,-30.0516],[-66.8739,-30.047],[-66.8762,-30.0412],[-66.8759,-30.0393],[-66.8758,-30.039],[-66.8757,-30.038],[-66.8755,-30.0371],[-66.8755,-30.0369],[-66.8754,-30.0359],[-66.8753,-30.0355],[-66.8752,-30.035],[-66.875,-30.0331],[-66.8748,-30.032],[-66.8746,-30.0309],[-66.8746,-30.0306],[-66.8742,-30.0287],[-66.8563,-29.8289],[-66.8556,-29.7665],[-66.8556,-29.7662],[-66.8544,-29.7296],[-66.8544,-29.7295],[-66.8503,-29.7097],[-66.8503,-29.7094],[-66.8436,-29.677],[-66.8415,-29.6665],[-66.8415,-29.6664],[-66.8158,-29.551],[-66.8157,-29.5505],[-66.8078,-29.5151],[-66.8079,-29.5146],[-66.8131,-29.4876],[-66.8132,-29.4874],[-66.8272,-29.4648],[-66.8273,-29.4646],[-66.8348,-29.4523],[-66.836,-29.4488],[-66.836,-29.4486],[-66.8364,-29.4408],[-66.8359,-29.4385]],[[-66.8059,-29.3819],[-66.8045,-29.3712],[-66.8044,-29.3704],[-66.7853,-29.3347],[-66.7851,-29.3344],[-66.652,-29.1608],[-66.6506,-29.159],[-66.6496,-29.1575],[-66.6346,-29.1363],[-66.6346,-29.1362],[-66.6322,-29.133],[-66.6322,-29.1329],[-66.6193,-29.1237],[-66.6188,-29.1234],[-66.5593,-29.0926],[-66.5592,-29.0925],[-66.5314,-29.0735],[-66.5313,-29.0735],[-66.5195,-29.0678],[-66.5194,-29.0677],[-66.5165,-29.0663],[-66.5164,-29.0663],[-66.5142,-29.0652],[-66.51,-29.0632],[-66.5099,-29.0631],[-66.5045,-29.0605],[-66.5044,-29.0605],[-66.4897,-29.0504],[-66.4896,-29.0503],[-66.4888,-29.0496],[-66.4847,-29.0461],[-66.4845,-29.0459],[-66.4822,-29.0439],[-66.4821,-29.0438],[-66.4808,-29.0427],[-66.4807,-29.0426],[-66.4001,-28.9719],[-66.4,-28.9718],[-66.3677,-28.9446],[-66.3677,-28.9445],[-66.3143,-28.9092],[-66.3142,-28.9091],[-66.2853,-28.8929],[-66.2852,-28.8929],[-66.2827,-28.8912],[-66.2818,-28.8906],[-66.2133,-28.8416],[-66.2131,-28.8415],[-66.2057,-28.8367],[-66.2056,-28.8366],[-66.1294,-28.8205],[-66.0553,-28.7798],[-66.055,-28.7794],[-66.0505,-28.7757],[-66.0502,-28.7755],[-65.9968,-28.7501],[-65.9965,-28.75],[-65.9424,-28.7095],[-65.9423,-28.7094],[-65.9155,-28.6456],[-65.9154,-28.6455],[-65.9072,-28.6261],[-65.9072,-28.626],[-65.8848,-28.5964],[-65.8846,-28.5962],[-65.8177,-28.5423],[-65.8174,-28.5421],[-65.802,-28.5316],[-65.801,-28.531],[-65.7999,-28.5302],[-65.7848,-28.5109],[-65.7847,-28.5099]],[[-65.6544,-28.1513],[-65.6559,-28.1545],[-65.6553,-28.1567],[-65.6548,-28.1584]],[[-66.8261,-29.4226],[-66.8192,-29.4092]],[[-66.8266,-29.4228],[-66.8362,-29.4377]],[[-66.8195,-29.4092],[-66.8265,-29.4224]],[[-66.8067,-29.3837],[-66.8116,-29.3939],[-66.8118,-29.3942],[-66.8128,-29.396],[-66.8132,-29.3963]],[[-65.5876,-27.3593],[-65.5866,-27.3578]],[[-64.53,-30.8569],[-64.5314,-30.8592],[-64.5322,-30.8608],[-64.5335,-30.8649],[-64.53,-30.8569],[-64.5299,-30.8566],[-64.5298,-30.8559],[-64.5301,-30.8545],[-64.5334,-30.8515],[-64.5347,-30.8496],[-64.5352,-30.8468],[-64.5351,-30.8461],[-64.5351,-30.8044],[-64.5353,-30.8039],[-64.5365,-30.7941],[-64.5426,-30.7822],[-64.5429,-30.7812],[-64.5438,-30.7759],[-64.5442,-30.7737],[-64.5442,-30.7734],[-64.5446,-30.7714],[-64.5446,-30.7712],[-64.5488,-30.7654],[-64.5698,-30.7489],[-64.6183,-30.7011],[-64.6184,-30.701],[-64.6444,-30.6891],[-64.7025,-30.7044],[-64.702,-30.7047],[-64.7018,-30.7042]],[[-64.512,-30.9864],[-64.5122,-30.9855],[-64.5186,-30.9656],[-64.5186,-30.9654],[-64.5185,-30.9629],[-64.5185,-30.9626],[-64.5189,-30.9426],[-64.5186,-30.9423],[-64.5212,-30.935],[-64.5271,-30.9259],[-64.5272,-30.9258],[-64.5275,-30.9247],[-64.5276,-30.9245],[-64.5305,-30.908],[-64.5323,-30.9026],[-64.5332,-30.8998],[-64.5371,-30.8839],[-64.5371,-30.8838],[-64.5364,-30.8739],[-64.5353,-30.8707],[-64.5335,-30.8649]],[[-65.5956,-28.033],[-65.594,-28.0334],[-65.5935,-28.0334],[-65.5934,-28.0335],[-65.5927,-28.0335],[-65.5914,-28.0329]],[[-65.4644,-27.1223],[-65.468,-27.1251],[-65.4709,-27.1275]],[[-65.6142,-28.373],[-65.6148,-28.3778]],[[-66.8746,-30.0306],[-66.8747,-30.0309],[-66.8748,-30.0316],[-66.875,-30.0331]],[[-65.6514,-28.482],[-65.6545,-28.4809],[-65.658,-28.4803],[-65.6601,-28.4797],[-65.6683,-28.485],[-65.6729,-28.4869],[-65.6738,-28.4864],[-65.6854,-28.4768],[-65.6951,-28.4681]],[[-65.3964,-27.0617],[-65.3971,-27.0611]],[[-64.7022,-30.7043],[-64.7026,-30.7045],[-64.7687,-30.7253],[-64.7694,-30.7255],[-64.77,-30.7258],[-64.7704,-30.7258],[-64.7726,-30.7262],[-64.773,-30.7261],[-64.7733,-30.7266],[-64.7749,-30.7285],[-64.7753,-30.7288],[-64.7835,-30.7353],[-64.7875,-30.7367],[-64.7878,-30.7368],[-64.7906,-30.7371],[-64.7925,-30.7373],[-64.7965,-30.7375],[-64.7971,-30.7376],[-64.7975,-30.7377],[-64.8012,-30.7389],[-64.8016,-30.7391],[-64.8025,-30.7395],[-64.804,-30.7403],[-64.8854,-30.7761],[-64.9644,-30.8434],[-64.9764,-30.8516],[-64.9779,-30.8522],[-64.9845,-30.8523],[-64.9858,-30.8522],[-64.9863,-30.8522],[-64.9865,-30.8522],[-64.9872,-30.8521],[-64.9865,-30.8521],[-64.9858,-30.8521],[-64.985,-30.8522],[-64.9845,-30.8523]],[[-65.7999,-28.5302],[-65.8011,-28.531],[-65.802,-28.5316]],[[-65.6127,-28.3284],[-65.6131,-28.325]],[[-66.5485,-30.1493],[-66.5494,-30.1491],[-66.5539,-30.1485],[-66.5541,-30.1485],[-66.5613,-30.1473],[-66.5687,-30.145],[-66.5688,-30.1449],[-66.6037,-30.1338],[-66.6044,-30.1336],[-66.6055,-30.1332],[-66.6076,-30.1326],[-66.6055,-30.1332]],[[-64.9872,-30.8521],[-64.991,-30.8531],[-64.9911,-30.8532],[-65.0028,-30.8571],[-65.0204,-30.8526],[-65.0209,-30.8524],[-65.022,-30.8518],[-65.1855,-30.7661],[-65.1957,-30.7656],[-65.1998,-30.7656],[-65.2048,-30.7654],[-65.2102,-30.7635],[-65.2109,-30.7633],[-65.2291,-30.7509],[-65.2296,-30.7505],[-65.2301,-30.7501],[-65.2304,-30.7499],[-65.2325,-30.7484],[-65.2328,-30.7482],[-65.2344,-30.7475],[-65.2356,-30.7466],[-65.2365,-30.7459],[-65.2374,-30.7452],[-65.2383,-30.7445],[-65.2397,-30.7429],[-65.2406,-30.7422],[-65.2422,-30.741],[-65.3575,-30.6545],[-65.3747,-30.6412],[-65.3753,-30.6407],[-65.3761,-30.6401],[-65.3886,-30.6372],[-65.389,-30.6371],[-65.4002,-30.6349],[-65.4008,-30.6348],[-65.4015,-30.6347],[-65.932,-30.5455],[-65.9321,-30.5455],[-65.943,-30.542],[-65.9437,-30.5418],[-65.9442,-30.5416],[-65.9453,-30.5413],[-65.9477,-30.5405],[-65.9589,-30.537],[-65.9628,-30.5357],[-65.9639,-30.5354],[-65.9646,-30.5351],[-66.1869,-30.4268],[-66.187,-30.4267],[-66.1946,-30.4225],[-66.1947,-30.4224],[-66.2352,-30.4001],[-66.2353,-30.4],[-66.2371,-30.399],[-66.2372,-30.3989],[-66.2852,-30.3724],[-66.2854,-30.3723],[-66.2993,-30.3646],[-66.3031,-30.3624]],[[-65.5828,-27.3351],[-65.586,-27.3554],[-65.5863,-27.3556]],[[-66.3352,-30.3398],[-66.3382,-30.3369]],[[-66.8755,-30.0369],[-66.8756,-30.0371],[-66.8757,-30.0376],[-66.8758,-30.0385],[-66.8759,-30.039],[-66.8759,-30.0393]],[[-64.7017,-30.7042],[-64.702,-30.7047]],[[-64.7749,-30.7285],[-64.7729,-30.7269],[-64.7725,-30.7267],[-64.7703,-30.7259],[-64.77,-30.7258]],[[-66.8358,-29.4378],[-66.8263,-29.4229]],[[-66.8363,-29.4385],[-66.8364,-29.4408]],[[-65.6098,-27.4259],[-65.6095,-27.4274],[-65.6136,-27.4389]],[[-65.6096,-27.4243],[-65.6097,-27.4255]],[[-65.7494,-28.4848],[-65.7509,-28.4852],[-65.7531,-28.4857],[-65.7536,-28.4858],[-65.7538,-28.4858],[-65.7542,-28.4859],[-65.756,-28.4865],[-65.7565,-28.4867],[-65.7566,-28.4867],[-65.757,-28.4869],[-65.7607,-28.488]],[[-65.777,-28.4996],[-65.7807,-28.5013],[-65.7809,-28.5014],[-65.7819,-28.5026],[-65.782,-28.5028],[-65.7833,-28.5066],[-65.7839,-28.5082],[-65.7844,-28.5093],[-65.7846,-28.5093],[-65.7844,-28.5093]],[[-65.7848,-28.5109],[-65.7843,-28.51]],[[-66.6496,-29.1575],[-66.6507,-29.159],[-66.652,-29.1608]],[[-65.6016,-27.5991],[-65.6038,-27.5962],[-65.6047,-27.595]],[[-65.612,-27.5826],[-65.6109,-27.5852]],[[-65.4932,-27.174],[-65.497,-27.1773]],[[-64.7733,-30.7266],[-64.7731,-30.7269],[-64.7729,-30.7269]],[[-64.7725,-30.7267],[-64.7726,-30.7262]],[[-64.7025,-30.7044],[-64.7026,-30.7045]]]}},{"type":"Feature","properties":{"ref":"RN 40"},"geometry":{"type":"MultiLineString","coordinates":[[[-72.2129,-51.573],[-72.2121,-51.5738],[-72.2122,-51.5738],[-72.2125,-51.5742],[-72.2126,-51.5738],[-72.2129,-51.573],[-72.2323,-51.5506],[-72.2353,-51.5478],[-72.2357,-51.5452],[-72.2355,-51.5441],[-72.2355,-51.5439],[-72.2354,-51.5437],[-72.2661,-51.5243],[-72.2265,-51.4453],[-72.2266,-51.445],[-72.2344,-51.4223],[-72.204,-51.3897],[-72.1833,-51.2883],[-72.1102,-51.224],[-72.1212,-51.2017],[-71.9364,-51.1322],[-71.8601,-51.1102],[-71.8047,-51.0574],[-71.8035,-51.0575],[-71.8029,-51.0576],[-71.6472,-51.0806],[-71.4951,-51.0441],[-71.4653,-51.02],[-71.3402,-50.9851],[-71.2218,-50.9949],[-70.9306,-51.0611],[-70.7868,-51.0315],[-70.7803,-51.0311],[-70.7792,-51.0311],[-70.7783,-51.0295],[-70.7811,-51.0285],[-70.7822,-51.0282],[-70.7844,-51.0274],[-70.7828,-51.0289],[-70.7826,-51.0291],[-70.7829,-51.0293],[-70.7868,-51.0315]],[[-69.3014,-51.6156],[-69.2999,-51.6178],[-69.2999,-51.6182],[-69.2999,-51.6203],[-69.2997,-51.6236],[-69.3,-51.6421],[-69.3004,-51.6427]],[[-69.2997,-51.6236],[-69.2997,-51.6216],[-69.2998,-51.6182],[-69.2998,-51.6178],[-69.3011,-51.6154]],[[-72.2249,-51.5983],[-72.2256,-51.5992],[-72.2274,-51.6015],[-72.2249,-51.5983],[-72.2239,-51.5971],[-72.2234,-51.5964],[-72.2217,-51.5943],[-72.2211,-51.5929],[-72.2224,-51.5908],[-72.2234,-51.5889],[-72.2186,-51.5804],[-72.2158,-51.5766],[-72.2125,-51.5742]],[[-69.0129,-51.6093],[-69.0202,-51.6231],[-69.0062,-51.6369],[-69.0581,-51.6657],[-69.2874,-51.7119],[-69.2879,-51.7118],[-69.2884,-51.7117],[-69.2948,-51.7167],[-69.295,-51.7168],[-69.3312,-51.7475],[-69.3279,-51.7522],[-69.2679,-51.799],[-69.2308,-51.867],[-69.1256,-51.9098],[-69.0844,-52.0075],[-69.0874,-52.115],[-69.0541,-52.1513],[-69.066,-52.1645],[-68.8376,-52.2204],[-68.7323,-52.22],[-68.6518,-52.2776],[-68.5817,-52.278],[-68.5449,-52.3221],[-68.3811,-52.3295],[-68.357,-52.3323]],[[-69.3044,-51.6181],[-69.5796,-51.6337],[-69.5835,-51.6334],[-69.5849,-51.6332],[-69.5845,-51.6339],[-69.6804,-51.7043],[-69.7914,-51.6946],[-69.9596,-51.7296],[-70.1518,-51.7378],[-70.3058,-51.8193],[-70.4157,-51.8399],[-70.4866,-51.8352],[-70.5609,-51.8655],[-70.5615,-51.8656],[-70.6334,-51.8674],[-70.7693,-51.9154],[-70.8256,-51.9132],[-71.0768,-51.9754],[-71.2323,-51.9927],[-71.2327,-51.9927],[-71.2995,-51.9268],[-71.5969,-51.8941],[-71.5978,-51.8946],[-71.6477,-51.8451],[-71.6995,-51.8216],[-71.6996,-51.8214],[-71.7494,-51.7652],[-71.851,-51.7331],[-71.9207,-51.6702],[-72.0222,-51.6904],[-72.0781,-51.6816],[-72.0785,-51.6815],[-72.085,-51.6806],[-72.1795,-51.6611],[-72.1867,-51.6584],[-72.1795,-51.6611]],[[-71.8517,-50.3086],[-71.8549,-50.3097],[-71.855,-50.3096],[-71.8543,-50.3094],[-71.8517,-50.3086],[-71.7197,-50.2952],[-71.7188,-50.2952],[-71.6618,-50.3093],[-71.6504,-50.3328],[-71.6162,-50.3463],[-71.5153,-50.3447],[-71.515,-50.4115],[-71.4588,-50.4703],[-71.4134,-50.5889],[-71.3746,-50.6182],[-71.2764,-50.6571],[-71.1515,-50.775],[-71.1201,-50.8319],[-70.9661,-51.0085],[-70.9204,-51.0281],[-70.812,-51.0129],[-70.8065,-51.0119],[-70.8001,-51.0133],[-70.7998,-51.0136],[-70.7988,-51.0147],[-70.7987,-51.0149],[-70.7974,-51.0164],[-70.7973,-51.0164],[-70.796,-51.0179],[-70.7959,-51.018],[-70.7946,-51.0194],[-70.7944,-51.0196],[-70.7939,-51.0202],[-70.7938,-51.0204],[-70.7929,-51.0213],[-70.7928,-51.0215],[-70.7918,-51.0225],[-70.7917,-51.0226],[-70.7844,-51.0274]],[[-69.2884,-51.7117],[-69.2879,-51.7109],[-69.2873,-51.7095],[-69.2873,-51.7094],[-69.2818,-51.7002],[-69.2813,-51.6995],[-69.2782,-51.6949],[-69.2773,-51.694]],[[-69.2879,-51.7118],[-69.2882,-51.7114]],[[-69.2997,-51.6431],[-69.3001,-51.6438],[-69.3,-51.6452],[-69.2996,-51.65],[-69.2998,-51.6579],[-69.2991,-51.6646],[-69.2987,-51.6697],[-69.289,-51.6862],[-69.2793,-51.6925],[-69.2779,-51.6929]],[[-69.2998,-51.6426],[-69.3,-51.6421]],[[-69.3003,-51.6432],[-69.3001,-51.6438]],[[-71.2334,-51.9926],[-71.2412,-51.9857]],[[-72.1867,-51.6584],[-72.2169,-51.6369],[-72.2274,-51.6015]],[[-69.2998,-51.618],[-69.3633,-51.6186],[-69.5792,-51.6337],[-69.5833,-51.6329],[-69.5835,-51.6334],[-69.5845,-51.6339]],[[-69.5833,-51.6329],[-69.5847,-51.6327],[-69.5849,-51.6332]],[[-69.2784,-51.6938],[-69.2782,-51.6949]],[[-69.2793,-51.6925],[-69.2786,-51.6935]],[[-69.2332,-51.6426],[-69.2344,-51.6444],[-69.2346,-51.6448]],[[-69.237,-51.6292],[-69.2371,-51.6292]],[[-70.2656,-48.7461],[-70.2656,-48.7464],[-70.2678,-48.75],[-70.2557,-48.7555],[-70.2552,-48.7556],[-70.2549,-48.7557],[-70.2572,-48.776],[-70.2579,-48.7761],[-70.2704,-48.7879],[-70.2705,-48.7882],[-70.2708,-48.7882],[-70.3119,-48.7623],[-70.3143,-48.7623],[-70.3432,-48.7696],[-70.3875,-48.7623],[-70.5207,-48.7983],[-70.5291,-48.8286],[-70.6639,-48.8604],[-70.916,-48.8699],[-70.9177,-48.8706],[-71.0275,-48.9123],[-71.0256,-48.9646],[-71.0256,-48.9647],[-71.0738,-49.0611],[-71.1997,-49.1044],[-71.3432,-49.1863],[-71.3539,-49.2283],[-71.34,-49.2313],[-71.3288,-49.2727],[-71.3994,-49.3272],[-71.4861,-49.3385],[-71.4994,-49.3887],[-71.5383,-49.4222],[-71.551,-49.4591],[-71.5133,-49.5001],[-71.4782,-49.514],[-71.4608,-49.5698],[-71.4396,-49.5838],[-71.4386,-49.5845],[-71.4377,-49.5851],[-71.4273,-49.5918],[-71.4281,-49.5951],[-71.4406,-49.5985],[-71.4418,-49.5985],[-71.4536,-49.5985],[-71.4693,-49.5987],[-71.4699,-49.5987],[-71.4744,-49.6016],[-71.4758,-49.6052],[-71.5328,-49.63],[-71.5329,-49.6305],[-71.59,-49.6371],[-71.5902,-49.6372],[-71.6255,-49.6381],[-71.7097,-49.6744],[-71.8641,-49.699],[-71.8671,-49.699],[-71.8689,-49.699],[-71.8695,-49.6991],[-71.8705,-49.6992],[-71.8715,-49.6994],[-71.8731,-49.6997],[-71.8738,-49.6998],[-71.8767,-49.7004],[-71.9652,-49.7165],[-71.9571,-49.7333],[-72.0495,-49.8061],[-72.052,-49.8071],[-72.0537,-49.8074],[-72.0565,-49.8093],[-72.0269,-49.8767],[-72.0626,-49.9146],[-72.0626,-49.9149],[-72.1074,-50.0022],[-72.1082,-50.0025],[-72.1376,-50.0065],[-72.1637,-50.0243],[-72.1149,-50.0664],[-72.1297,-50.0697],[-72.1226,-50.0838],[-72.0772,-50.1227],[-71.9891,-50.1572],[-71.9873,-50.1575],[-71.885,-50.2673],[-71.8871,-50.2683],[-71.8571,-50.3081],[-71.8553,-50.3093],[-71.855,-50.3096]],[[-70.5531,-44.0597],[-70.5535,-44.0611],[-70.5109,-44.0935],[-70.4702,-44.1828],[-70.3945,-44.2754],[-70.4412,-44.3839],[-70.4429,-44.4672],[-70.3604,-44.6047],[-70.1313,-44.8303],[-70.1309,-44.8303],[-70.1278,-44.8304],[-70.1272,-44.8304],[-70.1058,-44.8457],[-70.1063,-44.8914],[-70.0389,-44.9881],[-69.9919,-45.1476],[-69.9992,-45.1771],[-69.9516,-45.2195],[-69.9358,-45.2524],[-69.9446,-45.2797],[-69.9352,-45.3018],[-69.9147,-45.3386],[-69.9144,-45.3392],[-69.914,-45.34],[-69.9135,-45.341],[-69.9128,-45.3426],[-69.8664,-45.4137],[-69.8175,-45.4476],[-69.8171,-45.4506],[-69.8343,-45.4701],[-69.8356,-45.47],[-70.0589,-45.4621],[-70.269,-45.6706],[-70.2697,-45.6714],[-70.2699,-45.6715],[-70.2699,-45.672],[-70.2697,-45.6722],[-70.269,-45.6719],[-70.2682,-45.673],[-70.2506,-45.6835],[-70.2508,-45.6842],[-70.2509,-45.6845],[-70.2509,-45.6851],[-70.2514,-45.685],[-70.2516,-45.6856],[-70.2514,-45.6861],[-70.2529,-45.693],[-70.261,-45.7059],[-70.261,-45.7063],[-70.2611,-45.7068],[-70.2662,-45.716],[-70.4054,-45.9369],[-70.4055,-45.9372],[-70.439,-46.0001],[-70.4868,-46.0655],[-70.6594,-46.1709],[-70.7119,-46.2434],[-70.7287,-46.2666],[-70.731,-46.2708],[-70.7428,-46.2809],[-70.7605,-46.2923],[-70.7266,-46.3533],[-70.7426,-46.3778],[-70.7355,-46.4031],[-70.7431,-46.4251],[-70.7281,-46.4436],[-70.7179,-46.4768],[-70.7303,-46.4906],[-70.7292,-46.4948],[-70.7288,-46.4949],[-70.7283,-46.4953],[-70.7289,-46.495],[-70.7292,-46.4948]],[[-70.7283,-46.4953],[-70.7289,-46.4959],[-70.7465,-46.5164],[-70.7803,-46.5221],[-70.7856,-46.5293],[-70.8532,-46.5588],[-70.8876,-46.5581],[-70.8947,-46.5744],[-70.9125,-46.5826],[-70.9168,-46.5829],[-70.9171,-46.5829],[-70.9252,-46.5832],[-70.9253,-46.5832],[-70.9256,-46.5832],[-70.9264,-46.583],[-70.9264,-46.5835],[-70.9252,-46.5832]],[[-70.9453,-46.5835],[-70.9421,-46.5834],[-70.9394,-46.5834],[-70.9289,-46.5833],[-70.9277,-46.5835],[-70.9277,-46.5831],[-70.9289,-46.5833]],[[-70.2654,-48.7459],[-70.2658,-48.7459],[-70.2958,-48.7364],[-70.2971,-48.736],[-70.2978,-48.7357],[-70.2992,-48.7352],[-70.35,-48.718],[-70.4253,-48.7388],[-70.5265,-48.7308],[-70.5738,-48.6772],[-70.5621,-48.6218],[-70.4352,-48.5222],[-70.4357,-48.4594],[-70.4751,-48.4205],[-70.794,-48.3549],[-71.1756,-48.2514],[-71.2028,-48.2302],[-71.1976,-48.2035],[-71.1972,-48.2032],[-70.9152,-47.935],[-70.9151,-47.9349],[-70.91,-47.9299],[-70.9099,-47.9299],[-70.8973,-47.9176],[-70.8972,-47.9176],[-70.8115,-47.8225],[-70.8114,-47.8224],[-70.8088,-47.8163],[-70.8089,-47.8162],[-70.8092,-47.8157],[-70.8092,-47.8156],[-70.8287,-47.7743],[-70.8287,-47.7742],[-70.8269,-47.745],[-70.8269,-47.7449],[-70.8263,-47.7017],[-70.8263,-47.7016],[-70.8268,-47.6755],[-70.802,-47.6397],[-70.8022,-47.6393],[-70.8336,-47.5837],[-70.9002,-47.5497],[-70.9527,-47.4866],[-70.9534,-47.4861],[-70.9282,-47.448],[-70.9247,-47.4421],[-70.9248,-47.4415],[-70.932,-47.4172],[-71.0066,-47.3735],[-70.9899,-47.3402],[-71.014,-47.3052],[-70.9551,-47.2605],[-70.9503,-47.2536],[-70.9237,-47.2193],[-70.8854,-47.2158],[-70.8534,-47.1806],[-70.8579,-47.1361],[-70.888,-47.1243],[-70.8883,-47.1241],[-70.8322,-47.1044],[-70.8475,-47.0843],[-70.8335,-47.0752],[-70.8334,-47.0752],[-70.7635,-47.0413],[-70.72,-47.0408],[-70.6929,-47.0178],[-70.6927,-47.017],[-70.6763,-46.9902],[-70.6915,-46.949],[-70.714,-46.9356],[-70.7077,-46.9176],[-70.708,-46.917],[-70.7085,-46.9161],[-70.7389,-46.8736],[-70.7296,-46.8564],[-70.7913,-46.8132],[-70.7873,-46.7909],[-70.811,-46.7447],[-70.8411,-46.734],[-70.8422,-46.7335],[-70.8757,-46.6865],[-70.8802,-46.6841],[-70.9263,-46.6347],[-70.9232,-46.6129],[-70.9241,-46.611],[-70.925,-46.611],[-70.9453,-46.584],[-70.9453,-46.5834],[-70.9421,-46.5834]],[[-70.9264,-46.583],[-70.9271,-46.5829],[-70.9277,-46.5831]],[[-70.9277,-46.5835],[-70.9276,-46.5836],[-70.9265,-46.5835],[-70.9264,-46.5835]],[[-70.2658,-48.7459],[-70.2656,-48.746]],[[-70.2656,-48.7464],[-70.2653,-48.7462]],[[-70.9242,-46.611],[-70.9239,-46.6115],[-70.9232,-46.6129]],[[-71.1555,-41.032],[-71.1532,-41.0325],[-71.1531,-41.0325],[-71.153,-41.0324],[-71.1531,-41.0324],[-71.1555,-41.032],[-71.2088,-41.0379],[-71.2368,-41.0406],[-71.2713,-41.0355],[-71.333,-41.0252],[-71.3428,-40.9955],[-71.3484,-40.9756],[-71.3543,-40.9517],[-71.3544,-40.9516],[-71.3698,-40.9414],[-71.3701,-40.9413],[-71.3799,-40.9403],[-71.38,-40.9403],[-71.4127,-40.9337],[-71.4128,-40.9336],[-71.4263,-40.9275],[-71.4265,-40.9275],[-71.4323,-40.9257],[-71.4324,-40.9257],[-71.4529,-40.9131],[-71.4682,-40.9012],[-71.4729,-40.8963],[-71.4733,-40.8963],[-71.477,-40.8996],[-71.4776,-40.9009],[-71.4965,-40.8912],[-71.5181,-40.8534],[-71.5184,-40.853],[-71.538,-40.8373],[-71.5384,-40.8372],[-71.5498,-40.8332],[-71.5503,-40.8332],[-71.559,-40.8311],[-71.5623,-40.8281],[-71.5633,-40.8271],[-71.5638,-40.8266],[-71.5669,-40.8235],[-71.5671,-40.8218],[-71.5837,-40.8094],[-71.5981,-40.7898],[-71.5987,-40.7897],[-71.6133,-40.7784],[-71.6196,-40.7691],[-71.6232,-40.7684],[-71.6264,-40.7674]],[[-71.2157,-42.9489],[-71.2156,-42.9488],[-71.2155,-42.9488],[-71.2156,-42.9489],[-71.2157,-42.9493],[-71.2153,-42.9502],[-71.2158,-42.9494],[-71.2157,-42.9489],[-71.2156,-42.9489],[-71.2149,-42.949],[-71.2137,-42.9492],[-71.2131,-42.9492],[-71.2155,-42.9488]],[[-71.5368,-41.9668],[-71.5362,-41.9672],[-71.536,-41.9673],[-71.5331,-41.9699],[-71.5336,-41.9695],[-71.5337,-41.9695],[-71.536,-41.9674],[-71.5362,-41.9673],[-71.5368,-41.9668],[-71.5362,-41.9572],[-71.5364,-41.955],[-71.5367,-41.9519],[-71.5353,-41.9437],[-71.5337,-41.9377],[-71.5352,-41.9348],[-71.5354,-41.9345],[-71.5363,-41.9312],[-71.5316,-41.9263],[-71.5314,-41.9261],[-71.531,-41.9256],[-71.5309,-41.9255],[-71.5306,-41.9252],[-71.5017,-41.8964],[-71.4703,-41.8804],[-71.4698,-41.8805],[-71.454,-41.8756],[-71.4199,-41.8279],[-71.4199,-41.8278],[-71.4325,-41.7827],[-71.4324,-41.7824],[-71.4422,-41.7594],[-71.444,-41.7524],[-71.4764,-41.7453],[-71.455,-41.7216],[-71.4548,-41.7213],[-71.4346,-41.6997],[-71.4605,-41.6582],[-71.4553,-41.6245],[-71.4924,-41.5863],[-71.4927,-41.5858],[-71.4957,-41.5832],[-71.4592,-41.5263],[-71.4612,-41.5237],[-71.4591,-41.5163],[-71.4663,-41.5057],[-71.4831,-41.4463],[-71.4855,-41.4386],[-71.4855,-41.4384],[-71.4867,-41.4337],[-71.4922,-41.4123],[-71.4923,-41.4122],[-71.4993,-41.3932],[-71.4994,-41.393],[-71.5152,-41.3673],[-71.5153,-41.3671],[-71.5156,-41.3576],[-71.5152,-41.3564],[-71.515,-41.3562],[-71.5126,-41.3527],[-71.5125,-41.3525],[-71.5114,-41.3508],[-71.5042,-41.3392],[-71.4925,-41.3016],[-71.4925,-41.3014],[-71.4934,-41.2637],[-71.4547,-41.2513],[-71.4546,-41.2513],[-71.4077,-41.2171],[-71.4076,-41.217],[-71.3877,-41.1867],[-71.3762,-41.1832],[-71.3738,-41.1821],[-71.3691,-41.1806],[-71.3665,-41.1799],[-71.3647,-41.1795],[-71.3527,-41.1765],[-71.3515,-41.1762],[-71.3478,-41.1752],[-71.3388,-41.1726],[-71.3376,-41.1725],[-71.3379,-41.172],[-71.3388,-41.1726]],[[-71.2257,-41.1165],[-71.2258,-41.1168],[-71.2256,-41.1174],[-71.2265,-41.1174],[-71.2266,-41.1174],[-71.227,-41.117],[-71.2263,-41.1163],[-71.2257,-41.1165],[-71.2257,-41.1156],[-71.2251,-41.1148],[-71.2171,-41.1106],[-71.2161,-41.1094],[-71.2161,-41.1093],[-71.2153,-41.1084],[-71.2021,-41.1049],[-71.1946,-41.1044],[-71.1832,-41.0923],[-71.1833,-41.0886],[-71.1834,-41.0878],[-71.1792,-41.0808],[-71.1769,-41.0789],[-71.1761,-41.0783],[-71.1744,-41.0769],[-71.1743,-41.0768],[-71.1722,-41.0751],[-71.1721,-41.075],[-71.1707,-41.0738],[-71.1705,-41.0737],[-71.1681,-41.0717],[-71.1669,-41.0707],[-71.1663,-41.0702],[-71.1659,-41.0699],[-71.1643,-41.0686],[-71.1635,-41.0679],[-71.1627,-41.0672],[-71.1571,-41.0631],[-71.1518,-41.0596],[-71.1501,-41.0584],[-71.1489,-41.0565],[-71.1486,-41.0558],[-71.1489,-41.0523],[-71.1538,-41.0348],[-71.1531,-41.0325]],[[-71.3365,-41.1721],[-71.3366,-41.1728],[-71.3271,-41.1765],[-71.3219,-41.1792],[-71.3194,-41.1812],[-71.3189,-41.1813],[-71.3068,-41.1751],[-71.3,-41.1715],[-71.2986,-41.1701],[-71.297,-41.1682],[-71.2987,-41.1701],[-71.3,-41.1715]],[[-71.2153,-42.9502],[-71.2096,-42.9553],[-71.206,-42.9579],[-71.0238,-43.0241],[-71.0237,-43.0241],[-70.9414,-43.0674],[-70.8394,-43.1504],[-70.8325,-43.2066],[-70.8966,-43.3106],[-70.8827,-43.3759],[-70.8816,-43.3772],[-70.8768,-43.3968],[-70.8768,-43.3974],[-70.8856,-43.4242],[-70.8564,-43.4627],[-70.8562,-43.4629],[-70.8148,-43.484],[-70.8038,-43.5046],[-70.803,-43.5086],[-70.7944,-43.5333],[-70.8368,-43.6144],[-70.841,-43.6274],[-70.8282,-43.6533],[-70.8283,-43.6535],[-70.8327,-43.6607],[-70.8328,-43.6609],[-70.8961,-43.7306],[-70.8963,-43.7308],[-70.9291,-43.7696],[-70.9292,-43.7697],[-70.9293,-43.7698],[-70.9294,-43.7699],[-70.9357,-43.7976],[-70.9353,-43.8047],[-70.9351,-43.805],[-70.9345,-43.8058],[-70.9197,-43.8291],[-70.8962,-43.9366],[-70.8961,-43.9368],[-70.8906,-43.9568],[-70.8304,-43.9931],[-70.7747,-44.0075],[-70.7743,-44.008],[-70.7737,-44.0088],[-70.7732,-44.0095],[-70.7724,-44.0107],[-70.772,-44.0113],[-70.7717,-44.0119],[-70.7584,-44.025],[-70.7569,-44.0259],[-70.6063,-44.0461],[-70.6004,-44.0465],[-70.58,-44.0518],[-70.6004,-44.0465]],[[-71.3366,-41.1728],[-71.3375,-41.1725],[-71.3364,-41.1721],[-71.3367,-41.1717],[-71.3369,-41.1717],[-71.3378,-41.172],[-71.3379,-41.172]],[[-71.2131,-42.9492],[-71.2109,-42.9495],[-71.2053,-42.9469],[-71.1667,-42.9263],[-71.1279,-42.8592],[-71.1279,-42.8591],[-71.1247,-42.853],[-71.1243,-42.8521],[-71.1238,-42.8512],[-71.1166,-42.8145],[-71.1167,-42.8139],[-71.123,-42.7837],[-71.1084,-42.7606],[-71.108,-42.7601],[-71.0972,-42.7408],[-71.0974,-42.7389],[-71.0975,-42.738],[-71.0969,-42.7348],[-71.0302,-42.7098],[-71.0287,-42.709],[-71.0094,-42.698],[-71.0196,-42.6844],[-71.0715,-42.6661],[-71.0726,-42.6653],[-71.0811,-42.6436],[-71.0692,-42.6248],[-71.0693,-42.6248],[-71.0771,-42.6144],[-71.0777,-42.6134],[-71.0682,-42.5744],[-71.096,-42.5439],[-71.0962,-42.5437],[-71.1012,-42.5372],[-71.1013,-42.537],[-71.0954,-42.5166],[-71.0954,-42.5163],[-71.0951,-42.4776],[-71.0951,-42.4773],[-71.0967,-42.4684],[-71.0968,-42.4676],[-71.0998,-42.4509],[-71.0998,-42.4508],[-71.1073,-42.3524],[-71.1316,-42.3229],[-71.2301,-42.2935],[-71.3014,-42.303],[-71.3532,-42.2921],[-71.3626,-42.2681],[-71.347,-42.226],[-71.3748,-42.2153],[-71.3756,-42.2149],[-71.3861,-42.2063],[-71.3866,-42.206],[-71.3868,-42.2058],[-71.3872,-42.2056],[-71.3877,-42.2052],[-71.3894,-42.204],[-71.3901,-42.2035],[-71.395,-42.2012],[-71.3959,-42.2003],[-71.4008,-42.1411],[-71.4012,-42.141],[-71.4434,-42.1025],[-71.5154,-42.0698],[-71.5216,-42.0658],[-71.5233,-42.0652],[-71.5248,-42.0645],[-71.5461,-42.0342],[-71.5461,-42.0286],[-71.5461,-42.028],[-71.546,-42.0275],[-71.535,-42.0045],[-71.5238,-41.9943],[-71.523,-41.9921],[-71.5247,-41.9815],[-71.524,-41.9771],[-71.5255,-41.9741],[-71.5331,-41.9699]],[[-71.2597,-41.159],[-71.2615,-41.1588],[-71.2623,-41.1587],[-71.2629,-41.1586],[-71.2649,-41.1583],[-71.2638,-41.1584],[-71.2622,-41.1586],[-71.2606,-41.1588],[-71.2597,-41.159],[-71.2255,-41.1351],[-71.2209,-41.1211],[-71.2221,-41.12],[-71.2222,-41.12],[-71.224,-41.1186],[-71.2256,-41.1174]],[[-71.297,-41.1682],[-71.2935,-41.1643],[-71.2727,-41.1574],[-71.2705,-41.1577],[-71.2649,-41.1583]],[[-71.2265,-41.1174],[-71.2258,-41.1168]],[[-71.3376,-41.1725],[-71.3375,-41.1725]],[[-71.2257,-41.1156],[-71.2263,-41.1163]],[[-70.2509,-45.6845],[-70.2514,-45.685]],[[-70.2514,-45.6861],[-70.251,-45.6857],[-70.2516,-45.6856]],[[-70.251,-45.6857],[-70.2509,-45.6851]],[[-71.1532,-41.0325],[-71.1533,-41.0331],[-71.1538,-41.0348]],[[-70.269,-45.6706],[-70.2691,-45.6716],[-70.2697,-45.6714]],[[-70.5536,-44.0585],[-70.5564,-44.058],[-70.5543,-44.0594]],[[-70.5564,-44.058],[-70.5681,-44.0557],[-70.58,-44.0518]],[[-70.5541,-44.0596],[-70.5535,-44.0611]],[[-70.2697,-45.6722],[-70.2682,-45.673]],[[-71.2209,-41.1211],[-71.221,-41.121],[-71.222,-41.12],[-71.2221,-41.1199],[-71.2235,-41.1189],[-71.224,-41.1186]],[[-70.269,-45.6719],[-70.2691,-45.6716]],[[-71.5154,-42.0698],[-71.5216,-42.0658],[-71.5233,-42.0651],[-71.5248,-42.0645]],[[-70.2664,-37.3527],[-70.2672,-37.3524],[-70.2753,-37.3303],[-70.2355,-37.3048],[-70.1811,-37.3102],[-70.1421,-37.336],[-70.0446,-37.3277],[-70.008,-37.3408],[-69.8503,-37.2957],[-69.8064,-37.2662],[-69.7862,-37.1804],[-69.8075,-37.1428],[-69.7927,-37.1312],[-69.869,-37.0528],[-69.8774,-37.0468],[-69.879,-37.0455],[-69.8784,-37.0388],[-69.8197,-37.0019],[-69.794,-36.9683],[-69.7906,-36.9307],[-69.8445,-36.8689],[-69.8896,-36.844],[-69.9112,-36.8252],[-69.912,-36.8203],[-69.9118,-36.8195],[-69.9114,-36.819],[-69.9055,-36.814],[-69.8767,-36.8152],[-69.8737,-36.8138],[-69.8715,-36.8129],[-69.8533,-36.7976],[-69.8591,-36.7855],[-69.8555,-36.7178],[-69.8328,-36.7084],[-69.8427,-36.6848],[-69.8263,-36.6633],[-69.8468,-36.6433],[-69.831,-36.6381],[-69.8278,-36.5703],[-69.7534,-36.5428],[-69.7473,-36.5215],[-69.7053,-36.5002],[-69.6667,-36.5157],[-69.6663,-36.5156],[-69.669,-36.4956],[-69.6461,-36.4768],[-69.646,-36.4263],[-69.6639,-36.4227],[-69.6906,-36.3477],[-69.6666,-36.3127],[-69.667,-36.3127],[-69.6655,-36.2753],[-69.6839,-36.2413],[-69.6697,-36.2198],[-69.6693,-36.2197],[-69.7148,-36.1412],[-69.7276,-36.041],[-69.7376,-36.0165],[-69.7376,-36.0163],[-69.7408,-35.9646],[-69.7335,-35.9532],[-69.7713,-35.8867],[-69.8043,-35.8682],[-69.8052,-35.8678],[-69.8054,-35.8677],[-69.8061,-35.8671],[-69.8076,-35.8644],[-69.8078,-35.8629],[-69.8079,-35.862],[-69.8079,-35.8629],[-69.8076,-35.8644]],[[-70.0739,-38.9035],[-70.0745,-38.903],[-70.0791,-38.9018],[-70.0796,-38.9015]],[[-70.0739,-38.9036],[-70.0742,-38.9044],[-70.0734,-38.9039]],[[-71.3037,-40.144],[-71.3023,-40.1432],[-71.3016,-40.1428],[-71.3007,-40.1424],[-71.3013,-40.1428],[-71.3022,-40.1433],[-71.3032,-40.1438],[-71.3037,-40.144],[-71.3074,-40.1478],[-71.308,-40.148],[-71.3078,-40.1482],[-71.3079,-40.1482],[-71.3082,-40.1483],[-71.3083,-40.1481],[-71.308,-40.148]],[[-71.3434,-40.1545],[-71.3432,-40.1543],[-71.3427,-40.1542],[-71.3407,-40.1539],[-71.3407,-40.154],[-71.3407,-40.1539],[-71.3381,-40.1538],[-71.338,-40.1538],[-71.338,-40.1539],[-71.3381,-40.1539],[-71.3407,-40.154],[-71.3427,-40.1543],[-71.3431,-40.1544],[-71.3434,-40.1545],[-71.3457,-40.1552],[-71.3588,-40.1595],[-71.3582,-40.1605],[-71.358,-40.161],[-71.3577,-40.1615],[-71.3571,-40.1625],[-71.3568,-40.1628],[-71.3565,-40.1641],[-71.3568,-40.1656],[-71.3959,-40.1767],[-71.3675,-40.2017],[-71.3567,-40.1952],[-71.3724,-40.2419],[-71.3725,-40.2422],[-71.3887,-40.2714],[-71.3824,-40.3096],[-71.3814,-40.3159],[-71.3817,-40.3162],[-71.3826,-40.3177],[-71.4425,-40.3457],[-71.4665,-40.3895],[-71.5362,-40.4398],[-71.5364,-40.4399],[-71.5422,-40.4457],[-71.5426,-40.4461],[-71.5537,-40.451],[-71.5758,-40.4532],[-71.5766,-40.4553],[-71.5824,-40.4838],[-71.5844,-40.4843],[-71.592,-40.487],[-71.5943,-40.4895],[-71.5951,-40.4898],[-71.5954,-40.4899],[-71.6017,-40.4888],[-71.604,-40.488],[-71.6281,-40.4766],[-71.6496,-40.5112],[-71.6497,-40.5124],[-71.6584,-40.58],[-71.6461,-40.6003],[-71.645,-40.6081],[-71.6451,-40.6082],[-71.6452,-40.6086],[-71.6454,-40.6089],[-71.6511,-40.6262],[-71.6642,-40.6218],[-71.6645,-40.6218],[-71.6746,-40.6124],[-71.693,-40.6044],[-71.6933,-40.6042],[-71.7065,-40.6037],[-71.7067,-40.6042],[-71.7018,-40.646],[-71.6948,-40.6812],[-71.6918,-40.6875],[-71.6919,-40.6892],[-71.6934,-40.691],[-71.6955,-40.6918],[-71.6964,-40.6917],[-71.6968,-40.6918],[-71.6969,-40.6924],[-71.6973,-40.693],[-71.6981,-40.6937],[-71.699,-40.6942],[-71.6959,-40.7193],[-71.695,-40.7207],[-71.6742,-40.7343],[-71.6727,-40.7353],[-71.6727,-40.7366],[-71.6713,-40.7409],[-71.6684,-40.7426],[-71.6674,-40.7437],[-71.6668,-40.7459],[-71.6667,-40.7473],[-71.6666,-40.7511],[-71.666,-40.7515],[-71.6636,-40.7524],[-71.6592,-40.7543],[-71.6589,-40.7544],[-71.658,-40.7548],[-71.6524,-40.7574],[-71.6496,-40.7596],[-71.6478,-40.7613],[-71.6478,-40.7614],[-71.6474,-40.762],[-71.6474,-40.7621],[-71.6471,-40.7621],[-71.6456,-40.762],[-71.6437,-40.7622],[-71.6418,-40.7628],[-71.6414,-40.7629],[-71.6403,-40.7632],[-71.6417,-40.7627],[-71.6418,-40.7627],[-71.6437,-40.7621],[-71.6456,-40.7619],[-71.6471,-40.762],[-71.6473,-40.762],[-71.6474,-40.762]],[[-71.0737,-39.9445],[-71.0743,-39.9465],[-71.0754,-39.9493],[-71.0758,-39.9503],[-71.0759,-39.9507],[-71.0763,-39.9516],[-71.0766,-39.9524],[-71.0772,-39.954],[-71.0765,-39.9519],[-71.0764,-39.9516],[-71.0759,-39.9503],[-71.0756,-39.9493],[-71.0754,-39.9489],[-71.0747,-39.9469],[-71.0737,-39.9445],[-71.0723,-39.9406],[-71.0709,-39.937],[-71.0682,-39.9299],[-71.0743,-39.9223],[-71.073,-39.9174],[-71.0722,-39.9162],[-71.0707,-39.9138],[-71.0683,-39.9135],[-70.9346,-39.9394],[-70.8765,-39.9918],[-70.8407,-39.9988],[-70.8383,-39.9992],[-70.835,-39.9981],[-70.832,-39.9972],[-70.8273,-39.9993],[-70.8234,-39.9996],[-70.8208,-39.9996],[-70.7884,-40.0031],[-70.7724,-39.9806],[-70.766,-39.9797],[-70.7574,-39.979],[-70.7014,-39.8753],[-70.6283,-39.8266],[-70.6265,-39.8254],[-70.6249,-39.8239],[-70.6234,-39.8224],[-70.6081,-39.795],[-70.6202,-39.7537],[-70.5732,-39.7188],[-70.5301,-39.7125],[-70.4655,-39.7307],[-70.4215,-39.7208],[-70.3974,-39.6893],[-70.404,-39.6516],[-70.3907,-39.6249],[-70.3422,-39.5661],[-70.2999,-39.5131],[-70.2994,-39.5127],[-70.2098,-39.4645],[-70.2096,-39.4644],[-70.1756,-39.4461],[-70.1841,-39.4372],[-70.1842,-39.437],[-70.1852,-39.4327],[-70.185,-39.4324],[-70.1395,-39.3507],[-70.1393,-39.3502],[-70.1195,-39.3123],[-70.1193,-39.312],[-70.065,-39.2118],[-70.0648,-39.2104],[-70.045,-39.1509],[-70.0425,-39.1442],[-70.0044,-39.0999],[-70.0218,-39.0274],[-70.0144,-39.0212],[-70.0119,-39.0205],[-70.0888,-39.001],[-70.0889,-39.0008],[-70.1001,-38.9909],[-70.0751,-38.9474],[-70.0818,-38.9147],[-70.0817,-38.9135],[-70.0811,-38.9123],[-70.0781,-38.9089],[-70.0743,-38.9046],[-70.0742,-38.9044]],[[-70.3689,-38.5265],[-70.3614,-38.5227],[-70.363,-38.5207],[-70.3622,-38.5196],[-70.362,-38.5194],[-70.3608,-38.5179],[-70.335,-38.5118],[-70.3348,-38.5117],[-70.2593,-38.4972],[-70.2586,-38.4975],[-70.2231,-38.5061],[-70.1688,-38.493],[-70.1108,-38.4447],[-70.0605,-38.2694],[-70.0942,-38.2145],[-70.0937,-38.2136],[-70.1102,-38.1857],[-70.0996,-38.1235],[-70.0996,-38.1233],[-70.0665,-38.0503],[-70.0664,-38.0497],[-70.0597,-38.0228],[-70.0595,-38.0222],[-70.0753,-37.9387],[-70.0545,-37.9327],[-70.0554,-37.8838],[-70.0742,-37.8134],[-70.1328,-37.7381],[-70.1332,-37.7375],[-70.1539,-37.725],[-70.1612,-37.6063],[-70.1933,-37.4923],[-70.2132,-37.4703],[-70.213,-37.4698],[-70.229,-37.424],[-70.229,-37.4237],[-70.2315,-37.4081],[-70.2293,-37.4064],[-70.2392,-37.3971],[-70.2393,-37.3969],[-70.2418,-37.3938],[-70.2419,-37.3937],[-70.2472,-37.3916],[-70.2473,-37.3916],[-70.2499,-37.3904],[-70.251,-37.3896],[-70.2517,-37.3891],[-70.2521,-37.3889],[-70.2594,-37.3837],[-70.2603,-37.3744],[-70.2605,-37.369],[-70.2607,-37.3653],[-70.2615,-37.3577],[-70.265,-37.3536],[-70.2661,-37.3535]],[[-70.1092,-38.8721],[-70.1095,-38.8714],[-70.1103,-38.8707],[-70.1118,-38.8692],[-70.196,-38.7944],[-70.1967,-38.7943],[-70.2149,-38.7979],[-70.3033,-38.7196],[-70.3527,-38.614],[-70.3256,-38.5766],[-70.3611,-38.5428],[-70.3626,-38.5417],[-70.3641,-38.5405],[-70.3677,-38.5378],[-70.3663,-38.5324],[-70.366,-38.5307],[-70.3691,-38.5267],[-70.369,-38.5265]],[[-70.0848,-38.8962],[-70.0862,-38.895],[-70.0853,-38.8963]],[[-70.3615,-38.5226],[-70.369,-38.5264]],[[-70.1088,-38.8719],[-70.1095,-38.8714]],[[-70.1086,-38.8727],[-70.1079,-38.8731],[-70.1082,-38.8725]],[[-71.3007,-40.1424],[-71.2943,-40.1391],[-71.2913,-40.1381],[-71.2901,-40.1377],[-71.2885,-40.137],[-71.288,-40.1368],[-71.2862,-40.1361],[-71.2858,-40.1359],[-71.2812,-40.1349],[-71.2783,-40.1343],[-71.2764,-40.1338],[-71.2702,-40.1322],[-71.2646,-40.1298],[-71.2626,-40.1291],[-71.2528,-40.1259],[-71.2514,-40.1255],[-71.2499,-40.1251],[-71.2468,-40.1243],[-71.2464,-40.1243],[-71.2459,-40.1242],[-71.2344,-40.12],[-71.2319,-40.1198],[-71.2082,-40.1284],[-71.2051,-40.1285],[-71.1959,-40.1274],[-71.1952,-40.1272],[-71.1946,-40.1271],[-71.1923,-40.1266],[-71.171,-40.1119],[-71.1706,-40.1117],[-71.0797,-40.0629],[-71.0771,-40.0577],[-71.0772,-40.0573],[-71.0917,-40.0263],[-71.0846,-39.9855],[-71.0845,-39.9851],[-71.083,-39.9778],[-71.0823,-39.9741],[-71.0817,-39.9708],[-71.081,-39.9669],[-71.0808,-39.9662],[-71.0802,-39.9627],[-71.0787,-39.958],[-71.0772,-39.954]],[[-71.3191,-40.1504],[-71.3194,-40.1508],[-71.3197,-40.1506],[-71.3191,-40.1504],[-71.3167,-40.1485],[-71.3163,-40.148],[-71.3161,-40.1482],[-71.3159,-40.1481],[-71.3159,-40.148],[-71.3161,-40.1479],[-71.3155,-40.1477],[-71.3159,-40.148]],[[-71.3194,-40.1508],[-71.3195,-40.1508],[-71.3195,-40.1509],[-71.3205,-40.1513],[-71.3211,-40.1514],[-71.3207,-40.1512],[-71.3205,-40.1513]],[[-71.6267,-40.7673],[-71.6276,-40.7666],[-71.6282,-40.7662],[-71.6342,-40.7629],[-71.6365,-40.7627],[-71.6392,-40.7631],[-71.6399,-40.7632],[-71.64,-40.7632],[-71.6403,-40.7632]],[[-71.3197,-40.1506],[-71.3204,-40.151],[-71.3206,-40.1511],[-71.3207,-40.1512]],[[-71.3167,-40.1485],[-71.3161,-40.1482]],[[-71.3083,-40.1481],[-71.3087,-40.1483],[-71.3082,-40.1483]],[[-71.3078,-40.1482],[-71.3074,-40.1478]],[[-71.3296,-40.1533],[-71.3298,-40.1531],[-71.3348,-40.1535],[-71.3349,-40.1535],[-71.3348,-40.1535],[-71.3296,-40.1533],[-71.3294,-40.1531],[-71.3293,-40.1527],[-71.3227,-40.1513],[-71.3211,-40.1514]],[[-71.3161,-40.1479],[-71.3163,-40.148]],[[-70.0732,-38.9039],[-70.0733,-38.9033],[-70.0732,-38.9039]],[[-70.0803,-38.9013],[-70.0804,-38.9008],[-70.082,-38.8991],[-70.0841,-38.8971],[-70.0843,-38.897],[-70.0847,-38.8965]],[[-70.0736,-38.9032],[-70.0745,-38.903]],[[-70.0799,-38.9012],[-70.0804,-38.9008]],[[-70.0799,-38.9018],[-70.0791,-38.9018]],[[-70.0862,-38.895],[-70.0873,-38.8939],[-70.0916,-38.8895],[-70.1058,-38.8753],[-70.1072,-38.8738],[-70.1079,-38.8731]],[[-70.0851,-38.8967],[-70.0843,-38.897]],[[-71.3381,-40.1538],[-71.3381,-40.1539]],[[-70.2672,-37.3524],[-70.2668,-37.353]],[[-70.265,-37.3536],[-70.2657,-37.3531]],[[-71.6196,-40.7691],[-71.6227,-40.7681],[-71.6247,-40.7675],[-71.6253,-40.7676],[-71.6261,-40.7672]],[[-71.6264,-40.767],[-71.6276,-40.7665],[-71.6282,-40.7662]],[[-70.0803,-38.9014],[-70.0801,-38.9017],[-70.0796,-38.9014],[-70.0798,-38.9012],[-70.0803,-38.9014]],[[-71.3293,-40.1527],[-71.3296,-40.153],[-71.3298,-40.1531]],[[-71.3294,-40.1531],[-71.3296,-40.153]],[[-71.3155,-40.1477],[-71.3096,-40.1483],[-71.3087,-40.1483]],[[-71.338,-40.1539],[-71.3349,-40.1535],[-71.338,-40.1538]],[[-71.6968,-40.6918],[-71.6962,-40.6919],[-71.6955,-40.6918]],[[-71.667,-40.7451],[-71.6536,-40.7481],[-71.6463,-40.7497],[-71.6458,-40.7498],[-71.6387,-40.7504],[-71.6386,-40.7505],[-71.6364,-40.7509],[-71.6362,-40.751],[-71.6276,-40.7653],[-71.636,-40.7508],[-71.6362,-40.7507],[-71.6386,-40.7503],[-71.6387,-40.7503],[-71.6459,-40.7497],[-71.6463,-40.7496],[-71.6535,-40.7481],[-71.6675,-40.7431]],[[-71.6276,-40.7653],[-71.6254,-40.7669],[-71.6253,-40.767],[-71.625,-40.7675],[-71.625,-40.7676],[-71.6225,-40.7683]],[[-69.8079,-35.862],[-69.808,-35.8618],[-69.8082,-35.8587],[-69.8071,-35.8565],[-69.7905,-35.852],[-69.7875,-35.852],[-69.7874,-35.852],[-69.777,-35.8534],[-69.7734,-35.8546],[-69.7736,-35.8539],[-69.7743,-35.8534]],[[-69.7744,-35.8528],[-69.774,-35.8521],[-69.6973,-35.8241],[-69.6808,-35.8182],[-69.6805,-35.8179],[-69.6614,-35.7773],[-69.616,-35.7461],[-69.5588,-35.7494],[-69.5585,-35.7491],[-69.5351,-35.7156],[-69.5814,-35.5681],[-69.5814,-35.5679],[-69.5958,-35.5439],[-69.5957,-35.5431],[-69.5857,-35.4973],[-69.5852,-35.4809],[-69.5853,-35.4768],[-69.5855,-35.4733],[-69.5855,-35.4711],[-69.5856,-35.469],[-69.5857,-35.4668],[-69.5857,-35.4657],[-69.5857,-35.4632],[-69.5862,-35.4487],[-69.5862,-35.4484],[-69.5865,-35.4374],[-69.5874,-35.3823],[-69.5874,-35.3822],[-69.5819,-35.3468],[-69.5943,-35.3324],[-69.5945,-35.3322],[-69.663,-35.2181],[-69.6624,-35.2175],[-69.6041,-35.1572],[-69.5885,-35.1083],[-69.5996,-35.0869],[-69.599,-35.0852],[-69.5826,-35.081],[-69.474,-35.0537],[-69.4695,-35.0521],[-69.4681,-35.051],[-69.4676,-35.05],[-69.4671,-35.0489],[-69.4666,-35.0476],[-69.4661,-35.0468],[-69.4643,-35.0447],[-69.4339,-35.0118],[-69.4336,-35.0115],[-69.3966,-34.9708],[-69.3964,-34.9705],[-69.2492,-34.818],[-69.1591,-34.6878],[-69.1564,-34.6506],[-69.1798,-34.6397],[-69.1815,-34.6382],[-69.1701,-34.623],[-69.1822,-34.582],[-69.1758,-34.5713],[-69.1811,-34.5522],[-69.1791,-34.5516],[-69.169,-34.5524],[-69.1644,-34.545],[-69.1442,-34.5163],[-69.1074,-34.369],[-69.1156,-34.2809],[-69.1165,-34.2788],[-69.1295,-34.2413],[-69.1295,-34.2412],[-69.08,-33.9579],[-69.0782,-33.9551],[-69.0758,-33.9536],[-69.0757,-33.9536],[-69.0752,-33.9533],[-69.075,-33.9532],[-69.0749,-33.9532],[-69.0749,-33.9531],[-69.075,-33.9531],[-69.0767,-33.9505],[-69.0781,-33.9468],[-69.0765,-33.896],[-69.0758,-33.8922],[-69.0751,-33.8887],[-69.0745,-33.8855],[-69.0721,-33.847],[-69.0661,-33.8002],[-69.0661,-33.8],[-69.0652,-33.7948],[-69.0639,-33.7893],[-69.0652,-33.7948]],[[-69.0612,-33.7773],[-69.062,-33.7807],[-69.0612,-33.7773],[-69.0588,-33.7666],[-69.0584,-33.7657],[-69.0583,-33.7654],[-69.0583,-33.7653],[-69.0582,-33.7641],[-69.0489,-33.7082],[-69.0485,-33.7051],[-69.0391,-33.6667],[-69.0389,-33.6665],[-69.0191,-33.619],[-69.0192,-33.6187],[-69.0193,-33.6185],[-69.0195,-33.6183],[-69.0153,-33.5951],[-69.0153,-33.5933],[-69.0155,-33.5925],[-69.0156,-33.5903],[-69.0157,-33.5885],[-69.0161,-33.5818],[-69.0161,-33.5808],[-69.0162,-33.5797],[-69.0162,-33.5786],[-69.0167,-33.5672],[-69.0168,-33.5656],[-69.0169,-33.565],[-69.017,-33.5622],[-69.0169,-33.5619]],[[-69.5852,-35.4809],[-69.5851,-35.4791],[-69.5851,-35.4779],[-69.5852,-35.4757],[-69.5853,-35.4722],[-69.5854,-35.4701],[-69.5855,-35.4679],[-69.5856,-35.4657],[-69.5857,-35.4632]],[[-68.8189,-32.8974],[-68.819,-32.8979],[-68.8194,-32.8997],[-68.8242,-32.9184],[-68.8242,-32.9188],[-68.8241,-32.9223],[-68.8245,-32.9258],[-68.8246,-32.9261],[-68.8272,-32.9315],[-68.8275,-32.932],[-68.8295,-32.9361],[-68.8306,-32.9404],[-68.8307,-32.9407],[-68.8315,-32.9441],[-68.8379,-32.9599],[-68.8421,-32.9679],[-68.8432,-32.97],[-68.8538,-32.9975],[-68.8539,-32.9979],[-68.8565,-33.0148],[-68.8566,-33.0153],[-68.8598,-33.0237],[-68.86,-33.024],[-68.8659,-33.0363],[-68.8684,-33.0457],[-68.8691,-33.0482],[-68.8731,-33.0689],[-68.8731,-33.0691],[-68.8791,-33.0981],[-68.8799,-33.1023],[-68.8798,-33.1166],[-68.8798,-33.1168],[-68.8772,-33.149],[-68.8808,-33.2062],[-68.8809,-33.2068],[-68.8813,-33.2082],[-68.8841,-33.2156],[-68.8846,-33.2163],[-68.8916,-33.2259],[-68.9049,-33.2884],[-68.9056,-33.2905],[-68.9057,-33.2908],[-68.9059,-33.2914],[-68.906,-33.2917],[-68.9208,-33.3331],[-68.9215,-33.3352],[-68.922,-33.3377],[-68.9221,-33.3382],[-68.9222,-33.3389],[-68.9223,-33.3391],[-68.9223,-33.3396],[-68.9225,-33.3405],[-68.9494,-33.4156],[-68.9497,-33.4162],[-68.9734,-33.4569],[-68.9735,-33.4571],[-68.9738,-33.4581],[-68.9739,-33.4584],[-68.9898,-33.4937],[-68.9893,-33.4938],[-68.9836,-33.4833],[-68.982,-33.4809],[-68.9725,-33.4576],[-68.9724,-33.4574],[-68.9493,-33.4163],[-68.949,-33.4157],[-68.9471,-33.412],[-68.9471,-33.4119],[-68.9471,-33.4118],[-68.947,-33.4117],[-68.923,-33.346],[-68.9227,-33.3438],[-68.9223,-33.3413],[-68.922,-33.3397],[-68.922,-33.3393],[-68.9219,-33.3385],[-68.9219,-33.3383],[-68.9218,-33.3378],[-68.9075,-33.2966],[-68.9065,-33.294],[-68.9059,-33.2922],[-68.9056,-33.2914],[-68.9054,-33.2908],[-68.9052,-33.29],[-68.8998,-33.269],[-68.8844,-33.2164],[-68.8839,-33.2156],[-68.8812,-33.2089],[-68.8807,-33.2069],[-68.8806,-33.2063],[-68.8766,-33.1489],[-68.8796,-33.1212],[-68.8796,-33.1169],[-68.8796,-33.1166],[-68.8798,-33.1026],[-68.8797,-33.1023],[-68.8729,-33.0691],[-68.8728,-33.0689],[-68.869,-33.0485],[-68.8682,-33.0456],[-68.8657,-33.0365],[-68.8655,-33.0362],[-68.8654,-33.0358],[-68.8597,-33.024],[-68.8595,-33.0237],[-68.8563,-33.0153],[-68.8562,-33.0148],[-68.8536,-32.998],[-68.8535,-32.9975],[-68.8431,-32.9702],[-68.8404,-32.9651],[-68.8376,-32.9599],[-68.8313,-32.9446],[-68.8304,-32.9408],[-68.8304,-32.9405],[-68.8287,-32.9349],[-68.8272,-32.9322],[-68.8269,-32.9316],[-68.8243,-32.9261],[-68.8242,-32.9258],[-68.8238,-32.9224],[-68.8238,-32.9211],[-68.824,-32.9188],[-68.824,-32.9184],[-68.8195,-32.9023],[-68.8193,-32.9013],[-68.8191,-32.8999],[-68.8189,-32.8979],[-68.8188,-32.8974]],[[-68.8327,-32.8964],[-68.8327,-32.8963],[-68.8326,-32.8962],[-68.8325,-32.896],[-68.8324,-32.8959],[-68.832,-32.8952],[-68.831,-32.8935],[-68.8306,-32.8928],[-68.8207,-32.8743],[-68.8189,-32.8734],[-68.8187,-32.8731],[-68.8184,-32.8729],[-68.8177,-32.8724],[-68.8176,-32.8724],[-68.8173,-32.8721],[-68.8149,-32.8702],[-68.8127,-32.8672],[-68.8102,-32.8637],[-68.8101,-32.8636],[-68.809,-32.862],[-68.8089,-32.8617],[-68.8066,-32.8554],[-68.805,-32.8511],[-68.8048,-32.8508],[-68.8025,-32.8476],[-68.8022,-32.8458],[-68.8022,-32.8455],[-68.8026,-32.8426],[-68.8027,-32.8423],[-68.8041,-32.8387],[-68.8067,-32.8335],[-68.8047,-32.8278],[-68.8032,-32.8241],[-68.802,-32.8215],[-68.8014,-32.8209],[-68.7914,-32.8152],[-68.7908,-32.8149],[-68.784,-32.811],[-68.7839,-32.8109],[-68.8005,-32.8202],[-68.8024,-32.8212],[-68.8027,-32.8218],[-68.8036,-32.8244],[-68.8043,-32.8267],[-68.8048,-32.8278],[-68.8062,-32.8304],[-68.8063,-32.8305],[-68.8069,-32.8339],[-68.8043,-32.8387],[-68.8041,-32.8391],[-68.8029,-32.8423],[-68.8028,-32.8427],[-68.8024,-32.8455],[-68.8024,-32.8458],[-68.8051,-32.8507],[-68.8052,-32.8511],[-68.8068,-32.8554],[-68.8069,-32.8558],[-68.8091,-32.8616],[-68.8092,-32.862],[-68.8103,-32.8636],[-68.8103,-32.8637],[-68.813,-32.8674],[-68.8153,-32.8703],[-68.8161,-32.871],[-68.8175,-32.8718],[-68.818,-32.8719],[-68.8181,-32.8721],[-68.8181,-32.8722],[-68.8204,-32.8737],[-68.8243,-32.8755],[-68.8306,-32.8914],[-68.831,-32.8927],[-68.8314,-32.8934],[-68.833,-32.8953],[-68.8334,-32.8959],[-68.8335,-32.8961],[-68.8336,-32.8962],[-68.8336,-32.8963]],[[-68.8317,-32.8938],[-68.8324,-32.8948],[-68.8326,-32.8952],[-68.8333,-32.8963]],[[-68.5184,-31.4488],[-68.5189,-31.4478],[-68.5185,-31.4477],[-68.5184,-31.4488],[-68.519,-31.457],[-68.5191,-31.4589],[-68.5192,-31.4597],[-68.5192,-31.4612],[-68.5193,-31.4621],[-68.5197,-31.4677],[-68.5197,-31.4678],[-68.5199,-31.4707],[-68.52,-31.471],[-68.5213,-31.4786],[-68.5213,-31.4789],[-68.5211,-31.481],[-68.5211,-31.4812],[-68.5198,-31.4885],[-68.5198,-31.4887],[-68.5194,-31.491],[-68.5193,-31.4913],[-68.5183,-31.4974],[-68.5183,-31.4978],[-68.5179,-31.5019],[-68.5179,-31.5021],[-68.5177,-31.5077],[-68.5177,-31.508],[-68.5177,-31.5113],[-68.5178,-31.5133],[-68.5178,-31.5143],[-68.5175,-31.5143],[-68.5174,-31.5145],[-68.5174,-31.5146],[-68.5179,-31.5146],[-68.5175,-31.5159],[-68.5174,-31.5165],[-68.5172,-31.5172],[-68.5171,-31.5182],[-68.5169,-31.5202],[-68.5166,-31.522],[-68.5165,-31.523],[-68.5157,-31.5298],[-68.5156,-31.5311],[-68.5154,-31.5322],[-68.5153,-31.5334],[-68.515,-31.5359],[-68.5149,-31.5371],[-68.5148,-31.5384],[-68.5146,-31.5396],[-68.5146,-31.5398],[-68.5146,-31.5402],[-68.5145,-31.5406],[-68.5144,-31.5415],[-68.5144,-31.5419],[-68.5154,-31.5432],[-68.5154,-31.5434],[-68.515,-31.5466],[-68.5149,-31.5522],[-68.5149,-31.5523],[-68.5144,-31.5536],[-68.5141,-31.5544],[-68.514,-31.5549],[-68.5139,-31.5555],[-68.5138,-31.5557],[-68.5138,-31.5561],[-68.5142,-31.5587],[-68.5143,-31.5593],[-68.5141,-31.5588],[-68.5139,-31.558],[-68.5137,-31.556],[-68.5137,-31.5557],[-68.5137,-31.5554],[-68.5139,-31.5549],[-68.514,-31.5544],[-68.5141,-31.5536],[-68.5144,-31.5536]],[[-68.5228,-31.5832],[-68.525,-31.5922],[-68.5264,-31.5979],[-68.5285,-31.6058],[-68.5286,-31.6061],[-68.5294,-31.6098],[-68.5294,-31.6099],[-68.5301,-31.6127],[-68.5301,-31.6129],[-68.5314,-31.6178],[-68.5314,-31.6181],[-68.5342,-31.6292],[-68.5342,-31.6294],[-68.5352,-31.6334],[-68.5358,-31.6362],[-68.535,-31.6335],[-68.5341,-31.6295],[-68.534,-31.6292],[-68.5313,-31.6181],[-68.5312,-31.6179],[-68.53,-31.6129],[-68.53,-31.6127],[-68.5293,-31.6099],[-68.5293,-31.6098],[-68.5284,-31.6061],[-68.5283,-31.6059],[-68.5261,-31.5977],[-68.5247,-31.5919],[-68.5226,-31.5832],[-68.5225,-31.5829],[-68.5183,-31.5733],[-68.5181,-31.573],[-68.5153,-31.5638],[-68.5145,-31.5602],[-68.5143,-31.5593],[-68.5183,-31.5728],[-68.5184,-31.5732],[-68.5227,-31.5829],[-68.5228,-31.5832]],[[-68.5189,-31.4478],[-68.5191,-31.4474],[-68.5192,-31.4466],[-68.5193,-31.4465],[-68.5231,-31.4416],[-68.5232,-31.4415],[-68.5277,-31.4384],[-68.5278,-31.4384],[-68.529,-31.4377],[-68.5424,-31.4311],[-68.5437,-31.4301],[-68.5438,-31.43],[-68.5561,-31.4142],[-68.5571,-31.4129],[-68.5576,-31.4122],[-68.5582,-31.4115],[-68.5584,-31.4113],[-68.5589,-31.4106],[-68.5597,-31.4095],[-68.5679,-31.3989],[-68.5683,-31.3984],[-68.57,-31.3963],[-68.571,-31.3952],[-68.59,-31.3882],[-68.6051,-31.3791],[-68.6077,-31.3775],[-68.608,-31.377],[-68.6078,-31.3732],[-68.6074,-31.3722],[-68.606,-31.3681],[-68.606,-31.3675],[-68.6061,-31.3644],[-68.6061,-31.3641],[-68.6061,-31.3624],[-68.6061,-31.3621],[-68.6062,-31.3594],[-68.6062,-31.3591],[-68.6062,-31.3565],[-68.6062,-31.3561],[-68.6063,-31.3545],[-68.6063,-31.354],[-68.6063,-31.3511],[-68.6063,-31.351],[-68.6064,-31.3483],[-68.6064,-31.3478],[-68.6065,-31.3456],[-68.6065,-31.3451],[-68.6065,-31.3419],[-68.6065,-31.3417],[-68.6066,-31.339],[-68.6066,-31.3387],[-68.6066,-31.3365],[-68.6066,-31.3363],[-68.6066,-31.3337],[-68.6066,-31.3334],[-68.6067,-31.3298],[-68.6067,-31.3295],[-68.6067,-31.3279],[-68.6067,-31.3274],[-68.6068,-31.3243],[-68.6068,-31.3237],[-68.6068,-31.3211],[-68.6068,-31.3205],[-68.6069,-31.3178],[-68.6069,-31.3175],[-68.607,-31.3113],[-68.607,-31.3112],[-68.6071,-31.3071],[-68.6085,-31.2987],[-68.6085,-31.2986],[-68.6093,-31.2971],[-68.6284,-31.2748],[-68.6284,-31.2741],[-68.6286,-31.2709],[-68.6286,-31.2704],[-68.6288,-31.2665],[-68.6288,-31.2659],[-68.6346,-31.2547],[-68.6351,-31.2539],[-68.6352,-31.2538],[-68.6354,-31.2536],[-68.6355,-31.2535],[-68.6359,-31.2528],[-68.6365,-31.2521],[-68.6365,-31.252],[-68.6422,-31.2455],[-68.6423,-31.2455],[-68.6568,-31.2297],[-68.6569,-31.229],[-68.6559,-31.2239],[-68.6556,-31.2233],[-68.6542,-31.22],[-68.6541,-31.2199],[-68.6535,-31.2185],[-68.6532,-31.2179],[-68.649,-31.2081],[-68.6488,-31.2077],[-68.6456,-31.2003],[-68.6454,-31.1999],[-68.6431,-31.1945],[-68.643,-31.1943],[-68.6415,-31.191],[-68.6415,-31.1908],[-68.641,-31.1893],[-68.641,-31.1891],[-68.6411,-31.1853],[-68.6411,-31.1849],[-68.6416,-31.1786],[-68.6416,-31.1781],[-68.6421,-31.1711],[-68.6421,-31.1706],[-68.6425,-31.1649],[-68.6426,-31.1644],[-68.6429,-31.1595],[-68.6429,-31.1594],[-68.6432,-31.155],[-68.6433,-31.1547],[-68.6437,-31.149],[-68.6437,-31.1488],[-68.6439,-31.146],[-68.6439,-31.1459],[-68.6442,-31.1417],[-68.6442,-31.1406],[-68.6442,-31.1404],[-68.6446,-31.135],[-68.6446,-31.1346],[-68.6384,-31.1249],[-68.638,-31.1246],[-68.6375,-31.1241],[-68.6373,-31.124],[-68.6368,-31.1236],[-68.6366,-31.1234],[-68.6352,-31.1201],[-68.6353,-31.12],[-68.6381,-31.1135],[-68.6381,-31.1134],[-68.6388,-31.1073],[-68.6388,-31.1068],[-68.6387,-31.1002],[-68.6384,-31.099],[-68.638,-31.0975],[-68.638,-31.0974],[-68.6378,-31.0969],[-68.6378,-31.0967],[-68.6377,-31.0963],[-68.6376,-31.0962],[-68.6375,-31.0958],[-68.6374,-31.0951],[-68.6369,-31.0932],[-68.6368,-31.093],[-68.6359,-31.0893],[-68.6358,-31.0889],[-68.6345,-31.0825],[-68.6345,-31.0824],[-68.6343,-31.0715],[-68.6344,-31.0708],[-68.6345,-31.0681],[-68.6345,-31.068],[-68.6347,-31.0639],[-68.6347,-31.0637],[-68.635,-31.0579],[-68.6351,-31.0574],[-68.6353,-31.0517],[-68.6354,-31.0516],[-68.6358,-31.0432],[-68.6358,-31.043],[-68.6367,-31.0263],[-68.6367,-31.0256],[-68.6369,-31.0225],[-68.6369,-31.0218],[-68.6373,-31.0135],[-68.6373,-31.013],[-68.6376,-31.008],[-68.6376,-31.0079],[-68.6383,-30.9941],[-68.6383,-30.9939],[-68.641,-30.9425],[-68.6392,-30.9365],[-68.636,-30.9324],[-68.6353,-30.9314],[-68.6322,-30.9259],[-68.6305,-30.9179],[-68.6224,-30.8878],[-68.6225,-30.8763],[-68.6241,-30.8579],[-68.6247,-30.8545],[-68.6263,-30.8341],[-68.6268,-30.8317],[-68.6269,-30.8313],[-68.6338,-30.8113],[-68.6345,-30.8091],[-68.6357,-30.8031],[-68.6357,-30.8028],[-68.6399,-30.7823],[-68.6399,-30.7782],[-68.6399,-30.7776],[-68.6369,-30.7475],[-68.6352,-30.7396],[-68.6351,-30.7393],[-68.635,-30.7383],[-68.6342,-30.7311],[-68.6341,-30.7303],[-68.6341,-30.7299],[-68.6343,-30.7216],[-68.6321,-30.699],[-68.632,-30.6985],[-68.6318,-30.6964],[-68.6318,-30.6961],[-68.6315,-30.693],[-68.6314,-30.6926],[-68.6312,-30.6903],[-68.6312,-30.69],[-68.6313,-30.6878],[-68.6313,-30.6873],[-68.6317,-30.6843],[-68.6317,-30.6839],[-68.632,-30.6818],[-68.632,-30.6815],[-68.6322,-30.68],[-68.6323,-30.6796],[-68.6329,-30.674],[-68.633,-30.6736],[-68.6334,-30.6703],[-68.6334,-30.67],[-68.6338,-30.6664],[-68.6339,-30.6659],[-68.635,-30.6573],[-68.635,-30.657],[-68.6357,-30.651],[-68.6358,-30.6506],[-68.6366,-30.6438],[-68.6367,-30.6434],[-68.6369,-30.6412],[-68.637,-30.6408],[-68.6373,-30.6386],[-68.6373,-30.6382],[-68.6378,-30.6344],[-68.6378,-30.6339],[-68.6381,-30.632],[-68.6383,-30.6304],[-68.6384,-30.6291],[-68.6385,-30.6286],[-68.639,-30.624],[-68.6391,-30.6235],[-68.6398,-30.6175],[-68.6398,-30.6172],[-68.6403,-30.6136],[-68.6404,-30.6131],[-68.6409,-30.6081],[-68.6411,-30.6073],[-68.6412,-30.6068],[-68.6417,-30.6049],[-68.6418,-30.6046],[-68.6426,-30.6017],[-68.6427,-30.6013],[-68.6429,-30.5998],[-68.6429,-30.5992],[-68.6432,-30.5959],[-68.6451,-30.589],[-68.6459,-30.5873],[-68.646,-30.5871],[-68.6475,-30.5848],[-68.6503,-30.5812],[-68.6519,-30.5778],[-68.652,-30.5776],[-68.6602,-30.5476],[-68.6602,-30.5474],[-68.6604,-30.5468],[-68.6604,-30.5466],[-68.6824,-30.4322],[-68.6826,-30.4299],[-68.6832,-30.4278],[-68.6898,-30.4118],[-68.6958,-30.4009],[-68.6961,-30.4001],[-68.6968,-30.3985],[-68.6992,-30.3928],[-68.7096,-30.3031],[-68.7094,-30.3012],[-68.7089,-30.3013],[-68.7093,-30.3025],[-68.7073,-30.301],[-68.7057,-30.3011],[-68.7036,-30.3011],[-68.698,-30.3012],[-68.6915,-30.3013],[-68.6897,-30.3013],[-68.6864,-30.3014],[-68.6814,-30.3044],[-68.681,-30.305],[-68.679,-30.3078],[-68.6536,-30.3323],[-68.6519,-30.334],[-68.6517,-30.3342],[-68.6496,-30.3363],[-68.6347,-30.3519],[-68.6286,-30.3539],[-68.5921,-30.337],[-68.5461,-30.2344],[-68.5063,-30.1991],[-68.5052,-30.1983],[-68.5041,-30.1976],[-68.5004,-30.1954],[-68.499,-30.1921],[-68.4988,-30.1913],[-68.4982,-30.1887],[-68.498,-30.1882],[-68.5052,-30.1488],[-68.505,-30.148],[-68.5049,-30.1474],[-68.5044,-30.1463],[-68.5043,-30.1462],[-68.5042,-30.1459],[-68.5043,-30.1458],[-68.5036,-30.1399],[-68.5254,-30.1331],[-68.5256,-30.1334],[-68.5037,-30.14],[-68.5047,-30.1457],[-68.5043,-30.1458]],[[-68.5071,-32.2487],[-68.5071,-32.2502],[-68.5072,-32.2503],[-68.5082,-32.2516],[-68.5071,-32.2487],[-68.4897,-32.1799],[-68.4896,-32.1797],[-68.486,-32.1625],[-68.486,-32.1622],[-68.4761,-32.137],[-68.476,-32.1366],[-68.4643,-32.1106],[-68.4543,-32.0697],[-68.4518,-32.0562],[-68.4395,-31.9837],[-68.4395,-31.9828],[-68.4395,-31.9818],[-68.4395,-31.9794],[-68.4395,-31.979],[-68.4395,-31.9783],[-68.4394,-31.9794],[-68.4395,-31.9776],[-68.4395,-31.9783]],[[-68.5141,-31.5536],[-68.5143,-31.5522],[-68.514,-31.5454],[-68.5143,-31.5421],[-68.5143,-31.5419],[-68.5142,-31.5417],[-68.5143,-31.5406],[-68.5144,-31.5398],[-68.5144,-31.5396],[-68.5144,-31.539],[-68.5145,-31.5384],[-68.5147,-31.5371],[-68.5148,-31.5359],[-68.5151,-31.5334],[-68.5154,-31.5311],[-68.5157,-31.5282],[-68.5163,-31.523],[-68.5168,-31.5202],[-68.517,-31.5182],[-68.517,-31.5179],[-68.5171,-31.5173],[-68.5172,-31.5165],[-68.5174,-31.5159],[-68.5174,-31.5148],[-68.5174,-31.5146]],[[-69.0171,-33.5614],[-69.0169,-33.561],[-69.015,-33.5556],[-69.0149,-33.5554],[-69.0114,-33.5471],[-69.0113,-33.5469],[-69.0083,-33.54],[-69.0078,-33.5389],[-69.0075,-33.5385]],[[-69.0119,-33.5483],[-69.0163,-33.5587],[-69.0163,-33.5637],[-69.0164,-33.5649],[-69.0164,-33.5653],[-69.0166,-33.5696]],[[-69.0199,-33.6172],[-69.0153,-33.5951]],[[-68.8757,-33.1847],[-68.8759,-33.1864]],[[-68.8787,-33.1993],[-68.8797,-33.2008]],[[-68.8945,-33.2304],[-68.894,-33.2306]],[[-68.9017,-33.2788],[-68.9012,-33.2789]],[[-68.9003,-33.2734],[-68.9008,-33.2734]],[[-69.0074,-33.5383],[-69.0074,-33.5379],[-69.0055,-33.5332],[-68.9927,-33.5028],[-68.9925,-33.5022],[-68.9901,-33.496],[-68.9906,-33.4959],[-68.9907,-33.4964],[-68.991,-33.4973],[-68.9927,-33.5022],[-68.9929,-33.5028],[-69.0056,-33.5332],[-69.0075,-33.5379],[-69.0077,-33.5381]],[[-68.7771,-32.807],[-68.7772,-32.8072],[-68.78,-32.8087],[-68.7802,-32.8089],[-68.7826,-32.8102],[-68.7839,-32.8109],[-68.7784,-32.8077],[-68.7725,-32.8043],[-68.7673,-32.8013],[-68.7655,-32.8002],[-68.762,-32.7946],[-68.7555,-32.7865],[-68.7516,-32.7829],[-68.7513,-32.7826],[-68.747,-32.7806],[-68.7053,-32.7495],[-68.6946,-32.7425],[-68.6929,-32.7411],[-68.6827,-32.7212],[-68.6806,-32.7171],[-68.6798,-32.7165],[-68.6785,-32.714],[-68.6786,-32.7133],[-68.6655,-32.6877],[-68.6734,-32.6134],[-68.6672,-32.5845],[-68.6127,-32.4217],[-68.6021,-32.4091],[-68.596,-32.4019],[-68.5909,-32.3958],[-68.5774,-32.3799],[-68.5697,-32.3709],[-68.5413,-32.3345],[-68.5372,-32.3243],[-68.5342,-32.3167],[-68.5258,-32.2958],[-68.5246,-32.2927],[-68.5121,-32.2614],[-68.5121,-32.2613],[-68.5114,-32.2595],[-68.5108,-32.2582],[-68.51,-32.256],[-68.5088,-32.253],[-68.5082,-32.2516]],[[-68.5516,-31.7002],[-68.5511,-31.6986],[-68.5508,-31.6984],[-68.5507,-31.6983],[-68.5509,-31.698],[-68.5507,-31.6964],[-68.5512,-31.6979],[-68.5515,-31.6981],[-68.5515,-31.6983],[-68.5514,-31.6986],[-68.5516,-31.7002],[-68.5518,-31.7011],[-68.5565,-31.7201],[-68.5602,-31.735],[-68.5602,-31.7351],[-68.5608,-31.7387],[-68.5605,-31.7403],[-68.5572,-31.746],[-68.5529,-31.7528],[-68.543,-31.7746],[-68.5408,-31.8197],[-68.5407,-31.8207],[-68.5407,-31.8212],[-68.5407,-31.822],[-68.5406,-31.8227],[-68.5404,-31.8269],[-68.5404,-31.8272],[-68.54,-31.8364],[-68.54,-31.8365],[-68.5373,-31.8596],[-68.5294,-31.8707],[-68.529,-31.8716],[-68.5289,-31.8718],[-68.5282,-31.8732],[-68.528,-31.8737],[-68.525,-31.8784],[-68.5247,-31.8786],[-68.5229,-31.8806],[-68.5246,-31.8786],[-68.5248,-31.8783],[-68.5273,-31.8736],[-68.5273,-31.8734],[-68.5275,-31.873],[-68.5285,-31.8724],[-68.5288,-31.8717],[-68.5289,-31.8715],[-68.5294,-31.8707]],[[-68.9275,-33.37],[-68.927,-33.3702]],[[-68.9266,-33.3687],[-68.9271,-33.3686]],[[-68.5258,-32.2958],[-68.5254,-32.2947],[-68.5248,-32.2931],[-68.5246,-32.2927]],[[-69.0582,-33.7641],[-69.0586,-33.7652],[-69.0587,-33.7652],[-69.0588,-33.7654],[-69.0588,-33.7655],[-69.0588,-33.7656],[-69.0588,-33.7666]],[[-68.9191,-33.3304],[-68.9196,-33.3302]],[[-68.9203,-33.3318],[-68.9197,-33.3319]],[[-68.9112,-33.3073],[-68.9118,-33.3071]],[[-68.9123,-33.3087],[-68.9118,-33.3088]],[[-68.8332,-32.8963],[-68.8324,-32.8954],[-68.8321,-32.8949],[-68.831,-32.8935]],[[-68.5254,-32.2947],[-68.5248,-32.2931]],[[-69.0639,-33.7893],[-69.0629,-33.7848],[-69.0629,-33.7846],[-69.062,-33.7807]],[[-69.0079,-33.5385],[-69.0079,-33.5388],[-69.0083,-33.54]],[[-69.7746,-35.8529],[-69.7755,-35.8532],[-69.7746,-35.8533]],[[-69.774,-35.8529],[-69.774,-35.8521]],[[-69.7736,-35.8539],[-69.7739,-35.8532]],[[-68.5175,-31.5143],[-68.5177,-31.5133],[-68.5175,-31.508],[-68.5176,-31.5077],[-68.5178,-31.5021],[-68.5178,-31.5019],[-68.5182,-31.4978],[-68.5182,-31.4974],[-68.5192,-31.4913],[-68.5193,-31.491],[-68.5197,-31.4887],[-68.5197,-31.4885],[-68.521,-31.4812],[-68.521,-31.481],[-68.5212,-31.4789],[-68.5212,-31.4786],[-68.5199,-31.471],[-68.5198,-31.4707],[-68.5196,-31.4678],[-68.5195,-31.4677],[-68.5192,-31.4642],[-68.5191,-31.4634],[-68.5192,-31.4612]],[[-68.5427,-31.6637],[-68.5428,-31.6643],[-68.5431,-31.6656],[-68.5426,-31.6637],[-68.5426,-31.6636],[-68.5424,-31.6628],[-68.5422,-31.6618],[-68.5427,-31.6636],[-68.5427,-31.6637]],[[-68.9667,-33.4467],[-68.966,-33.4476]],[[-68.964,-33.4456],[-68.9644,-33.4453]],[[-68.9485,-33.4134],[-68.9479,-33.4136]],[[-68.9456,-33.4075],[-68.945,-33.4077]],[[-68.5139,-31.5555],[-68.5137,-31.5554]],[[-68.5137,-31.5537],[-68.5142,-31.5523]],[[-68.5185,-31.4477],[-68.5188,-31.4472],[-68.5192,-31.4466]],[[-68.5188,-31.4472],[-68.5191,-31.4474]],[[-69.1156,-34.2809],[-69.1165,-34.2788]],[[-69.0757,-33.9536],[-69.075,-33.9531],[-69.075,-33.9532]],[[-69.0749,-33.9531],[-69.0767,-33.9505]],[[-68.5356,-31.8616],[-68.5387,-31.8558],[-68.5387,-31.8556],[-68.5388,-31.8552]],[[-68.4463,-31.9658],[-68.4646,-31.9456],[-68.4649,-31.9452],[-68.4654,-31.9447],[-68.465,-31.9453],[-68.4646,-31.9458],[-68.4625,-31.9481],[-68.4463,-31.9658],[-68.4395,-31.9768],[-68.4395,-31.9769],[-68.4395,-31.9776],[-68.4395,-31.9769]],[[-68.4395,-31.9837],[-68.4394,-31.9831],[-68.4394,-31.9827],[-68.4394,-31.9823],[-68.4394,-31.9804],[-68.4394,-31.9794]],[[-68.5178,-31.5143],[-68.5179,-31.5144],[-68.518,-31.5145],[-68.5179,-31.5146]],[[-69.777,-35.8534],[-69.7755,-35.8532]],[[-69.4666,-35.0476],[-69.4677,-35.05],[-69.4695,-35.0521]],[[-68.7413,-32.7769],[-68.7143,-32.7555]],[[-68.5396,-31.8463],[-68.5394,-31.8495]],[[-68.5394,-31.8497],[-68.5391,-31.8543]],[[-68.5391,-31.8544],[-68.539,-31.8556]],[[-68.7825,-32.8103],[-68.7802,-32.809],[-68.7799,-32.8088],[-68.7726,-32.8046]],[[-68.7621,-32.7957],[-68.755,-32.7864],[-68.7506,-32.7822],[-68.7499,-32.7818],[-68.7471,-32.7806]],[[-68.7042,-32.7491],[-68.7053,-32.7495],[-68.6973,-32.7443],[-68.6972,-32.7442],[-68.6802,-32.7152],[-68.68,-32.7149],[-68.6721,-32.7008]],[[-68.6724,-32.7007],[-68.6802,-32.7148],[-68.6803,-32.7151],[-68.6951,-32.7427],[-68.6973,-32.7442],[-68.6974,-32.7442],[-68.6999,-32.7458],[-68.75,-32.7817],[-68.7507,-32.7822],[-68.7509,-32.7823],[-68.7622,-32.7957]],[[-68.6946,-32.7425],[-68.6954,-32.7434],[-68.692,-32.7407]],[[-68.5507,-31.6964],[-68.5505,-31.6955],[-68.5455,-31.6754],[-68.5433,-31.6666],[-68.5431,-31.6656]],[[-68.5422,-31.6618],[-68.5419,-31.6609],[-68.5371,-31.6412],[-68.5358,-31.6362]],[[-68.5229,-31.8806],[-68.4928,-31.9142],[-68.4927,-31.9143],[-68.4654,-31.9447]],[[-69.0758,-33.9536],[-69.0782,-33.9551],[-69.08,-33.9579]],[[-69.0751,-33.8887],[-69.0757,-33.8918],[-69.0758,-33.8922]],[[-69.0489,-33.7082],[-69.0488,-33.7078],[-69.0485,-33.7051]],[[-68.7038,-32.7481],[-68.7053,-32.7495]],[[-68.5356,-31.8618],[-68.528,-31.8733],[-68.5279,-31.8736],[-68.4652,-31.9449],[-68.4651,-31.9451],[-68.4398,-31.9788],[-68.4399,-31.9796],[-68.4541,-32.0685]],[[-68.454,-32.0686],[-68.4398,-31.9796],[-68.4397,-31.9788],[-68.465,-31.9451],[-68.4652,-31.9449],[-68.528,-31.8736],[-68.5281,-31.8733],[-68.5357,-31.8619]],[[-68.528,-31.8737],[-68.5267,-31.8732]],[[-68.9898,-33.4937],[-68.9901,-33.4948],[-68.9904,-33.4955],[-68.9906,-33.4959]],[[-68.9901,-33.496],[-68.9895,-33.4946],[-68.9893,-33.4938]],[[-69.0168,-33.5614],[-69.0169,-33.561]],[[-69.0172,-33.5619],[-69.017,-33.5622]],[[-69.0153,-33.5933],[-69.0155,-33.5903],[-69.0157,-33.5885]],[[-68.8659,-33.0363],[-68.8655,-33.0362]],[[-68.8798,-33.1026],[-68.8799,-33.1023]],[[-67.4889,-29.1504],[-67.4885,-29.1502],[-67.4885,-29.1501],[-67.4813,-29.1406],[-67.4806,-29.1392],[-67.4801,-29.1383],[-67.4795,-29.1373],[-67.4786,-29.1358],[-67.4784,-29.1353],[-67.4615,-29.0345],[-67.4738,-29.0029],[-67.493,-29.0008],[-67.4937,-29.0],[-67.4945,-28.9991],[-67.4939,-28.9983],[-67.4932,-28.9978],[-67.4925,-28.9973],[-67.4433,-28.867],[-67.4322,-28.7883],[-67.4528,-28.6088],[-67.4384,-28.5726],[-67.4281,-28.5671],[-67.428,-28.5671],[-67.425,-28.5658],[-67.4249,-28.5657],[-67.3722,-28.5358],[-67.3592,-28.5279],[-67.3591,-28.5278],[-67.3578,-28.527],[-67.3577,-28.527],[-67.3544,-28.525],[-67.3543,-28.5249],[-67.3519,-28.5235],[-67.3518,-28.5234],[-67.3466,-28.5203],[-67.3465,-28.5203],[-67.3419,-28.5176],[-67.3419,-28.5175],[-67.3387,-28.5156],[-67.3386,-28.5156],[-67.3356,-28.5138],[-67.3356,-28.5137],[-67.3321,-28.5117],[-67.3321,-28.5116],[-67.327,-28.5086],[-67.3229,-28.5061],[-67.3171,-28.5026],[-67.3171,-28.5025],[-67.3151,-28.5013],[-67.3128,-28.4998],[-67.3127,-28.4998],[-67.3104,-28.4983],[-67.3103,-28.4983],[-67.303,-28.4938],[-67.303,-28.4937],[-67.3012,-28.4926],[-67.2958,-28.4891],[-67.2957,-28.4891],[-67.2894,-28.4849],[-67.2859,-28.4826],[-67.2858,-28.4825],[-67.2829,-28.4806],[-67.2782,-28.4773],[-67.2782,-28.4772],[-67.2763,-28.4757],[-67.2762,-28.4757],[-67.2736,-28.4742],[-67.2735,-28.4742],[-67.2695,-28.4747],[-67.2694,-28.4747],[-67.2634,-28.4756],[-67.2633,-28.4756],[-67.2586,-28.4763],[-67.2585,-28.4763],[-67.2559,-28.4767],[-67.2551,-28.4768],[-67.2538,-28.477],[-67.2537,-28.477],[-67.2471,-28.478],[-67.247,-28.4781],[-67.2448,-28.4784],[-67.2447,-28.4784],[-67.2391,-28.4793],[-67.239,-28.4793],[-67.2358,-28.4798],[-67.228,-28.481],[-67.2279,-28.481],[-67.2225,-28.4818],[-67.2224,-28.4818],[-67.2167,-28.4827],[-67.2166,-28.4827],[-67.2143,-28.483],[-67.2142,-28.483],[-67.2086,-28.4839],[-67.2085,-28.4839],[-67.1992,-28.4853],[-67.1659,-28.4903],[-67.1658,-28.4903],[-67.1618,-28.4902],[-67.1617,-28.4902],[-67.1453,-28.49],[-67.1452,-28.49],[-67.1318,-28.4898],[-67.1207,-28.4513],[-67.1207,-28.4512],[-67.1044,-28.4262],[-67.104,-28.4263],[-67.0714,-28.3781],[-67.0699,-28.3476],[-67.0492,-28.3152],[-67.0494,-28.3147],[-67.0515,-28.3127],[-67.052,-28.3121],[-67.0878,-28.2898],[-67.0888,-28.2896],[-67.0895,-28.289],[-67.0802,-28.2702],[-67.0798,-28.2695],[-67.09,-28.23],[-67.1372,-28.1878],[-67.2068,-27.9761],[-67.1993,-27.9267],[-67.1993,-27.9265],[-67.1989,-27.9245],[-67.1989,-27.9244],[-67.1906,-27.8803],[-67.1906,-27.8799],[-67.1791,-27.8179],[-67.1789,-27.8173],[-67.1699,-27.7708],[-67.1695,-27.7541],[-67.1696,-27.7532],[-67.1672,-27.7291],[-67.1667,-27.7282],[-67.1571,-27.7182],[-67.1527,-27.7137],[-67.1523,-27.7131],[-67.1517,-27.7134],[-67.1521,-27.7139],[-67.1527,-27.7137]],[[-67.1517,-27.7134],[-67.1465,-27.7146],[-67.1461,-27.7145],[-67.1361,-27.7128],[-67.1353,-27.713],[-67.1204,-27.7146],[-67.1087,-27.7103],[-67.086,-27.7045],[-67.0859,-27.7044],[-67.0816,-27.7024],[-67.0811,-27.7022],[-67.0632,-27.6903],[-67.0628,-27.6901],[-67.0502,-27.6809],[-67.05,-27.6807],[-67.0402,-27.6724],[-67.0388,-27.6704],[-67.0369,-27.6675],[-67.0331,-27.6599],[-67.033,-27.6598],[-67.0327,-27.6591],[-67.0313,-27.6548],[-67.031,-27.6535],[-67.0304,-27.6513],[-67.0297,-27.6486],[-67.0289,-27.6459],[-67.0278,-27.6428],[-67.0241,-27.6265],[-67.0001,-27.5805],[-67.0048,-27.5507],[-67.0045,-27.5501],[-66.995,-27.5252],[-66.9945,-27.5251],[-66.9867,-27.517],[-66.9861,-27.5164],[-66.9839,-27.5105],[-66.9833,-27.5099],[-66.9815,-27.4928],[-66.9813,-27.492],[-66.9779,-27.4862],[-66.9777,-27.4854],[-66.9838,-27.4355],[-66.9253,-27.3666],[-66.9248,-27.3661],[-66.9005,-27.329],[-66.8988,-27.3281],[-66.8948,-27.298],[-66.8649,-27.2619],[-66.8635,-27.2541],[-66.8621,-27.2525],[-66.8517,-27.2351],[-66.8457,-27.2243],[-66.8453,-27.2238],[-66.8447,-27.2232],[-66.8039,-27.2155],[-66.7652,-27.1962],[-66.7636,-27.1955],[-66.7583,-27.1904],[-66.7582,-27.1901],[-66.7485,-27.1722],[-66.652,-27.1254],[-66.6517,-27.1249],[-66.6504,-27.1222],[-66.6501,-27.1217],[-66.6318,-27.0969],[-66.6315,-27.0966],[-66.5895,-27.0722],[-66.5893,-27.0721],[-66.5486,-27.0533],[-66.5484,-27.0532],[-66.51,-27.0356],[-66.272,-26.9877],[-66.2485,-27.0012],[-66.2482,-27.0013],[-66.2442,-27.0025],[-66.244,-27.0025],[-66.2396,-27.0017],[-66.2393,-27.0017],[-66.2379,-27.0023],[-66.2377,-27.0025],[-66.2324,-27.0024],[-66.2321,-27.0024],[-66.2305,-27.0025],[-66.2303,-27.0025],[-66.2286,-27.0021],[-66.2284,-27.002],[-66.2239,-26.9999],[-66.2237,-26.9999],[-66.217,-26.9996],[-66.2169,-26.9996],[-66.2147,-27.0],[-66.2139,-27.0],[-66.2119,-26.9999],[-66.2117,-26.9998],[-66.2107,-26.9998],[-66.2106,-26.9998],[-66.2065,-26.9995],[-66.2053,-26.9994],[-66.1922,-26.9946],[-66.1912,-26.9941],[-66.1897,-26.9932],[-66.1896,-26.9931],[-66.1875,-26.9919],[-66.1874,-26.9918],[-66.1859,-26.991],[-66.1851,-26.9907],[-66.183,-26.9901],[-66.1828,-26.9901],[-66.1811,-26.9897],[-66.1809,-26.9897],[-66.1659,-26.9862],[-66.1645,-26.9859],[-66.1644,-26.9859],[-66.1596,-26.9849],[-66.1583,-26.9846],[-66.1568,-26.9842],[-66.1566,-26.9842],[-66.1526,-26.981],[-66.1522,-26.9801],[-66.1473,-26.9691],[-66.1412,-26.9599],[-66.1407,-26.9593],[-66.1402,-26.9587],[-66.1399,-26.9583],[-66.1316,-26.9472],[-66.131,-26.9464],[-66.1275,-26.9412],[-66.127,-26.9405],[-66.1264,-26.9395],[-66.126,-26.9389],[-66.1221,-26.9328],[-66.1217,-26.9322],[-66.1203,-26.93],[-66.1199,-26.9294],[-66.1193,-26.9285],[-66.1185,-26.9272],[-66.1127,-26.9176],[-66.1124,-26.917],[-66.1103,-26.9113],[-66.1099,-26.9099],[-66.1086,-26.9063],[-66.1081,-26.9049],[-66.103,-26.8891],[-66.1028,-26.8885],[-66.0978,-26.8586],[-66.0977,-26.8579],[-66.0967,-26.8507],[-66.0966,-26.8504],[-66.0956,-26.8457],[-66.0955,-26.8447],[-66.0925,-26.8362],[-66.0921,-26.8351],[-66.0883,-26.8277],[-66.0881,-26.8275],[-66.0795,-26.8167],[-66.0726,-26.8058],[-66.0719,-26.8047],[-66.0703,-26.8015],[-66.0695,-26.8018],[-66.0638,-26.8036],[-66.0636,-26.803],[-66.0692,-26.801],[-66.0701,-26.8007],[-66.0703,-26.8015]],[[-65.9744,-26.0771],[-65.9738,-26.0725],[-65.9739,-26.0661],[-65.9752,-26.0724],[-65.9759,-26.0769],[-65.9744,-26.0771]],[[-66.0636,-26.803],[-66.0586,-26.7889],[-66.0584,-26.7884],[-66.0579,-26.7867],[-66.0578,-26.7864],[-66.0576,-26.7846],[-66.0577,-26.7842],[-66.06,-26.7733],[-66.06,-26.773],[-66.06,-26.7726],[-66.0601,-26.7711],[-66.0602,-26.7706],[-66.0586,-26.7629],[-66.0585,-26.7625],[-66.0561,-26.7591],[-66.056,-26.7588],[-66.0552,-26.7573],[-66.0535,-26.7365],[-66.0535,-26.7359],[-66.0535,-26.7356],[-66.0536,-26.7251],[-66.0534,-26.7245],[-66.0578,-26.7223],[-66.0558,-26.7073],[-66.0511,-26.6986],[-66.0532,-26.6981],[-66.0543,-26.6979],[-66.0569,-26.6973],[-66.0665,-26.6958],[-66.0668,-26.6957],[-66.0666,-26.6954],[-66.0597,-26.68],[-66.0596,-26.6796],[-66.0575,-26.6785],[-66.06,-26.6598],[-66.0593,-26.6593],[-66.0591,-26.6591],[-66.0585,-26.6584],[-66.0584,-26.6581],[-66.057,-26.6541],[-66.0568,-26.6533],[-66.0578,-26.6499],[-66.0578,-26.6497],[-66.0579,-26.6469],[-66.0424,-26.6009],[-66.0355,-26.5936],[-66.0134,-26.5122],[-66.0116,-26.5088],[-66.0108,-26.5073],[-66.0094,-26.5043],[-66.0092,-26.5039],[-66.0085,-26.5011],[-66.0084,-26.5008],[-66.0018,-26.4892],[-66.0017,-26.489],[-65.9882,-26.4591],[-65.9881,-26.459],[-65.9862,-26.455],[-65.986,-26.4546],[-65.9896,-26.4197],[-65.9896,-26.4193],[-65.988,-26.4132],[-65.988,-26.413],[-65.9863,-26.4077],[-65.9862,-26.4075],[-65.9833,-26.4027],[-65.9833,-26.4025],[-65.9832,-26.4024],[-65.9824,-26.4002],[-65.9823,-26.4001],[-65.9793,-26.3962],[-65.9791,-26.396],[-65.9774,-26.394],[-65.9773,-26.3939],[-65.9713,-26.3873],[-65.9711,-26.3871],[-65.9696,-26.3844],[-65.9694,-26.384],[-65.9684,-26.3819],[-65.9683,-26.3816],[-65.9673,-26.3796],[-65.9671,-26.3792],[-65.9607,-26.3683],[-65.9576,-26.3633],[-65.9574,-26.3627],[-65.9567,-26.3579],[-65.9565,-26.3503],[-65.9566,-26.35],[-65.9568,-26.3483],[-65.9568,-26.3481],[-65.9577,-26.328],[-65.9577,-26.3277],[-65.9582,-26.3179],[-65.9583,-26.3176],[-65.9554,-26.303],[-65.9554,-26.3028],[-65.9551,-26.3019],[-65.9551,-26.3017],[-65.9529,-26.2922],[-65.9529,-26.2919],[-65.9491,-26.2755],[-65.949,-26.2752],[-65.9477,-26.2692],[-65.9476,-26.2688],[-65.9469,-26.2604],[-65.9469,-26.2601],[-65.9427,-26.2229],[-65.9426,-26.2225],[-65.9421,-26.218],[-65.9421,-26.2177],[-65.9419,-26.2148],[-65.9423,-26.2114],[-65.9423,-26.2111],[-65.9423,-26.2104],[-65.9423,-26.2102],[-65.9417,-26.1927],[-65.9417,-26.1924],[-65.9403,-26.1832],[-65.9403,-26.1823],[-65.9482,-26.1806],[-65.9484,-26.1804],[-65.9523,-26.1655],[-65.9523,-26.1651],[-65.9579,-26.1462],[-65.9579,-26.1459],[-65.9695,-26.1327],[-65.9695,-26.1323],[-65.9678,-26.1238],[-65.9679,-26.1234],[-65.9706,-26.109],[-65.9706,-26.1086],[-65.9763,-26.0825],[-65.9764,-26.0817],[-65.9764,-26.0815],[-65.9763,-26.0805],[-65.976,-26.078],[-65.9759,-26.0769]],[[-67.4924,-29.1519],[-67.4928,-29.152],[-67.4931,-29.1521],[-67.4933,-29.1521],[-67.4949,-29.1577],[-67.4955,-29.1594],[-67.4977,-29.165],[-67.4983,-29.1666],[-67.4995,-29.1698],[-67.4942,-29.1718],[-67.4938,-29.1791],[-67.4937,-29.1796],[-67.4936,-29.1806],[-67.4936,-29.1808],[-67.4935,-29.1816],[-67.4935,-29.1818],[-67.4913,-29.1861],[-67.4911,-29.1866],[-67.491,-29.1864],[-67.4906,-29.1864],[-67.4912,-29.186],[-67.4934,-29.1818],[-67.4936,-29.1792],[-67.4938,-29.1768],[-67.4939,-29.1759],[-67.494,-29.1744],[-67.494,-29.1743],[-67.4942,-29.1718]],[[-66.1624,-25.1202],[-66.1609,-25.1208],[-66.1602,-25.12],[-66.162,-25.1194],[-66.1624,-25.1202],[-66.165,-25.1222],[-66.1651,-25.1224],[-66.164,-25.1235],[-66.1645,-25.1253],[-66.1654,-25.1285],[-66.2162,-25.2575],[-66.2186,-25.2587],[-66.2195,-25.2596],[-66.2195,-25.2597],[-66.2201,-25.2615],[-66.2201,-25.2616],[-66.2496,-25.315],[-66.2497,-25.315],[-66.2498,-25.3153],[-66.2514,-25.3237],[-66.2514,-25.3241],[-66.2539,-25.3279],[-66.2539,-25.3295],[-66.2541,-25.3331],[-66.2707,-25.3514],[-66.2718,-25.3528],[-66.2927,-25.3925],[-66.2862,-25.4354],[-66.2842,-25.4393],[-66.2839,-25.4396],[-66.2834,-25.4404],[-66.259,-25.4434],[-66.2395,-25.4614],[-66.216,-25.588],[-66.174,-25.6244],[-66.1627,-25.6613],[-66.1588,-25.6772],[-66.1586,-25.6776],[-66.1543,-25.6839],[-66.1521,-25.7031],[-66.129,-25.6986],[-66.1253,-25.711],[-66.1014,-25.6831],[-66.1011,-25.6814],[-66.0359,-25.6942],[-66.0309,-25.6996],[-66.0298,-25.7009],[-65.9955,-25.7219],[-65.9914,-25.763],[-65.9614,-25.7929],[-65.9666,-25.8235],[-65.9609,-25.8546],[-65.952,-25.8575],[-65.9437,-25.8882],[-65.9434,-25.8885],[-65.9282,-25.8893],[-65.9284,-25.8925],[-65.9285,-25.8938],[-65.9465,-25.9611],[-65.9696,-25.9774],[-65.981,-26.0387],[-65.9665,-26.0419],[-65.9703,-26.0592],[-65.9708,-26.0618],[-65.9709,-26.062],[-65.9709,-26.0622],[-65.9719,-26.064],[-65.9736,-26.0658],[-65.9739,-26.066],[-65.9739,-26.0661]],[[-68.2249,-29.347],[-68.2238,-29.3468],[-68.2216,-29.3468],[-68.2058,-29.3467],[-68.2056,-29.3467],[-68.0766,-29.3452],[-68.0765,-29.3453],[-68.0725,-29.3496],[-68.0711,-29.3509],[-68.0508,-29.3683],[-68.0506,-29.3684],[-68.0399,-29.3743],[-68.0397,-29.3744],[-67.9367,-29.4317],[-67.9319,-29.434],[-67.9307,-29.4345],[-67.887,-29.4366],[-67.886,-29.4364],[-67.8667,-29.429],[-67.8587,-29.4435],[-67.8583,-29.4438],[-67.8328,-29.4473],[-67.8307,-29.4301],[-67.8107,-29.42],[-67.8076,-29.4168],[-67.8076,-29.4166],[-67.8032,-29.41],[-67.803,-29.4091],[-67.7935,-29.3804],[-67.7935,-29.3802],[-67.7931,-29.3708],[-67.7929,-29.3704],[-67.7753,-29.3459],[-67.7734,-29.3442],[-67.7726,-29.3436],[-67.7711,-29.3427],[-67.7675,-29.3421],[-67.7339,-29.3463],[-67.7338,-29.3463],[-67.7037,-29.3485],[-67.7033,-29.3483],[-67.7021,-29.3474],[-67.7005,-29.3466],[-67.6948,-29.3455],[-67.6937,-29.3454],[-67.6931,-29.3455],[-67.6923,-29.3457],[-67.6916,-29.3458],[-67.685,-29.3434],[-67.6554,-29.3369],[-67.6549,-29.3363],[-67.6267,-29.3313],[-67.6264,-29.3314],[-67.6162,-29.3337],[-67.6139,-29.3343],[-67.5737,-29.3324],[-67.5394,-29.3195],[-67.5387,-29.3191],[-67.5187,-29.3073],[-67.5156,-29.3044],[-67.5062,-29.301],[-67.506,-29.301],[-67.5059,-29.3009],[-67.5055,-29.3009],[-67.5052,-29.3008],[-67.5051,-29.3007],[-67.5048,-29.2997],[-67.5051,-29.2972],[-67.5051,-29.2971],[-67.5063,-29.2935],[-67.5066,-29.292],[-67.5069,-29.2915],[-67.5068,-29.2907],[-67.508,-29.2775],[-67.508,-29.2774],[-67.5085,-29.2708],[-67.5085,-29.2707],[-67.5083,-29.2643],[-67.5079,-29.2594],[-67.4998,-29.2237],[-67.4984,-29.2187],[-67.4911,-29.201],[-67.49,-29.1933],[-67.49,-29.193],[-67.4904,-29.1904],[-67.4905,-29.1879],[-67.4905,-29.1869],[-67.491,-29.187],[-67.4905,-29.1879],[-67.4902,-29.1905],[-67.4899,-29.193],[-67.4898,-29.1933],[-67.4895,-29.1965],[-67.4912,-29.2015],[-67.4982,-29.2188],[-67.4997,-29.2237],[-67.5078,-29.2594],[-67.5082,-29.2646],[-67.5084,-29.2707],[-67.5084,-29.2708],[-67.5079,-29.2774],[-67.5079,-29.2775],[-67.5067,-29.2907],[-67.5065,-29.2913],[-67.5062,-29.2918],[-67.5063,-29.2935]],[[-67.4982,-29.1703],[-67.4971,-29.1675],[-67.4958,-29.1642],[-67.4954,-29.1629],[-67.4949,-29.1617],[-67.4946,-29.1609],[-67.4941,-29.1598],[-67.4935,-29.1582],[-67.493,-29.157],[-67.4926,-29.1558],[-67.4921,-29.1546],[-67.4918,-29.1539],[-67.4917,-29.1536],[-67.4936,-29.1526]],[[-67.4893,-29.1506],[-67.4894,-29.1508],[-67.4895,-29.1509],[-67.491,-29.1519],[-67.4915,-29.1521],[-67.4921,-29.1522]],[[-68.5258,-30.1328],[-68.5245,-30.1318],[-68.5127,-30.1185],[-68.5125,-30.1179],[-68.5057,-30.097],[-68.5056,-30.0964],[-68.5025,-30.0868],[-68.5021,-30.0859],[-68.5003,-30.0804],[-68.5002,-30.08],[-68.497,-30.0706],[-68.4968,-30.07],[-68.4899,-30.05],[-68.4898,-30.0497],[-68.4816,-30.0258],[-68.4813,-30.0249],[-68.4668,-29.9831],[-68.4667,-29.9827],[-68.4664,-29.9818],[-68.4662,-29.9813],[-68.4637,-29.9741],[-68.4635,-29.9734],[-68.4634,-29.973],[-68.4632,-29.9724],[-68.463,-29.9719],[-68.4628,-29.9713],[-68.4599,-29.9629],[-68.4597,-29.9625],[-68.4507,-29.9363],[-68.4504,-29.9355],[-68.4476,-29.9274],[-68.4475,-29.9269],[-68.4473,-29.9263],[-68.447,-29.9256],[-68.4453,-29.9202],[-68.4452,-29.9196],[-68.4445,-29.9178],[-68.4444,-29.9173],[-68.4307,-29.8772],[-68.4355,-29.8083],[-68.4355,-29.808],[-68.4367,-29.7926],[-68.4367,-29.7922],[-68.4374,-29.7851],[-68.4376,-29.7844],[-68.4424,-29.7694],[-68.4429,-29.7686],[-68.4524,-29.7567],[-68.4529,-29.7561],[-68.4609,-29.7462],[-68.4612,-29.7458],[-68.4636,-29.7427],[-68.464,-29.7423],[-68.5004,-29.6687],[-68.5011,-29.6661],[-68.5011,-29.666],[-68.5064,-29.6471],[-68.5064,-29.647],[-68.5076,-29.6424],[-68.5077,-29.642],[-68.5089,-29.6377],[-68.5091,-29.6372],[-68.5098,-29.6348],[-68.5099,-29.6345],[-68.5109,-29.6316],[-68.5119,-29.6288],[-68.514,-29.6227],[-68.514,-29.6226],[-68.5144,-29.6216],[-68.5145,-29.6212],[-68.5157,-29.618],[-68.5158,-29.6176],[-68.5166,-29.6154],[-68.5166,-29.6153],[-68.5188,-29.6092],[-68.519,-29.6086],[-68.5196,-29.607],[-68.5197,-29.6066],[-68.5212,-29.6023],[-68.5215,-29.6015],[-68.5231,-29.5968],[-68.5233,-29.5964],[-68.5245,-29.5929],[-68.5246,-29.5926],[-68.5251,-29.5911],[-68.5254,-29.5904],[-68.526,-29.5886],[-68.526,-29.5885],[-68.5268,-29.5863],[-68.527,-29.5856],[-68.5287,-29.5809],[-68.5287,-29.5807],[-68.5306,-29.5751],[-68.5307,-29.5749],[-68.5318,-29.5718],[-68.5319,-29.5714],[-68.5346,-29.5639],[-68.5347,-29.5634],[-68.5407,-29.5448],[-68.5407,-29.5447],[-68.516,-29.5321],[-68.5152,-29.5321],[-68.5144,-29.5321],[-68.5136,-29.5321],[-68.5089,-29.5317],[-68.5022,-29.5312],[-68.4999,-29.531],[-68.4839,-29.5298],[-68.482,-29.5297],[-68.4342,-29.5103],[-68.4304,-29.5062],[-68.4303,-29.5061],[-68.4281,-29.5035],[-68.428,-29.5034],[-68.4229,-29.4975],[-68.4228,-29.4974],[-68.4119,-29.4868],[-68.4114,-29.4864],[-68.4052,-29.4813],[-68.4048,-29.4809],[-68.399,-29.4761],[-68.3986,-29.4758],[-68.3953,-29.4731],[-68.3947,-29.4725],[-68.3801,-29.4604],[-68.3796,-29.46],[-68.3755,-29.4566],[-68.3677,-29.4502],[-68.3672,-29.4499],[-68.361,-29.4453],[-68.3609,-29.4453],[-68.3539,-29.4397],[-68.3538,-29.4396],[-68.3503,-29.4348],[-68.3503,-29.4347],[-68.3466,-29.4305],[-68.3461,-29.4302],[-68.3348,-29.4232],[-68.3347,-29.4231],[-68.3339,-29.4222],[-68.3338,-29.4221],[-68.3242,-29.4183],[-68.3241,-29.4182],[-68.3172,-29.4132],[-68.3166,-29.4127],[-68.3134,-29.4103],[-68.3129,-29.4099],[-68.3112,-29.4082],[-68.3108,-29.4077],[-68.3035,-29.4022],[-68.3031,-29.4019],[-68.2974,-29.3975],[-68.2971,-29.3972],[-68.2913,-29.3924],[-68.2911,-29.3922],[-68.2806,-29.3811],[-68.2802,-29.3805],[-68.242,-29.349],[-68.2408,-29.3488],[-68.2266,-29.3468],[-68.2255,-29.3467]],[[-68.5254,-30.133],[-68.5245,-30.1318]],[[-68.5248,-30.1338],[-68.525,-30.1324]],[[-67.4945,-28.9991],[-67.4948,-28.999]],[[-67.4939,-28.9983],[-67.4947,-28.9989],[-67.4946,-28.9992],[-67.494,-28.9997],[-67.4937,-29.0]],[[-67.4895,-29.1509],[-67.4894,-29.1509],[-67.4891,-29.1509]],[[-67.4886,-29.1505],[-67.4885,-29.1502],[-67.4885,-29.1501]],[[-67.4931,-29.1521],[-67.4928,-29.1521],[-67.4924,-29.1522]],[[-67.4915,-29.1521],[-67.492,-29.1519]],[[-67.4813,-29.1406],[-67.4807,-29.1395],[-67.4802,-29.1388],[-67.48,-29.1383],[-67.4797,-29.1378],[-67.4794,-29.1373],[-67.4786,-29.1358]],[[-67.4905,-29.1869],[-67.4904,-29.1869],[-67.4905,-29.1864],[-67.4906,-29.1864]],[[-68.7094,-30.3012],[-68.7093,-30.3008],[-68.7087,-30.3008],[-68.7088,-30.3013],[-68.7073,-30.301],[-68.7087,-30.3008]],[[-67.5055,-29.3009],[-67.5052,-29.301],[-67.505,-29.3011],[-67.5049,-29.3011],[-67.5047,-29.3009],[-67.5047,-29.3008],[-67.5051,-29.3007]],[[-67.5047,-29.3008],[-67.5048,-29.2997]],[[-68.7096,-30.3031],[-68.7093,-30.3025]],[[-68.2238,-29.3468],[-68.2249,-29.3467]],[[-68.2266,-29.3468],[-68.2255,-29.347]],[[-67.0895,-28.289],[-67.0898,-28.2895],[-67.0878,-28.2898]],[[-68.681,-30.305],[-68.6801,-30.3064],[-68.679,-30.3078]],[[-66.0665,-26.6958],[-66.0668,-26.6959],[-66.0668,-26.6957],[-66.0669,-26.6957],[-66.067,-26.6958],[-66.0668,-26.6959]],[[-66.0667,-26.6958],[-66.0666,-26.6956],[-66.0666,-26.6954]],[[-68.5044,-30.1463],[-68.5049,-30.1462],[-68.5049,-30.1474]],[[-67.0888,-28.2896],[-67.0898,-28.2894]],[[-68.7089,-30.3013],[-68.7088,-30.3013]],[[-68.5256,-30.1334],[-68.5254,-30.1331]],[[-68.5047,-30.1457],[-68.5049,-30.1462]],[[-67.4911,-29.1866],[-67.491,-29.187]],[[-67.5065,-29.2913],[-67.5069,-29.2915]],[[-67.5066,-29.292],[-67.5062,-29.2918]],[[-67.5052,-29.3008],[-67.5052,-29.301]],[[-67.0492,-28.3152],[-67.0488,-28.315]],[[-65.6077,-22.109],[-65.5995,-22.108]],[[-66.1602,-25.12],[-66.1593,-25.1204],[-66.158,-25.121],[-66.1568,-25.1212],[-66.1406,-25.1019],[-66.1263,-25.0902],[-66.1261,-25.09],[-66.1028,-25.0512],[-66.1025,-25.0508],[-66.1024,-25.0506],[-66.1011,-25.0508],[-66.0911,-25.0497],[-66.0894,-25.036],[-66.0892,-25.0358],[-66.0913,-25.0257],[-66.0915,-25.0252],[-66.0936,-25.0171],[-66.0934,-25.0163],[-66.0974,-25.0136],[-66.1012,-25.0033],[-66.1038,-25.0011],[-66.1355,-24.9391],[-66.1413,-24.9195],[-66.1419,-24.9073],[-66.1421,-24.9069],[-66.1458,-24.896],[-66.1772,-24.8098],[-66.1804,-24.7951],[-66.1826,-24.7678],[-66.183,-24.746],[-66.1831,-24.741],[-66.1812,-24.7329],[-66.1828,-24.7239],[-66.1844,-24.7175],[-66.1897,-24.7038],[-66.1916,-24.691],[-66.1935,-24.6827],[-66.1935,-24.6826],[-66.1955,-24.669],[-66.1957,-24.6689],[-66.1978,-24.6685],[-66.2004,-24.6561],[-66.1904,-24.6374],[-66.195,-24.6172],[-66.195,-24.6168],[-66.1946,-24.6029],[-66.1886,-24.5815],[-66.1886,-24.5814],[-66.1882,-24.5787],[-66.1832,-24.4901],[-66.2133,-24.4647],[-66.2116,-24.4489],[-66.234,-24.4391],[-66.2539,-24.4364],[-66.2397,-24.4333],[-66.2478,-24.4195],[-66.244,-24.3777],[-66.2162,-24.3169],[-66.2255,-24.257]],[[-66.1031,-25.0523],[-66.1013,-25.0523],[-66.1013,-25.0516],[-66.1011,-25.0508]],[[-65.5995,-22.1079],[-65.6071,-22.1088],[-65.6076,-22.1089],[-65.6239,-22.1251],[-65.6904,-22.1255],[-65.6906,-22.1252],[-65.7319,-22.1324],[-65.7322,-22.1324],[-65.7543,-22.1182],[-65.7545,-22.1179],[-65.8655,-22.1011],[-65.8672,-22.1007],[-65.8682,-22.1005],[-65.8686,-22.1019],[-65.8888,-22.1034],[-65.8893,-22.1036],[-65.9362,-22.1038],[-65.9685,-22.1252],[-66.0241,-22.1218],[-66.0861,-22.0895],[-66.1107,-22.0938],[-66.1587,-22.1878],[-66.1948,-22.2178],[-66.2535,-22.227],[-66.3329,-22.2337],[-66.3909,-22.2083],[-66.3937,-22.2059],[-66.4232,-22.2189],[-66.4269,-22.2772],[-66.4569,-22.3115],[-66.457,-22.3119],[-66.4647,-22.3472],[-66.4452,-22.4156],[-66.4443,-22.4164],[-66.4452,-22.4356],[-66.3492,-22.4833],[-66.3491,-22.4836],[-66.3406,-22.5147],[-66.3556,-22.5527],[-66.3578,-22.5555],[-66.358,-22.5557],[-66.3695,-22.6019],[-66.4316,-22.6808],[-66.4543,-22.6882],[-66.451,-22.7118],[-66.4512,-22.7122],[-66.4573,-22.7358],[-66.4434,-22.7681],[-66.4414,-22.7729],[-66.4406,-22.7752],[-66.4405,-22.7754],[-66.4232,-22.796],[-66.423,-22.7961],[-66.397,-22.8208],[-66.3245,-22.9063],[-66.3218,-22.9275],[-66.3741,-23.0238],[-66.4745,-23.0526],[-66.4947,-23.1089],[-66.5281,-23.131],[-66.5249,-23.1654],[-66.5246,-23.1849],[-66.4792,-23.1948],[-66.4754,-23.2122],[-66.48,-23.2475],[-66.4623,-23.2705],[-66.4183,-23.2871],[-66.3638,-23.3348],[-66.368,-23.3972],[-66.3677,-23.3991],[-66.3676,-23.3992],[-66.3676,-23.3994],[-66.3682,-23.4018]],[[-66.3828,-23.4212],[-66.4072,-23.4666],[-66.4201,-23.5119],[-66.4095,-23.5629],[-66.4112,-23.5656],[-66.4239,-23.5678],[-66.4321,-23.6084],[-66.4162,-23.6578],[-66.4528,-23.7147],[-66.4525,-23.7889],[-66.4885,-23.9474],[-66.5083,-23.9997],[-66.5081,-24.0],[-66.5102,-24.0065],[-66.5108,-24.007],[-66.5127,-24.0101],[-66.513,-24.0106],[-66.5146,-24.0133],[-66.5153,-24.0139],[-66.5191,-24.018],[-66.519,-24.019],[-66.5232,-24.0397],[-66.5235,-24.0401],[-66.5248,-24.0414],[-66.5284,-24.0495],[-66.5286,-24.05],[-66.5286,-24.0501],[-66.5289,-24.0506],[-66.531,-24.0638],[-66.5309,-24.0643],[-66.529,-24.0688],[-66.5283,-24.0695],[-66.5267,-24.0723],[-66.526,-24.0742],[-66.4653,-24.1124],[-66.4413,-24.1327],[-66.4397,-24.1334],[-66.435,-24.1387],[-66.4326,-24.14],[-66.4046,-24.1634],[-66.4046,-24.1653],[-66.406,-24.1756],[-66.4059,-24.1761],[-66.4134,-24.1819],[-66.4132,-24.1843],[-66.4137,-24.1915],[-66.414,-24.1917],[-66.4146,-24.1982],[-66.4147,-24.199],[-66.4149,-24.201],[-66.4145,-24.2034],[-66.3963,-24.2135],[-66.3964,-24.2142],[-66.388,-24.2376],[-66.3604,-24.2521]],[[-66.1651,-25.1224],[-66.1653,-25.1222],[-66.165,-25.1222]],[[-66.3676,-23.3991],[-66.3677,-23.3991]],[[-66.3676,-23.3994],[-66.3675,-23.3992]]]}},{"type":"Feature","properties":{"ref":"RN 50"},"geometry":{"type":"MultiLineString","coordinates":[[[-64.2675,-23.2464],[-64.2646,-23.2478],[-64.2389,-23.2707],[-64.2448,-23.2635],[-64.2471,-23.2627],[-64.2641,-23.2491],[-64.2645,-23.2489],[-64.2823,-23.2362],[-64.3283,-23.1632],[-64.3287,-23.1628],[-64.329,-23.1626],[-64.3287,-23.1623],[-64.329,-23.162],[-64.3294,-23.1621],[-64.3328,-23.1267],[-64.3307,-23.1168],[-64.3307,-23.1166],[-64.3294,-23.1105],[-64.329,-23.1088],[-64.3288,-23.1077],[-64.3273,-23.086],[-64.3289,-23.0831],[-64.3635,-23.0198],[-64.3668,-22.9675],[-64.3644,-22.9652],[-64.3684,-22.8995],[-64.3682,-22.8984],[-64.353,-22.8035],[-64.3529,-22.8032],[-64.3565,-22.7369],[-64.3599,-22.7302],[-64.3676,-22.7262],[-64.3678,-22.7263],[-64.3687,-22.7264],[-64.3705,-22.7262]],[[-64.2193,-23.3087],[-64.2189,-23.3074],[-64.2179,-23.2979],[-64.2192,-23.2963]],[[-64.2717,-23.2441],[-64.2793,-23.2381],[-64.2979,-23.2028],[-64.3285,-23.1626],[-64.3287,-23.1623]],[[-64.329,-23.162],[-64.3292,-23.1618],[-64.335,-23.1454],[-64.3328,-23.1267]],[[-64.2389,-23.2707],[-64.2326,-23.2783],[-64.2324,-23.2787],[-64.2222,-23.2924],[-64.2221,-23.2925],[-64.2192,-23.2959],[-64.2177,-23.2978],[-64.2155,-23.3074]],[[-64.2151,-23.3074],[-64.2175,-23.2977],[-64.219,-23.2958],[-64.2213,-23.293],[-64.2321,-23.2784],[-64.2322,-23.2782],[-64.2448,-23.2633],[-64.2472,-23.2625],[-64.264,-23.249],[-64.2644,-23.2488],[-64.2682,-23.2464],[-64.2826,-23.2358],[-64.2979,-23.2028]],[[-64.3294,-23.1621],[-64.329,-23.1626]]]}},{"type":"Feature","properties":{"ref":"RN 51"},"geometry":{"type":"MultiLineString","coordinates":[[[-65.5046,-24.8457],[-65.5047,-24.8456],[-65.5042,-24.8455],[-65.5046,-24.8457],[-65.5049,-24.8459],[-65.5057,-24.8461],[-65.506,-24.8461],[-65.506,-24.8459],[-65.5063,-24.8461],[-65.5203,-24.8491],[-65.5205,-24.8492],[-65.5405,-24.8667],[-65.5475,-24.8689],[-65.5708,-24.8783],[-65.5898,-24.8841],[-65.6049,-24.8958],[-65.6167,-24.8994],[-65.6271,-24.906],[-65.6356,-24.9075],[-65.6368,-24.9074],[-65.6394,-24.9074],[-65.6424,-24.9073],[-65.6449,-24.9072],[-65.6507,-24.9069],[-65.6527,-24.9063],[-65.6619,-24.9004],[-65.6632,-24.8994],[-65.6944,-24.8945],[-65.6997,-24.8672],[-65.6998,-24.867],[-65.7265,-24.8341],[-65.7272,-24.834],[-65.7267,-24.8144],[-65.7265,-24.814],[-65.7268,-24.8106],[-65.7267,-24.81],[-65.743,-24.7628],[-65.7448,-24.7585],[-65.7479,-24.7564],[-65.7507,-24.7519],[-65.7497,-24.7501],[-65.75,-24.7485],[-65.7505,-24.7482],[-65.7559,-24.7355],[-65.7554,-24.7343],[-65.7553,-24.7339],[-65.759,-24.7319],[-65.7593,-24.7317],[-65.7617,-24.7169],[-65.7619,-24.7163],[-65.7621,-24.7159],[-65.7622,-24.7155],[-65.7573,-24.7016],[-65.7574,-24.7015],[-65.7589,-24.6952],[-65.759,-24.6941],[-65.7587,-24.6937],[-65.7581,-24.692],[-65.7691,-24.6837],[-65.77,-24.6832],[-65.7707,-24.683],[-65.7716,-24.6817],[-65.7723,-24.6801],[-65.7757,-24.6756],[-65.7764,-24.6753],[-65.7844,-24.6695],[-65.7852,-24.669],[-65.7891,-24.6629],[-65.7897,-24.6625],[-65.8001,-24.6412],[-65.8002,-24.6404],[-65.8002,-24.64],[-65.8006,-24.639],[-65.8058,-24.6352],[-65.8069,-24.6348],[-65.8122,-24.6338],[-65.8128,-24.6337],[-65.8239,-24.6115],[-65.8241,-24.6109],[-65.8386,-24.5945],[-65.8386,-24.5933],[-65.8457,-24.5861],[-65.8463,-24.5851],[-65.8475,-24.5825],[-65.8478,-24.5816],[-65.8484,-24.5808],[-65.8492,-24.5797],[-65.8503,-24.5754],[-65.8503,-24.5746],[-65.8502,-24.5721],[-65.8502,-24.5714],[-65.8509,-24.5692],[-65.8509,-24.5688],[-65.8518,-24.5653],[-65.8523,-24.5645],[-65.8546,-24.561],[-65.8551,-24.5605],[-65.8672,-24.551],[-65.8685,-24.5509],[-65.8691,-24.5509],[-65.8704,-24.5499],[-65.8764,-24.5007],[-65.8767,-24.4981],[-65.8765,-24.4979],[-65.8828,-24.4921],[-65.888,-24.4916],[-65.8895,-24.4908],[-65.897,-24.4856],[-65.8978,-24.4856],[-65.8979,-24.4857],[-65.8967,-24.4869],[-65.8926,-24.4877],[-65.8953,-24.4882],[-65.9369,-24.4616],[-65.9373,-24.4614],[-65.9383,-24.4595],[-65.9384,-24.459],[-65.9501,-24.4515],[-65.9503,-24.4514],[-65.9524,-24.4495],[-65.9568,-24.4475],[-65.9763,-24.4328],[-65.9771,-24.4323],[-65.9892,-24.4184],[-65.9893,-24.418],[-66.0035,-24.3798],[-66.0035,-24.3796],[-66.0043,-24.3774],[-66.0084,-24.3714],[-66.0127,-24.3667],[-66.0129,-24.3663],[-66.0217,-24.3558],[-66.022,-24.3554],[-66.0258,-24.3508],[-66.0261,-24.3505],[-66.042,-24.3394],[-66.0461,-24.3369],[-66.05,-24.3346],[-66.0502,-24.3344],[-66.0569,-24.339],[-66.0575,-24.3396],[-66.0632,-24.347],[-66.0643,-24.3472],[-66.0758,-24.3587],[-66.0756,-24.3588],[-66.0827,-24.3668],[-66.083,-24.3668],[-66.0932,-24.3656],[-66.0933,-24.3656],[-66.1064,-24.3455],[-66.1065,-24.3449],[-66.111,-24.3368],[-66.1118,-24.3187],[-66.1125,-24.3194],[-66.1161,-24.3251],[-66.1166,-24.3247],[-66.1157,-24.3223],[-66.116,-24.3215],[-66.1156,-24.3204],[-66.1164,-24.3199],[-66.1192,-24.3199],[-66.12,-24.32],[-66.1211,-24.3201],[-66.1217,-24.3197],[-66.1246,-24.3172],[-66.1252,-24.3169],[-66.1287,-24.3147],[-66.1295,-24.3154],[-66.1326,-24.3158],[-66.1338,-24.3175],[-66.1416,-24.3096],[-66.1527,-24.2907],[-66.2255,-24.257],[-66.2408,-24.2377],[-66.2413,-24.2355],[-66.2415,-24.2349],[-66.2427,-24.2338],[-66.3049,-24.2042],[-66.3133,-24.216],[-66.3134,-24.2164]],[[-66.3167,-24.2196],[-66.3166,-24.22],[-66.3187,-24.2278],[-66.3213,-24.2302],[-66.3224,-24.2307],[-66.3227,-24.2308],[-66.3262,-24.2344],[-66.3392,-24.2438],[-66.3393,-24.244],[-66.359,-24.2522],[-66.3592,-24.2522],[-66.3604,-24.2521],[-66.395,-24.2613],[-66.4208,-24.2386],[-66.455,-24.2199],[-66.4526,-24.2319],[-66.4758,-24.2092],[-66.5086,-24.191],[-66.5471,-24.2064],[-66.5615,-24.1865],[-66.6045,-24.1838],[-66.6046,-24.1836],[-66.6456,-24.1719],[-66.6795,-24.1411],[-66.6799,-24.1412],[-66.7145,-24.135],[-66.741,-24.0927],[-66.7899,-24.0968],[-66.7916,-24.0944],[-66.7932,-24.0933]],[[-65.5042,-24.8455],[-65.4786,-24.8391],[-65.4768,-24.8391],[-65.4758,-24.8391],[-65.475,-24.8389],[-65.4591,-24.8382],[-65.4586,-24.8381],[-65.4577,-24.8381],[-65.4511,-24.8377],[-65.4419,-24.8353],[-65.4329,-24.8303],[-65.4319,-24.8304]],[[-67.2613,-23.8444],[-67.1565,-23.8745],[-66.9932,-24.0153],[-66.9433,-24.1341],[-66.8912,-24.1368],[-66.8294,-24.0959],[-66.7925,-24.0923]],[[-65.5049,-24.8459],[-65.5049,-24.8456],[-65.5057,-24.8458],[-65.5057,-24.8461]],[[-65.5063,-24.8461],[-65.506,-24.8461]],[[-65.5057,-24.8458],[-65.506,-24.8459]],[[-65.5047,-24.8456],[-65.5049,-24.8456]],[[-65.4319,-24.8297],[-65.433,-24.8303],[-65.4496,-24.8376],[-65.45,-24.8376],[-65.4505,-24.8376],[-65.457,-24.8379],[-65.4577,-24.838],[-65.4586,-24.838],[-65.4752,-24.8388],[-65.4786,-24.8391]],[[-66.3138,-24.2166],[-66.3138,-24.217],[-66.3161,-24.2193],[-66.3165,-24.2193]],[[-66.3133,-24.216],[-66.3137,-24.2163]],[[-66.3138,-24.217],[-66.3135,-24.2167]],[[-66.3164,-24.2195],[-66.3161,-24.2193]],[[-66.3166,-24.22],[-66.3164,-24.2196]]]}},{"type":"Feature","properties":{"ref":"RN 52"},"geometry":{"type":"MultiLineString","coordinates":[[[-67.0629,-23.2266],[-67.023,-23.237],[-67.006,-23.2571],[-67.0093,-23.2971],[-66.956,-23.3913],[-66.949,-23.4733],[-66.9112,-23.5747],[-66.8455,-23.6268],[-66.7716,-23.6026],[-66.7211,-23.612],[-66.6671,-23.5813],[-66.6337,-23.4798],[-66.5804,-23.4332],[-66.5203,-23.4014],[-66.4875,-23.4243],[-66.3828,-23.4212],[-66.3682,-23.4018],[-66.3624,-23.4023],[-66.3613,-23.4021],[-66.3367,-23.43],[-66.3256,-23.4394],[-66.295,-23.4572],[-66.2858,-23.4336],[-66.2651,-23.4312],[-66.2567,-23.439],[-66.2564,-23.4392],[-66.2328,-23.4336],[-66.1878,-23.4224],[-66.1259,-23.4455],[-65.8964,-23.588],[-65.8854,-23.595],[-65.8644,-23.6085],[-65.8396,-23.644],[-65.7738,-23.6618],[-65.7451,-23.6886],[-65.745,-23.6888],[-65.7381,-23.6946],[-65.7379,-23.6947],[-65.6762,-23.6981],[-65.6744,-23.7135],[-65.6268,-23.6823],[-65.6266,-23.6823],[-65.6234,-23.6814],[-65.6231,-23.6813],[-65.6043,-23.6741],[-65.6039,-23.6741],[-65.582,-23.6649],[-65.5659,-23.6895],[-65.5658,-23.6897],[-65.5638,-23.6941],[-65.5636,-23.6946],[-65.5464,-23.6997],[-65.5397,-23.7004],[-65.537,-23.704],[-65.5356,-23.7058],[-65.5169,-23.7306],[-65.5144,-23.7316],[-65.5135,-23.7316],[-65.5045,-23.7394],[-65.5039,-23.7399],[-65.4963,-23.7472],[-65.4962,-23.7472],[-65.4904,-23.747],[-65.4815,-23.7465],[-65.4777,-23.7456],[-65.4719,-23.7441],[-65.4699,-23.7442],[-65.4696,-23.7442],[-65.4692,-23.7443],[-65.4695,-23.7444],[-65.4699,-23.7442]]]}},{"type":"Feature","properties":{"ref":"RN 58"},"geometry":{"type":"MultiLineString","coordinates":[[[-65.4126,-24.7375],[-65.413,-24.7375],[-65.415,-24.737],[-65.4178,-24.7363]],[[-65.5009,-24.8853],[-65.5013,-24.885],[-65.5027,-24.8716],[-65.5027,-24.8714],[-65.5035,-24.8559],[-65.5035,-24.8557],[-65.5052,-24.846],[-65.5053,-24.8457]],[[-65.5031,-24.8323],[-65.5055,-24.8457],[-65.5054,-24.8461],[-65.5037,-24.8557],[-65.5037,-24.8559],[-65.5029,-24.8715],[-65.5028,-24.8716],[-65.5015,-24.8851],[-65.5009,-24.8855]],[[-65.4534,-24.7644],[-65.4535,-24.7644],[-65.4543,-24.7649],[-65.4568,-24.7665],[-65.4644,-24.7711],[-65.4648,-24.7714],[-65.4743,-24.7844],[-65.4746,-24.7858],[-65.4758,-24.7903],[-65.476,-24.7913],[-65.477,-24.7967],[-65.477,-24.797],[-65.4788,-24.8107]],[[-65.4768,-24.7967],[-65.4758,-24.7913],[-65.4756,-24.7903],[-65.4744,-24.7858],[-65.4741,-24.7845],[-65.4647,-24.7715],[-65.4643,-24.7713],[-65.4573,-24.767],[-65.4539,-24.7649],[-65.4526,-24.7641],[-65.4521,-24.7638],[-65.4516,-24.7635],[-65.4248,-24.7407]],[[-65.5028,-24.8322],[-65.5019,-24.8302],[-65.4942,-24.8234],[-65.4938,-24.8232]],[[-65.479,-24.8111],[-65.4939,-24.8231],[-65.4943,-24.8233],[-65.5021,-24.8303]],[[-65.4788,-24.8111],[-65.4786,-24.8108]],[[-65.4178,-24.7365],[-65.4149,-24.7371],[-65.413,-24.7376],[-65.4127,-24.7377]],[[-65.4252,-24.7406],[-65.4519,-24.7634],[-65.4523,-24.7637],[-65.4527,-24.7639]],[[-65.4182,-24.7363],[-65.4236,-24.7383],[-65.425,-24.7402]],[[-65.4247,-24.7403],[-65.4234,-24.7382],[-65.4183,-24.7365]]]}},{"type":"Feature","properties":{"ref":"RN 60"},"geometry":{"type":"MultiLineString","coordinates":[[[-66.2827,-28.8912],[-66.283,-28.8909],[-66.284,-28.89],[-66.3172,-28.884],[-66.3174,-28.8839],[-66.3223,-28.8801],[-66.3224,-28.88],[-66.3403,-28.8738],[-66.3404,-28.8737],[-66.3891,-28.8679],[-66.3892,-28.8679],[-66.4098,-28.8142],[-66.373,-28.7645],[-66.3729,-28.7643],[-66.3696,-28.7544],[-66.3696,-28.7542],[-66.3655,-28.7453],[-66.3651,-28.7451],[-66.3526,-28.7328],[-66.3555,-28.7207],[-66.356,-28.7201],[-66.3569,-28.7192],[-66.3575,-28.719],[-66.3791,-28.7128],[-66.3792,-28.7127],[-66.3957,-28.6779],[-66.4522,-28.671],[-66.4524,-28.6711],[-66.4911,-28.6814],[-66.5493,-28.6493],[-66.5493,-28.6498],[-66.5493,-28.6505],[-66.5493,-28.6509],[-66.5496,-28.6511],[-66.55,-28.651],[-66.5496,-28.6509],[-66.5496,-28.6508],[-66.5493,-28.6505]],[[-67.6263,-27.6932],[-67.6298,-27.7073],[-67.6263,-27.6933],[-67.6345,-27.6927],[-67.6349,-27.6926],[-67.6356,-27.6924],[-67.7035,-27.6068],[-67.7757,-27.6802],[-67.8649,-27.7002],[-67.8652,-27.7004],[-67.9667,-27.711],[-67.9669,-27.711],[-67.9724,-27.7165],[-67.9725,-27.7167],[-68.0268,-27.8069],[-68.0932,-27.7899],[-68.1298,-27.7585],[-68.1711,-27.6837],[-68.1453,-27.5599],[-68.1452,-27.5598],[-68.1072,-27.4699],[-68.1131,-27.4332],[-68.1385,-27.4052],[-68.1353,-27.3379],[-68.05,-26.9516],[-68.0568,-26.9328],[-68.1449,-26.9113],[-68.251,-26.8608],[-68.2991,-26.8737]],[[-64.0688,-30.7929],[-64.0671,-30.7886],[-64.0678,-30.7875],[-64.0684,-30.7872],[-64.0719,-30.7859],[-64.0686,-30.7895]],[[-66.2484,-28.8689],[-66.2488,-28.8685],[-66.2484,-28.8689],[-66.102,-28.9427],[-66.1019,-28.9427],[-65.7781,-29.213],[-65.7771,-29.2158],[-65.7748,-29.2187],[-65.7765,-29.2156],[-65.7781,-29.213]],[[-67.5596,-28.0688],[-67.5548,-28.0705],[-67.5596,-28.0687],[-67.5608,-28.0652],[-67.5612,-28.0641],[-67.564,-28.0648],[-67.5666,-28.0561],[-67.568,-28.0564],[-67.5698,-28.0507],[-67.57,-28.0505]],[[-66.8058,-28.5569],[-66.8105,-28.5607],[-66.8045,-28.5594],[-66.8058,-28.5569]],[[-66.8109,-28.5593],[-66.811,-28.5591],[-66.8126,-28.5541],[-66.8152,-28.5464],[-66.8164,-28.5467],[-66.8143,-28.5533],[-66.814,-28.5544],[-66.8132,-28.5569],[-66.8122,-28.5607],[-66.8122,-28.5609],[-66.8119,-28.5613],[-66.8105,-28.5607],[-66.8109,-28.5593]],[[-66.8045,-28.5594],[-66.8022,-28.5638],[-66.7993,-28.5661],[-66.7985,-28.5663],[-66.7975,-28.5664],[-66.7988,-28.5659],[-66.7991,-28.5657],[-66.8022,-28.5638]],[[-66.55,-28.651],[-66.5707,-28.6471],[-66.5708,-28.6471],[-66.572,-28.6466],[-66.5721,-28.6465],[-66.5785,-28.6463],[-66.5796,-28.6454],[-66.6221,-28.6412],[-66.6223,-28.6411],[-66.6337,-28.6359],[-66.6339,-28.6358],[-66.6353,-28.6352],[-66.6355,-28.6351],[-66.6415,-28.6324],[-66.6417,-28.6323],[-66.6426,-28.6319],[-66.6428,-28.6317],[-66.6468,-28.63],[-66.6469,-28.6299],[-66.6582,-28.6247],[-66.6585,-28.6246],[-66.6694,-28.6196],[-66.6697,-28.6195],[-66.6757,-28.6168],[-66.676,-28.6166],[-66.6973,-28.6069],[-66.6978,-28.6067],[-66.7029,-28.6043],[-66.7033,-28.6041],[-66.7141,-28.5994],[-66.7143,-28.5993],[-66.7169,-28.5983],[-66.7172,-28.5982],[-66.7237,-28.5956],[-66.724,-28.5955],[-66.7291,-28.5935],[-66.7295,-28.5933],[-66.7384,-28.5898],[-66.7388,-28.5897],[-66.7662,-28.5789],[-66.7662,-28.5788],[-66.7672,-28.5784],[-66.7975,-28.5664]],[[-64.3442,-30.4207],[-64.3439,-30.4209],[-64.344,-30.4205],[-64.344,-30.4204],[-64.3444,-30.4205],[-64.3445,-30.4201],[-64.3441,-30.4204]],[[-64.0671,-30.7886],[-64.0678,-30.7871]],[[-64.3439,-30.4209],[-64.3403,-30.4256],[-64.3401,-30.4258],[-64.3382,-30.4283],[-64.3381,-30.4284],[-64.3322,-30.4353],[-64.332,-30.4354],[-64.2984,-30.4665],[-64.2972,-30.4675],[-64.2658,-30.4969],[-64.2658,-30.4973],[-64.2544,-30.5156],[-64.2527,-30.5175],[-64.2501,-30.5204],[-64.2044,-30.5906],[-64.2033,-30.593],[-64.203,-30.5936],[-64.2018,-30.5964],[-64.1944,-30.6135],[-64.1943,-30.6137],[-64.1535,-30.6856],[-64.1169,-30.7502],[-64.0719,-30.7859]],[[-66.8164,-28.5467],[-66.8175,-28.543],[-66.8192,-28.5331],[-66.8194,-28.533],[-66.821,-28.5315],[-66.8211,-28.5314],[-66.8238,-28.5278],[-66.8239,-28.5278],[-66.8277,-28.5225],[-66.8278,-28.5225],[-66.8305,-28.5187],[-66.8306,-28.5186],[-66.8333,-28.515],[-66.8334,-28.5149],[-66.8417,-28.5035],[-66.8417,-28.5034],[-66.8506,-28.4894],[-66.8506,-28.4893],[-66.8525,-28.4863],[-66.8526,-28.4861],[-66.8566,-28.4794],[-66.8567,-28.4792],[-66.8702,-28.4568],[-66.8702,-28.4566],[-66.8722,-28.4514],[-66.8723,-28.4513],[-66.8829,-28.4261],[-66.883,-28.426],[-66.8888,-28.4165],[-66.8889,-28.4164],[-66.8934,-28.4091],[-66.8956,-28.4056],[-66.8956,-28.4055],[-66.8977,-28.4021],[-66.8978,-28.402],[-66.9002,-28.3988],[-66.9003,-28.3987],[-66.9032,-28.3961],[-66.9034,-28.396],[-66.9231,-28.3779],[-66.9232,-28.3779],[-66.9331,-28.3689],[-66.9332,-28.3688],[-66.9378,-28.3647],[-66.9378,-28.3646],[-66.9587,-28.3435],[-66.9587,-28.3434],[-66.9604,-28.339],[-66.9605,-28.3389],[-66.9651,-28.3274],[-66.9651,-28.3272],[-66.9737,-28.315],[-66.9739,-28.3149],[-66.9788,-28.3097],[-66.9789,-28.3097],[-67.0189,-28.3232],[-67.0488,-28.315],[-67.0494,-28.3147],[-67.0515,-28.3127],[-67.052,-28.3121],[-67.0878,-28.2898],[-67.0898,-28.2895],[-67.0904,-28.2893],[-67.0907,-28.2892],[-67.0919,-28.2888],[-67.0946,-28.288],[-67.0948,-28.2879],[-67.0979,-28.287],[-67.0981,-28.2869],[-67.1133,-28.2823],[-67.1135,-28.2823],[-67.1168,-28.2813],[-67.117,-28.2812],[-67.1279,-28.2815],[-67.1282,-28.2815],[-67.1399,-28.2817],[-67.1401,-28.2817],[-67.1531,-28.2837],[-67.1534,-28.2838],[-67.1648,-28.2919],[-67.165,-28.292],[-67.1668,-28.2934],[-67.167,-28.2935],[-67.1681,-28.2942],[-67.1682,-28.2944],[-67.1691,-28.2949],[-67.1696,-28.2953],[-67.1834,-28.301],[-67.1835,-28.3011],[-67.187,-28.302],[-67.1875,-28.3022],[-67.1914,-28.3032],[-67.1915,-28.3032],[-67.1925,-28.3035],[-67.1927,-28.3036],[-67.2005,-28.3057],[-67.201,-28.3058],[-67.2128,-28.307],[-67.2131,-28.307],[-67.2202,-28.3076],[-67.2205,-28.3076],[-67.2228,-28.3076],[-67.2232,-28.3076],[-67.2252,-28.3074],[-67.2255,-28.3074],[-67.2293,-28.3071],[-67.2295,-28.307],[-67.2381,-28.305],[-67.2383,-28.3049],[-67.242,-28.3035],[-67.2426,-28.3033],[-67.2505,-28.3021],[-67.2745,-28.305],[-67.2747,-28.305],[-67.2795,-28.3061],[-67.2799,-28.3062],[-67.2835,-28.307],[-67.2837,-28.307],[-67.2867,-28.3077],[-67.2868,-28.3077],[-67.3093,-28.3164],[-67.3096,-28.3165],[-67.3143,-28.3182],[-67.3146,-28.3183],[-67.3162,-28.3189],[-67.3166,-28.3191],[-67.3311,-28.3182],[-67.3316,-28.318],[-67.3556,-28.3084],[-67.3558,-28.3083],[-67.367,-28.3038],[-67.3675,-28.3036],[-67.3996,-28.2633],[-67.4415,-28.255],[-67.4566,-28.244],[-67.457,-28.2438],[-67.474,-28.2386],[-67.4742,-28.2382],[-67.4946,-28.1366],[-67.5235,-28.0943],[-67.5245,-28.0936],[-67.5299,-28.0932],[-67.5323,-28.0942],[-67.5327,-28.0943],[-67.5829,-28.0911],[-67.5829,-28.09],[-67.6177,-28.0209],[-67.6404,-27.943],[-67.6406,-27.9424],[-67.681,-27.8777],[-67.6806,-27.877],[-67.638,-27.7329],[-67.6298,-27.7073]],[[-67.568,-28.0564],[-67.5649,-28.0663],[-67.5622,-28.0655],[-67.5615,-28.068],[-67.5597,-28.0688]],[[-67.6177,-28.0209],[-67.6147,-28.0216],[-67.6146,-28.0216],[-67.5912,-28.0218],[-67.5715,-28.0475],[-67.5517,-28.0718],[-67.5518,-28.072],[-67.5548,-28.0705]],[[-65.7748,-29.2187],[-65.7688,-29.2293],[-65.7196,-29.3228],[-65.7178,-29.4116],[-65.5338,-29.6024],[-65.5304,-29.6042],[-65.5303,-29.6042],[-65.5292,-29.6048],[-65.515,-29.6029],[-65.4645,-29.5951],[-64.9209,-29.511],[-64.9204,-29.511],[-64.9191,-29.5127],[-64.8659,-29.5807],[-64.8362,-29.6208],[-64.6715,-29.841],[-64.4933,-30.2111],[-64.493,-30.2118],[-64.4927,-30.2117],[-64.4926,-30.2119],[-64.4929,-30.212],[-64.493,-30.2119],[-64.493,-30.2118]],[[-64.067,-30.7863],[-64.0701,-30.7868]],[[-64.4926,-30.212],[-64.4925,-30.2124],[-64.4866,-30.2223],[-64.4862,-30.223],[-64.4852,-30.2247],[-64.4781,-30.2364],[-64.4768,-30.2385],[-64.3521,-30.4101],[-64.3513,-30.4112],[-64.3494,-30.4137],[-64.3445,-30.4201]],[[-64.4929,-30.212],[-64.4925,-30.2124]],[[-64.4928,-30.2117],[-64.4933,-30.2111]],[[-64.3399,-30.4258],[-64.3401,-30.4256],[-64.3406,-30.4253],[-64.3399,-30.4261],[-64.3399,-30.4258]],[[-67.0878,-28.2898],[-67.0888,-28.2896],[-67.0898,-28.2894],[-67.0902,-28.2893],[-67.0904,-28.2892],[-67.0906,-28.2892],[-67.0919,-28.2888]],[[-67.5299,-28.0932],[-67.5518,-28.072]],[[-66.283,-28.8909],[-66.2828,-28.8913]],[[-64.9204,-29.511],[-64.9209,-29.511]],[[-67.5594,-28.0688],[-67.5596,-28.0685]],[[-67.5698,-28.0507],[-67.5697,-28.0504]],[[-67.5698,-28.0501],[-67.57,-28.0497],[-67.5701,-28.0501]],[[-67.5715,-28.0475],[-67.57,-28.0497]],[[-64.3444,-30.4205],[-64.344,-30.4205]]]}},{"type":"Feature","properties":{"ref":"RN 64"},"geometry":{"type":"MultiLineString","coordinates":[[[-64.273,-27.7713],[-64.2729,-27.7719],[-64.2633,-27.7828],[-64.2658,-27.7846],[-64.2659,-27.7847],[-64.2683,-27.7864],[-64.2657,-27.7893],[-64.277,-27.7964],[-64.2764,-27.7974],[-64.282,-27.801],[-64.283,-27.8015],[-64.2831,-27.8016],[-64.2861,-27.8035],[-64.2951,-27.8082],[-64.2942,-27.8097],[-64.2958,-27.8106],[-64.297,-27.8095],[-64.3053,-27.8155],[-64.3062,-27.816],[-64.3082,-27.8172],[-64.3111,-27.8188],[-64.3137,-27.8204],[-64.5689,-27.9928],[-64.7794,-28.1205],[-64.7806,-28.1212]],[[-65.5803,-28.0061],[-65.58,-28.0067],[-65.5798,-28.0059]],[[-65.1009,-28.1914],[-65.1004,-28.1912],[-65.1009,-28.191]],[[-65.1014,-28.191],[-65.1019,-28.1913],[-65.1118,-28.1926],[-65.1144,-28.1929],[-65.1156,-28.1931],[-65.2148,-28.2041],[-65.229,-28.1423],[-65.3314,-28.1062],[-65.3323,-28.1062],[-65.372,-28.0996],[-65.4063,-28.1027],[-65.4488,-28.067],[-65.4495,-28.0666],[-65.5036,-28.0472],[-65.5044,-28.0468],[-65.5047,-28.0462],[-65.5048,-28.0468]],[[-65.1019,-28.1913],[-65.1014,-28.1914]],[[-64.2671,-27.7546],[-64.2671,-27.7539],[-64.2667,-27.7526],[-64.2666,-27.7523],[-64.2666,-27.7522],[-64.2661,-27.7509],[-64.2653,-27.75],[-64.259,-27.7448],[-64.2587,-27.7447]],[[-64.2941,-27.8095],[-64.293,-27.8079],[-64.2874,-27.8045],[-64.2832,-27.8019],[-64.2831,-27.8018],[-64.2829,-27.8017],[-64.2763,-27.7975],[-64.2762,-27.7974],[-64.2769,-27.7963]],[[-64.3053,-27.8155],[-64.2985,-27.8114],[-64.296,-27.8106]],[[-64.2718,-27.7677],[-64.2715,-27.7672],[-64.2713,-27.7656],[-64.2688,-27.7583],[-64.2684,-27.7574],[-64.2671,-27.755]],[[-64.2674,-27.7549],[-64.2684,-27.7574]],[[-64.2671,-27.7539],[-64.2674,-27.7546]],[[-64.2714,-27.7679],[-64.2715,-27.7672]],[[-64.2442,-27.7358],[-64.2477,-27.738],[-64.2584,-27.7443],[-64.2586,-27.7445]],[[-64.2588,-27.7445],[-64.259,-27.7448]],[[-64.2721,-27.7683],[-64.2717,-27.7685],[-64.2716,-27.7685],[-64.2713,-27.7681],[-64.2721,-27.7681],[-64.2721,-27.7683],[-64.2729,-27.7709],[-64.2727,-27.771],[-64.2717,-27.7685]],[[-64.2431,-27.7355],[-64.2397,-27.7334]],[[-64.2398,-27.7334],[-64.2433,-27.7353]],[[-64.2477,-27.738],[-64.244,-27.736]],[[-64.2951,-27.8082],[-64.2956,-27.8081],[-64.2969,-27.8089],[-64.297,-27.8095]],[[-65.5047,-28.0462],[-65.5602,-28.0063],[-65.5608,-28.0062],[-65.5615,-28.0062],[-65.58,-28.0067]],[[-64.2584,-27.7443],[-64.2587,-27.7444]],[[-65.1004,-28.1912],[-64.7822,-28.1221],[-64.7816,-28.1221]],[[-64.7802,-28.1217],[-64.7794,-28.1205]],[[-64.7817,-28.1218],[-64.7822,-28.1221]],[[-65.5045,-28.0471],[-65.5036,-28.0472]],[[-64.2648,-27.7839],[-64.2641,-27.7847],[-64.2634,-27.7842],[-64.2642,-27.7834]],[[-64.2762,-27.7974],[-64.2764,-27.7974],[-64.2763,-27.7975]],[[-64.2661,-27.7509],[-64.2653,-27.75]],[[-64.2729,-27.7709],[-64.273,-27.7709],[-64.2731,-27.7711],[-64.2729,-27.7713],[-64.2727,-27.7711],[-64.2727,-27.771]]]}},{"type":"Feature","properties":{"ref":"RN 65"},"geometry":{"type":"MultiLineString","coordinates":[[[-65.5874,-27.3573],[-65.5885,-27.3568],[-65.5923,-27.3545],[-65.5924,-27.3544],[-65.5954,-27.3518],[-65.5958,-27.3515],[-65.63,-27.3454],[-65.6304,-27.3453],[-65.656,-27.3374],[-65.6577,-27.3369],[-65.7469,-27.3335],[-65.7558,-27.3389],[-65.7562,-27.3394],[-65.7594,-27.3412],[-65.7611,-27.3401],[-65.7913,-27.3467],[-65.8093,-27.3561],[-65.8151,-27.3573],[-65.9143,-27.3218],[-65.9144,-27.3224],[-65.9703,-27.3452]],[[-65.5636,-27.3711],[-65.5836,-27.3604],[-65.5851,-27.3582],[-65.586,-27.3572]],[[-65.5873,-27.3568],[-65.5885,-27.3568]],[[-65.5864,-27.3578],[-65.5852,-27.3582],[-65.5838,-27.3604],[-65.5634,-27.3715]]]}},{"type":"Feature","properties":{"ref":"RN 66"},"geometry":{"type":"MultiLineString","coordinates":[[[-65.2764,-24.2176],[-65.2747,-24.218],[-65.2744,-24.2182],[-65.2741,-24.2183],[-65.2737,-24.2184],[-65.2713,-24.2192],[-65.2573,-24.2297],[-65.2572,-24.2299],[-65.2503,-24.2371],[-65.227,-24.2558],[-65.2139,-24.2668],[-65.2135,-24.2671],[-65.2111,-24.269],[-65.2109,-24.2691],[-65.2059,-24.2728],[-65.2055,-24.2731],[-65.1955,-24.2817],[-65.1946,-24.2828],[-65.1396,-24.3302],[-65.1394,-24.3304],[-65.1052,-24.3601],[-65.1051,-24.3602],[-65.1001,-24.3651],[-65.0983,-24.3679],[-65.0966,-24.3712],[-65.0965,-24.3715],[-65.096,-24.3731],[-65.0959,-24.3735],[-65.0943,-24.3761],[-65.0922,-24.3772],[-65.0917,-24.3773],[-65.0846,-24.3789],[-65.0932,-24.375],[-65.0964,-24.3715],[-65.0965,-24.3712],[-65.0982,-24.3678],[-65.0999,-24.3651],[-65.1049,-24.3601],[-65.105,-24.36],[-65.1392,-24.3302],[-65.1394,-24.3301],[-65.1944,-24.2827],[-65.1953,-24.2816],[-65.2055,-24.2729],[-65.2058,-24.2726],[-65.2108,-24.269],[-65.2109,-24.2688],[-65.2134,-24.267],[-65.2138,-24.2667],[-65.2269,-24.2557],[-65.228,-24.2546],[-65.2281,-24.2545],[-65.2497,-24.2376],[-65.2506,-24.2366],[-65.2571,-24.2298],[-65.2572,-24.2297],[-65.2737,-24.2169],[-65.2745,-24.2167],[-65.2754,-24.2165]],[[-64.9743,-24.3703],[-64.9747,-24.3707],[-64.9792,-24.3731],[-65.0846,-24.3789]],[[-64.9792,-24.3731],[-64.9762,-24.3731],[-64.9754,-24.3731],[-64.9734,-24.3698]]]}},{"type":"Feature","properties":{"ref":"RN 68"},"geometry":{"type":"MultiLineString","coordinates":[[[-65.9703,-26.0592],[-65.8861,-26.0531],[-65.8846,-26.0532],[-65.8775,-26.047],[-65.8773,-26.0468],[-65.8749,-26.0446],[-65.8747,-26.0445],[-65.872,-26.0425],[-65.8719,-26.0424],[-65.8689,-26.0402],[-65.8687,-26.0401],[-65.8489,-26.0293],[-65.8484,-26.0291],[-65.8442,-26.027],[-65.8438,-26.0268],[-65.8425,-26.0262],[-65.8422,-26.026],[-65.7844,-26.0054],[-65.7755,-25.9789],[-65.7541,-25.9769],[-65.7538,-25.9768],[-65.7482,-25.9744],[-65.7524,-25.9533],[-65.7204,-25.9293],[-65.7202,-25.9289],[-65.6897,-25.8141],[-65.6896,-25.8137],[-65.6846,-25.7662],[-65.6833,-25.7649],[-65.683,-25.7618],[-65.683,-25.7615],[-65.6841,-25.7586],[-65.6843,-25.7584],[-65.6862,-25.7422],[-65.6862,-25.742],[-65.6959,-25.7293],[-65.6965,-25.7287],[-65.6987,-25.7217],[-65.6986,-25.7214],[-65.6972,-25.6882],[-65.6971,-25.6878],[-65.6938,-25.6804],[-65.6935,-25.68],[-65.6797,-25.6698],[-65.6741,-25.664],[-65.6737,-25.6637],[-65.6653,-25.6545],[-65.6652,-25.6545],[-65.6606,-25.647],[-65.6606,-25.6469],[-65.6469,-25.6301],[-65.6467,-25.6301],[-65.6283,-25.6324],[-65.6199,-25.6295],[-65.5755,-25.575],[-65.5754,-25.5747],[-65.5759,-25.5715],[-65.5773,-25.5617],[-65.5771,-25.5615],[-65.5752,-25.559],[-65.5751,-25.5589],[-65.5707,-25.5533],[-65.5612,-25.5394],[-65.5579,-25.5351],[-65.5575,-25.5346],[-65.553,-25.4988],[-65.5531,-25.4985],[-65.5623,-25.4732],[-65.563,-25.4708],[-65.563,-25.4699],[-65.5631,-25.4675],[-65.5631,-25.4662],[-65.5632,-25.4642],[-65.5617,-25.4509],[-65.5616,-25.45],[-65.553,-25.4225],[-65.553,-25.4224],[-65.553,-25.4223],[-65.5529,-25.4222],[-65.5284,-25.3576],[-65.5276,-25.3519],[-65.5271,-25.3491],[-65.5267,-25.3486],[-65.4963,-25.3197],[-65.493,-25.3122],[-65.4921,-25.3099],[-65.4836,-25.2929],[-65.4813,-25.2838],[-65.481,-25.2833],[-65.4751,-25.274],[-65.4746,-25.2719],[-65.4681,-25.2609],[-65.4651,-25.2501],[-65.4616,-25.2385],[-65.4868,-25.2045],[-65.4917,-25.1983],[-65.4922,-25.1952],[-65.4922,-25.195],[-65.4922,-25.1948],[-65.4939,-25.1909],[-65.4969,-25.1669],[-65.4958,-25.165],[-65.4957,-25.1648],[-65.493,-25.1632],[-65.4851,-25.1152],[-65.4848,-25.1135],[-65.4861,-25.1077],[-65.4851,-25.1024],[-65.4877,-25.0909],[-65.4884,-25.0827],[-65.4883,-25.0813],[-65.4884,-25.0783],[-65.4889,-25.076],[-65.4972,-25.0756],[-65.4977,-25.0721],[-65.4978,-25.0699],[-65.4968,-25.0616],[-65.4968,-25.0601],[-65.4966,-25.054],[-65.4965,-25.0529],[-65.496,-25.0404],[-65.496,-25.0393],[-65.4903,-24.9798],[-65.4897,-24.9743],[-65.4899,-24.9714],[-65.4896,-24.9673],[-65.4881,-24.9605],[-65.4876,-24.9226],[-65.4902,-24.9153],[-65.4882,-24.9085],[-65.4878,-24.9077],[-65.4872,-24.9058],[-65.4869,-24.9042],[-65.4864,-24.9005],[-65.4844,-24.8972],[-65.474,-24.8911],[-65.4692,-24.8844],[-65.4688,-24.8841],[-65.469,-24.8839],[-65.4692,-24.8844]],[[-65.42,-24.8064],[-65.4213,-24.8089],[-65.4219,-24.8103],[-65.423,-24.8128],[-65.4233,-24.8134],[-65.4256,-24.8189],[-65.4258,-24.8193],[-65.4276,-24.8236],[-65.4278,-24.824],[-65.4298,-24.8271],[-65.4312,-24.8292],[-65.4316,-24.8308],[-65.4312,-24.8333],[-65.4319,-24.8305],[-65.4319,-24.8304],[-65.4319,-24.8297],[-65.4317,-24.8295],[-65.4307,-24.8295],[-65.4307,-24.8302],[-65.4309,-24.8304],[-65.4312,-24.8313],[-65.4311,-24.8331],[-65.4315,-24.837],[-65.4316,-24.8371],[-65.4317,-24.8375],[-65.4335,-24.8412],[-65.4404,-24.8493],[-65.453,-24.8595],[-65.4545,-24.8601],[-65.4562,-24.8618],[-65.4563,-24.862],[-65.4602,-24.8682],[-65.4606,-24.8689],[-65.468,-24.8822],[-65.4683,-24.8827],[-65.4684,-24.8829],[-65.4688,-24.8837],[-65.4686,-24.8838],[-65.4687,-24.8841],[-65.4688,-24.8841]],[[-65.4311,-24.8331],[-65.4315,-24.8308],[-65.4311,-24.8292],[-65.4297,-24.8272],[-65.4278,-24.8243],[-65.4276,-24.824],[-65.4275,-24.8237],[-65.4257,-24.8196],[-65.4256,-24.8193],[-65.4255,-24.8189],[-65.4254,-24.8187],[-65.4233,-24.8138],[-65.4232,-24.8135],[-65.4229,-24.8128],[-65.4225,-24.812],[-65.4218,-24.8103],[-65.4212,-24.8089],[-65.4201,-24.8069],[-65.4196,-24.8068]],[[-65.4686,-24.8838],[-65.4681,-24.883],[-65.468,-24.8829],[-65.468,-24.8828],[-65.468,-24.8822]],[[-65.4684,-24.8829],[-65.4681,-24.883]],[[-65.4688,-24.8837],[-65.469,-24.8839]],[[-65.468,-24.8828],[-65.4683,-24.8827]],[[-65.4312,-24.8333],[-65.4316,-24.837],[-65.4317,-24.8371],[-65.4335,-24.841],[-65.4337,-24.8415],[-65.4367,-24.8449],[-65.4379,-24.8462],[-65.4405,-24.8492],[-65.453,-24.8594],[-65.4545,-24.8601]],[[-65.4319,-24.8305],[-65.4309,-24.8304]]]}},{"type":"Feature","properties":{"ref":"RN 73"},"geometry":{"type":"MultiLineString","coordinates":[[[-67.4457,-29.2011],[-67.4259,-29.2045],[-67.4243,-29.2048],[-67.3888,-29.2239],[-67.3496,-29.2196],[-67.349,-29.2199],[-67.2868,-29.2506],[-67.2767,-29.2646],[-67.2554,-29.2439],[-67.26,-29.2689],[-67.244,-29.2911],[-67.2254,-29.3066],[-67.2203,-29.2905],[-67.1967,-29.2975],[-67.1937,-29.313],[-67.1691,-29.291],[-67.1517,-29.2951],[-67.1457,-29.2749],[-67.1235,-29.2962],[-67.1097,-29.257],[-67.1027,-29.277],[-67.075,-29.249],[-67.0746,-29.2491],[-67.0745,-29.2491],[-67.0746,-29.2491]]]}},{"type":"Feature","properties":{"ref":"RN 74"},"geometry":{"type":"MultiLineString","coordinates":[[[-66.8763,-30.0313],[-66.8751,-30.0319],[-66.8748,-30.032],[-66.8752,-30.0317],[-66.8763,-30.0313],[-66.8782,-30.0304],[-67.0532,-29.9913],[-67.1094,-29.94],[-67.1095,-29.9399],[-67.1607,-29.8697],[-67.1826,-29.8643],[-67.1827,-29.8642],[-67.2346,-29.8543],[-67.2695,-29.8255],[-67.3336,-29.7001],[-67.364,-29.6814],[-67.3642,-29.6813],[-67.3669,-29.6797],[-67.3671,-29.6796],[-67.3756,-29.673],[-67.3757,-29.6729],[-67.3792,-29.6695],[-67.3793,-29.6694],[-67.3809,-29.6678],[-67.3811,-29.6677],[-67.3827,-29.6663],[-67.3829,-29.6662],[-67.4103,-29.6306],[-67.4103,-29.6305],[-67.4201,-29.6146],[-67.4202,-29.6145],[-67.4352,-29.5901],[-67.4352,-29.59],[-67.4396,-29.5828],[-67.4397,-29.5827],[-67.4771,-29.5285],[-67.4772,-29.5284],[-67.484,-29.5117],[-67.484,-29.5116],[-67.488,-29.502],[-67.488,-29.5019],[-67.4913,-29.4733],[-67.4913,-29.4725],[-67.4961,-29.4177],[-67.4961,-29.4176],[-67.4963,-29.4145],[-67.4964,-29.4144],[-67.4969,-29.408],[-67.4969,-29.4078],[-67.4974,-29.4021],[-67.4974,-29.402],[-67.4977,-29.3982],[-67.4977,-29.3981],[-67.5012,-29.3573],[-67.5012,-29.3572],[-67.5014,-29.3543],[-67.5014,-29.3542],[-67.5025,-29.3412],[-67.5029,-29.3374],[-67.5029,-29.3373],[-67.5032,-29.3331],[-67.5032,-29.333],[-67.5036,-29.3291],[-67.5036,-29.3289],[-67.5039,-29.3259],[-67.5039,-29.3257],[-67.5042,-29.322],[-67.5043,-29.3219],[-67.5044,-29.3197],[-67.5045,-29.3196],[-67.5047,-29.3173],[-67.5047,-29.317],[-67.5049,-29.3143],[-67.5054,-29.3074],[-67.5044,-29.3049],[-67.5047,-29.3014],[-67.505,-29.3011],[-67.5052,-29.301],[-67.5052,-29.3008],[-67.5051,-29.3007],[-67.5047,-29.3008],[-67.5047,-29.3009],[-67.5047,-29.3014]],[[-67.505,-29.3011],[-67.5049,-29.3011],[-67.5047,-29.3009]]]}},{"type":"Feature","properties":{"ref":"RN 75"},"geometry":{"type":"MultiLineString","coordinates":[[[-66.8428,-29.4388],[-66.8364,-29.4384]],[[-66.8365,-29.4379],[-66.8427,-29.4385]],[[-66.9241,-29.4077],[-66.9237,-29.4075],[-66.9241,-29.4075]],[[-66.9243,-29.4076],[-66.9255,-29.4078],[-66.9259,-29.4072],[-66.9257,-29.4078]],[[-66.9258,-29.4078],[-66.9264,-29.408],[-66.9258,-29.408]],[[-66.8752,-29.4411],[-66.8922,-29.4446],[-66.8924,-29.4446]],[[-66.8928,-29.4446],[-66.893,-29.4447],[-66.8933,-29.4447],[-66.9249,-29.4091],[-66.9251,-29.409],[-66.9255,-29.408]],[[-66.9257,-29.4081],[-66.9252,-29.409],[-66.925,-29.4092],[-66.8933,-29.4448],[-66.893,-29.4448],[-66.8928,-29.4448]],[[-66.8924,-29.4448],[-66.8922,-29.4447],[-66.8751,-29.4414]],[[-66.8748,-29.4413],[-66.8666,-29.4404],[-66.8653,-29.4403],[-66.8594,-29.4398],[-66.8584,-29.4397],[-66.8553,-29.4395],[-66.843,-29.4388]],[[-66.9259,-29.4072],[-66.9274,-29.4079],[-66.9308,-29.405],[-66.9385,-29.4018],[-66.9433,-29.3986],[-66.9508,-29.3957],[-66.9516,-29.3958],[-66.9699,-29.3876],[-66.9702,-29.3873],[-66.973,-29.3855],[-66.98,-29.3849],[-67.0026,-29.3494],[-67.0033,-29.3491],[-67.0228,-29.3146],[-67.0229,-29.3143]],[[-66.9048,-28.729],[-66.9041,-28.7254],[-66.9048,-28.729],[-66.9061,-28.7359],[-66.9063,-28.7367],[-66.9087,-28.7487],[-66.9088,-28.7495],[-66.9095,-28.753],[-66.9104,-28.7572],[-66.9108,-28.7595],[-66.9111,-28.7606],[-66.9136,-28.7735],[-66.9138,-28.7745],[-66.9203,-28.8074],[-66.9206,-28.8079],[-66.9207,-28.8084],[-66.9207,-28.809],[-66.9203,-28.8083],[-66.9203,-28.8079],[-66.9203,-28.8074]],[[-67.0234,-29.3141],[-67.0237,-29.3142],[-67.0324,-29.2799],[-67.0526,-29.2668],[-67.0527,-29.2668],[-67.056,-29.2661],[-67.0561,-29.2661],[-67.075,-29.2506],[-67.0745,-29.2491],[-67.074,-29.2476],[-67.0535,-29.1842],[-67.0532,-29.1832],[-67.0487,-29.1762],[-67.048,-29.1757],[-66.9978,-28.9604],[-66.9977,-28.9603],[-66.9743,-28.9347],[-66.9689,-28.9352],[-66.9686,-28.9355],[-66.9591,-28.9327],[-66.9591,-28.9325],[-66.9305,-28.8554],[-66.9304,-28.8553],[-66.9261,-28.8365],[-66.9261,-28.8364],[-66.922,-28.8156],[-66.9218,-28.8146],[-66.9209,-28.8101],[-66.9208,-28.81],[-66.9207,-28.809]],[[-67.0237,-29.3142],[-67.0234,-29.3143]],[[-67.0231,-29.3145],[-67.0228,-29.3146]],[[-66.857,-28.6415],[-66.8585,-28.645],[-66.857,-28.6415],[-66.8105,-28.5607]],[[-66.9095,-28.753],[-66.9104,-28.7572]],[[-66.9203,-28.8079],[-66.9206,-28.8079]],[[-66.9207,-28.8084],[-66.9203,-28.8083]],[[-66.9041,-28.7254],[-66.9033,-28.7217],[-66.903,-28.7198],[-66.8983,-28.7052],[-66.8977,-28.7045],[-66.8893,-28.6934],[-66.8886,-28.6925],[-66.8585,-28.645]],[[-66.9254,-29.408],[-66.9243,-29.4077]],[[-66.8431,-29.4385],[-66.8584,-29.4396],[-66.8595,-29.4397],[-66.8649,-29.4402],[-66.8666,-29.4403],[-66.8748,-29.441]],[[-66.9508,-29.3957],[-66.952,-29.3952],[-66.9601,-29.3904],[-66.9611,-29.3904]]]}},{"type":"Feature","properties":{"ref":"RN 76"},"geometry":{"type":"MultiLineString","coordinates":[[[-69.2992,-28.0698],[-69.1829,-28.1106],[-69.1827,-28.111],[-69.1565,-28.141],[-69.1673,-28.1703],[-69.1452,-28.1739],[-69.0865,-28.2197],[-69.0049,-28.2152],[-68.9536,-28.2383],[-68.9308,-28.2217],[-68.8636,-28.2688],[-68.8492,-28.254],[-68.8249,-28.2604],[-68.7869,-28.2736],[-68.8074,-28.2855],[-68.8615,-28.3548],[-68.8456,-28.3889],[-68.8509,-28.4207],[-68.8373,-28.4173],[-68.8449,-28.4537],[-68.8157,-28.5077],[-68.7779,-28.5117],[-68.7469,-28.5454],[-68.7393,-28.5588],[-68.7392,-28.5593],[-68.7346,-28.5676],[-68.7346,-28.568],[-68.7222,-28.5792],[-68.7216,-28.5796],[-68.6941,-28.6125],[-68.5933,-28.6728],[-68.5284,-28.6901],[-68.4374,-28.6577],[-68.378,-28.6684],[-68.377,-28.6685],[-68.2898,-28.6557],[-68.3056,-28.6998],[-68.3056,-28.6999],[-68.3057,-28.7046],[-68.3055,-28.7055],[-68.2984,-28.7109],[-68.2957,-28.7136],[-68.2764,-28.7144],[-68.263,-28.7342],[-68.2504,-28.7266],[-68.2501,-28.7259],[-68.2357,-28.7312],[-68.2217,-28.7438],[-68.2204,-28.7437],[-68.2041,-28.7499],[-68.2144,-28.8002],[-68.2137,-28.8001],[-68.1988,-28.8019],[-68.198,-28.802],[-68.2013,-28.8722],[-68.2012,-28.8735],[-68.1994,-28.9114],[-68.1988,-28.9118],[-68.1882,-28.9624],[-68.1882,-28.9625],[-68.2046,-29.0016],[-68.2047,-29.0018],[-68.2295,-29.0201],[-68.2316,-29.0246],[-68.2295,-29.0201]],[[-67.6703,-30.2039],[-67.6743,-30.2013],[-67.6743,-30.2012],[-67.6756,-30.2004],[-67.6839,-30.195],[-67.684,-30.1949],[-67.6935,-30.1886],[-67.6936,-30.1885],[-67.7234,-30.164],[-67.7766,-30.0466],[-67.7767,-30.0465],[-67.7775,-30.0444],[-67.8007,-29.9882],[-67.8007,-29.9881],[-67.8603,-29.9347],[-67.8605,-29.9346],[-67.9286,-29.8837],[-67.9748,-29.8323],[-67.9751,-29.8319],[-67.9771,-29.8289],[-67.9773,-29.8287],[-67.9783,-29.8272],[-67.9785,-29.827],[-67.9998,-29.7862],[-67.9998,-29.7858],[-67.9993,-29.7834],[-68.0166,-29.7328],[-68.0166,-29.7325],[-68.0261,-29.6934],[-68.0263,-29.6931],[-68.0416,-29.6554],[-68.0418,-29.6549],[-68.0783,-29.5861],[-68.0786,-29.5857],[-68.1004,-29.5507],[-68.1017,-29.5493],[-68.1004,-29.5507]],[[-68.2142,-28.7999],[-68.2143,-28.7999]],[[-68.2143,-28.8001],[-68.2142,-28.8001]],[[-68.2141,-28.8001],[-68.2141,-28.7999]],[[-68.225,-29.3466],[-68.2253,-29.3461],[-68.2274,-29.3267],[-68.228,-29.3204],[-68.2293,-29.3089],[-68.2293,-29.3084],[-68.2306,-29.2884],[-68.2312,-29.2858],[-68.2313,-29.2854],[-68.2328,-29.2792],[-68.2329,-29.2786],[-68.2358,-29.264],[-68.2359,-29.2632],[-68.2437,-29.2291],[-68.2439,-29.2287],[-68.2448,-29.2249],[-68.2448,-29.2247],[-68.2479,-29.2121],[-68.248,-29.2114],[-68.2493,-29.2059],[-68.2495,-29.2052],[-68.2363,-29.0763],[-68.2365,-29.0758],[-68.2482,-29.0509],[-68.2316,-29.0246]],[[-68.2253,-29.3471],[-68.2251,-29.3476],[-68.225,-29.3471]],[[-68.1017,-29.5493],[-68.1023,-29.5486],[-68.1057,-29.5461],[-68.106,-29.5459],[-68.1082,-29.5441],[-68.176,-29.4737],[-68.2217,-29.3755],[-68.2222,-29.3744],[-68.2248,-29.3506],[-68.225,-29.3487],[-68.2251,-29.3476]],[[-68.2137,-28.8001],[-68.2143,-28.7998]],[[-68.2253,-29.3461],[-68.2254,-29.3466]],[[-68.7697,-28.2757],[-68.7454,-28.2772],[-68.7401,-28.3093],[-68.7228,-28.3143],[-68.7348,-28.3299],[-68.706,-28.3725],[-68.7215,-28.4131],[-68.7021,-28.4533],[-68.7217,-28.4689],[-68.7343,-28.5194],[-68.7469,-28.5471]]]}},{"type":"Feature","properties":{"ref":"RN 77"},"geometry":{"type":"MultiLineString","coordinates":[[[-65.5773,-30.6067],[-65.659,-30.7391],[-65.6526,-30.8018],[-65.7406,-30.8535],[-65.7407,-30.8536],[-65.8695,-30.9367],[-65.8696,-30.9367],[-65.9176,-30.9662],[-65.9177,-30.9663],[-65.9754,-30.9978],[-65.9756,-30.9979],[-65.9787,-31.0016],[-65.9788,-31.0018],[-65.9985,-31.0184],[-65.9986,-31.0184],[-66.0113,-31.0222],[-66.0878,-31.0686],[-66.0879,-31.0687],[-66.1746,-31.123],[-66.1747,-31.123],[-66.1914,-31.1333],[-66.2022,-31.1399],[-66.2022,-31.14],[-66.2095,-31.1445],[-66.2307,-31.1575],[-66.2452,-31.1664],[-66.2453,-31.1665],[-66.253,-31.1712],[-66.2532,-31.1713],[-66.267,-31.1798],[-66.2671,-31.1799],[-66.2848,-31.1907],[-66.2848,-31.1908],[-66.3128,-31.2086]]]}},{"type":"Feature","properties":{"ref":"RN 78"},"geometry":{"type":"MultiLineString","coordinates":[[[-67.6673,-28.3952],[-67.6683,-28.3965],[-67.6684,-28.3966],[-67.6764,-28.3986],[-67.6776,-28.3988],[-67.6838,-28.3997],[-67.6839,-28.3998],[-67.6846,-28.4033],[-67.6846,-28.4035],[-67.6838,-28.4195],[-67.6838,-28.4196],[-67.6837,-28.4212],[-67.6837,-28.4214],[-67.6836,-28.4225],[-67.6836,-28.4233],[-67.6836,-28.4234],[-67.6836,-28.4249],[-67.6836,-28.425],[-67.6835,-28.4265],[-67.6835,-28.427],[-67.6835,-28.4271],[-67.6834,-28.4296],[-67.6834,-28.4297],[-67.6833,-28.4318],[-67.6833,-28.4319],[-67.6832,-28.4339],[-67.6832,-28.434],[-67.6832,-28.4351],[-67.6832,-28.4352],[-67.6831,-28.4362],[-67.6831,-28.4363],[-67.6831,-28.4384],[-67.6831,-28.4385],[-67.683,-28.4391],[-67.683,-28.4392],[-67.683,-28.4395],[-67.683,-28.4396],[-67.683,-28.441],[-67.683,-28.4411],[-67.6829,-28.443],[-67.6829,-28.4431],[-67.6829,-28.4436],[-67.6828,-28.4437],[-67.6828,-28.4455],[-67.6828,-28.4457],[-67.6826,-28.4492],[-67.6826,-28.4495],[-67.6825,-28.452],[-67.6825,-28.4522],[-67.6928,-28.4845],[-67.6927,-28.4846],[-67.688,-28.4918],[-67.6878,-28.4919],[-67.6815,-28.4964],[-67.6815,-28.4965],[-67.6794,-28.4981],[-67.6793,-28.4982],[-67.678,-28.4992],[-67.6779,-28.4993],[-67.6754,-28.5012],[-67.6753,-28.5013],[-67.6745,-28.5019],[-67.6744,-28.502],[-67.6664,-28.5068],[-67.666,-28.507],[-67.6632,-28.5085],[-67.6631,-28.5086],[-67.6617,-28.5093],[-67.6612,-28.5095],[-67.6552,-28.5127],[-67.655,-28.5128],[-67.6527,-28.5136],[-67.6526,-28.5137],[-67.648,-28.5141],[-67.6478,-28.5142],[-67.6371,-28.5176],[-67.637,-28.5176],[-67.6366,-28.5186],[-67.6366,-28.5187],[-67.6364,-28.5192],[-67.6362,-28.5196],[-67.6339,-28.5249],[-67.6339,-28.525],[-67.6319,-28.5296],[-67.6319,-28.5297],[-67.6312,-28.5313],[-67.6311,-28.5314],[-67.6307,-28.5323],[-67.6307,-28.5324],[-67.6279,-28.539],[-67.6278,-28.5392],[-67.6273,-28.5406],[-67.6272,-28.5444],[-67.639,-28.5567],[-67.6454,-28.567],[-67.6455,-28.5693],[-67.643,-28.5916],[-67.6429,-28.5918],[-67.6461,-28.6523],[-67.6453,-28.6541],[-67.6442,-28.6565],[-67.6433,-28.6584],[-67.594,-28.7427],[-67.5744,-28.8191],[-67.5742,-28.8198],[-67.5423,-28.8891],[-67.5422,-28.8892],[-67.5306,-28.9011],[-67.521,-28.9176],[-67.5207,-28.9215],[-67.5202,-28.9256],[-67.5201,-28.9269],[-67.5199,-28.9306],[-67.5173,-28.9407],[-67.517,-28.941],[-67.5169,-28.9412],[-67.5137,-29.0022],[-67.4966,-29.0003],[-67.4957,-28.9996],[-67.4947,-28.9989]],[[-67.5173,-28.9407],[-67.5201,-28.9269]],[[-67.5207,-28.9215],[-67.521,-28.9176]]]}},{"type":"Feature","properties":{"ref":"RN 79"},"geometry":{"type":"MultiLineString","coordinates":[[[-66.3057,-30.3595],[-66.3059,-30.3608],[-66.3051,-30.3603],[-66.3059,-30.3609],[-66.3061,-30.361],[-66.3168,-30.3888],[-66.2701,-30.568],[-66.2713,-30.6209],[-66.2704,-30.6307],[-66.2705,-30.6311],[-66.2665,-30.6408],[-66.2662,-30.6413],[-66.2643,-30.6452],[-66.2642,-30.6455],[-66.2372,-30.6976],[-66.237,-30.6981],[-66.2285,-30.7187],[-66.2284,-30.7189],[-66.2281,-30.7196],[-66.2138,-30.772],[-66.2136,-30.7724],[-66.2076,-30.8638],[-66.2266,-30.9659],[-66.2506,-31.0313],[-66.2505,-31.0315],[-66.3374,-31.1179],[-66.3377,-31.1373],[-66.3376,-31.1374],[-66.313,-31.2082],[-66.3127,-31.2089],[-66.279,-31.3017],[-66.279,-31.3018],[-66.2761,-31.3097],[-66.276,-31.3098],[-66.2749,-31.3129],[-66.2748,-31.3145],[-66.2749,-31.3145],[-66.275,-31.315],[-66.2744,-31.3154],[-66.2734,-31.317],[-66.2734,-31.3154],[-66.2744,-31.3154]],[[-66.2734,-31.3154],[-66.2733,-31.3154],[-66.2732,-31.3149],[-66.2738,-31.3145],[-66.2749,-31.3129]],[[-66.2734,-31.317],[-66.2237,-31.4974],[-66.2359,-31.5653],[-66.0308,-31.6752],[-65.9175,-31.7608],[-65.8566,-31.8116],[-65.8251,-31.8975],[-65.822,-31.9938],[-65.8113,-32.0592],[-65.8315,-32.0895],[-65.806,-32.2243],[-65.8126,-32.2374],[-65.8083,-32.2467],[-65.8074,-32.2488],[-65.8069,-32.2493]],[[-65.8074,-32.2488],[-65.8074,-32.2496]],[[-65.5202,-29.6042],[-65.5201,-29.6037],[-65.5202,-29.6042],[-65.5208,-29.6055],[-65.5345,-29.6325],[-65.5898,-29.7202],[-65.5909,-29.777],[-65.6424,-29.8543],[-65.6681,-29.868],[-65.795,-29.8555],[-65.8502,-29.9326],[-66.0506,-30.0316],[-66.0858,-30.0804],[-66.1234,-30.0979],[-66.3029,-30.2638],[-66.3355,-30.3373],[-66.3362,-30.338],[-66.3355,-30.3373]],[[-66.3365,-30.3384],[-66.3362,-30.338],[-66.3366,-30.3383],[-66.3366,-30.3384],[-66.3365,-30.3384]],[[-66.3059,-30.3608],[-66.3061,-30.361]]]}},{"type":"Feature","properties":{"ref":"RN 81"},"geometry":{"type":"MultiLineString","coordinates":[[[-59.7508,-25.2779],[-59.7515,-25.2772],[-59.7518,-25.2776],[-59.7508,-25.2779],[-59.6921,-25.3193],[-59.6921,-25.3194],[-59.3282,-25.5574],[-59.2584,-25.5705],[-59.0679,-25.6844],[-58.8382,-25.8301],[-58.7254,-25.8596],[-58.7253,-25.8596],[-58.6504,-25.8812],[-58.6503,-25.8813],[-58.6413,-25.8847],[-58.608,-25.8974],[-58.6079,-25.8975],[-58.5072,-25.9383],[-58.3719,-26.0276],[-58.3718,-26.0276],[-58.3305,-26.0531],[-58.3304,-26.0532],[-58.2408,-26.1055],[-58.2406,-26.1056],[-58.2361,-26.109],[-58.2295,-26.1139]],[[-63.9096,-23.0196],[-63.9096,-23.0202],[-63.8781,-23.0629],[-63.5942,-23.2097],[-63.3299,-23.2523],[-63.3038,-23.2591],[-63.2649,-23.2907],[-63.0959,-23.3671],[-63.0588,-23.3907],[-62.9173,-23.4589],[-62.8839,-23.4611],[-62.8622,-23.4856],[-62.6323,-23.572],[-62.6024,-23.6011],[-62.5889,-23.6152],[-62.5552,-23.6553],[-62.5549,-23.6556],[-62.3934,-23.6856],[-62.2362,-23.7105],[-61.8861,-23.8831],[-61.6752,-23.9855],[-61.6318,-24.0065],[-61.4665,-24.0899],[-61.4559,-24.0974],[-61.2474,-24.2448],[-61.2322,-24.2555],[-61.1803,-24.2995],[-61.18,-24.2997],[-61.04,-24.3908],[-61.0103,-24.4116],[-60.6424,-24.6758],[-60.6423,-24.6759],[-60.6144,-24.6945],[-60.6141,-24.6946],[-60.5863,-24.7056],[-60.5862,-24.7057],[-60.3163,-24.8921],[-60.3132,-24.8943],[-60.3163,-24.8921]],[[-63.9102,-23.0201],[-63.9096,-23.0202]],[[-59.7525,-25.2771],[-59.7521,-25.2766],[-59.7531,-25.2764],[-59.7525,-25.2771],[-59.7525,-25.2773],[-59.752,-25.2776],[-59.7518,-25.2776]],[[-60.3132,-24.8943],[-60.2569,-24.9268],[-60.2567,-24.927],[-60.0916,-25.0474],[-60.0899,-25.0485],[-60.0898,-25.0486],[-60.0882,-25.0497],[-59.858,-25.1997],[-59.8464,-25.2076],[-59.7531,-25.2764]],[[-60.0916,-25.0474],[-60.0901,-25.0484],[-60.0899,-25.0486],[-60.0897,-25.0487],[-60.0882,-25.0497]],[[-59.7515,-25.2772],[-59.7515,-25.277],[-59.752,-25.2766],[-59.7521,-25.2766]]]}},{"type":"Feature","properties":{"ref":"RN 86"},"geometry":{"type":"MultiLineString","coordinates":[[[-61.1626,-23.6756],[-61.1656,-23.6741],[-61.1671,-23.6734],[-61.1626,-23.6756],[-61.1625,-23.6756],[-61.0491,-23.7827],[-61.0123,-23.8147],[-60.9254,-23.8397],[-60.8815,-23.8895],[-60.7596,-23.8985],[-60.7494,-23.9003],[-60.695,-23.9147],[-60.6093,-23.9878],[-60.5196,-23.9839],[-60.1995,-24.211],[-60.193,-24.214],[-60.1815,-24.2179],[-60.1813,-24.218],[-60.0335,-24.2731],[-59.8412,-24.3168],[-59.8054,-24.3741],[-59.8052,-24.3743],[-59.7332,-24.4376],[-59.6624,-24.4348],[-59.6428,-24.4371],[-59.6624,-24.4348]],[[-57.7328,-25.2915],[-57.7345,-25.2919],[-57.7354,-25.2921],[-57.7356,-25.2922],[-57.79,-25.2944],[-57.7905,-25.2943],[-57.8165,-25.2847],[-57.9376,-25.2467],[-57.9779,-25.2498],[-57.9805,-25.25],[-58.0427,-25.2511],[-58.1406,-25.2064],[-58.1408,-25.2063],[-58.1717,-25.1826],[-58.1719,-25.1825],[-58.1747,-25.1804],[-58.1748,-25.1803],[-58.3435,-25.0825],[-58.3518,-25.078],[-58.551,-24.9658],[-58.9209,-24.9579],[-58.9216,-24.9578],[-59.0633,-24.9392],[-59.1017,-24.9143],[-59.1857,-24.9096],[-59.2499,-24.8801],[-59.3069,-24.8899],[-59.4061,-24.8392],[-59.4376,-24.8313],[-59.4696,-24.7729],[-59.5012,-24.759],[-59.4994,-24.7472],[-59.4992,-24.747],[-59.4963,-24.7439],[-59.4801,-24.7142],[-59.4799,-24.7138],[-59.3817,-24.5933],[-59.3814,-24.5929],[-59.3772,-24.5879],[-59.3771,-24.5877],[-59.3872,-24.5408],[-59.4335,-24.5115],[-59.5562,-24.4676],[-59.6428,-24.4371]],[[-61.992,-23.009],[-61.9918,-23.0137],[-61.9912,-23.0142],[-61.9096,-23.0938],[-61.805,-23.1637],[-61.7719,-23.1853],[-61.7273,-23.2721],[-61.6304,-23.3069],[-61.6174,-23.3332],[-61.362,-23.5415],[-61.3323,-23.5931],[-61.2177,-23.6111],[-61.2077,-23.6173],[-61.17,-23.6708],[-61.1671,-23.6734]],[[-57.7332,-25.2911],[-57.7339,-25.2916],[-57.7345,-25.2918],[-57.7354,-25.2921]],[[-63.4992,-22.4033],[-63.7647,-22.5126],[-63.7789,-22.5159],[-63.7876,-22.5164],[-63.7928,-22.5167]],[[-60.7596,-23.8985],[-60.7494,-23.9003]],[[-60.1995,-24.211],[-60.193,-24.214]]]}},{"type":"Feature","properties":{"ref":"RN 89"},"geometry":{"type":"MultiLineString","coordinates":[[[-62.4316,-27.6577],[-62.4321,-27.658],[-62.6757,-27.7617],[-62.9545,-27.7735],[-62.9938,-27.7879],[-63.092,-27.7927],[-63.226,-27.8661],[-63.422,-27.9416],[-63.4255,-27.9423],[-63.4269,-27.9434],[-63.4273,-27.9437],[-63.4386,-27.9433],[-63.4392,-27.9432],[-63.4394,-27.9431],[-63.4395,-27.9431],[-63.4463,-27.9413],[-63.4464,-27.9413],[-63.4543,-27.9393],[-63.4544,-27.9392],[-63.4551,-27.939],[-63.459,-27.9388],[-63.4607,-27.9393],[-63.4609,-27.9394],[-63.4651,-27.9405],[-63.7001,-27.9981],[-63.7004,-27.9982],[-63.7329,-28.0055],[-63.733,-28.0055],[-63.7414,-28.0098]],[[-62.4308,-27.6577],[-62.4303,-27.6574],[-62.4309,-27.6574]],[[-60.7474,-26.7065],[-60.7484,-26.7068],[-60.7489,-26.7071],[-60.8123,-26.7715],[-60.8164,-26.7765],[-61.0768,-27.1114],[-61.0808,-27.1161],[-61.1223,-27.165],[-61.1226,-27.1653],[-61.2746,-27.3351],[-61.2749,-27.336],[-61.2753,-27.3365],[-61.2754,-27.3365],[-61.2758,-27.3362],[-61.2754,-27.3357],[-61.2749,-27.336]],[[-62.4321,-27.658],[-62.4316,-27.6579]],[[-60.7477,-26.7061],[-60.7484,-26.7068]],[[-61.2754,-27.3365],[-61.2763,-27.3371],[-61.2959,-27.3589],[-61.302,-27.3611],[-61.6574,-27.4821],[-61.6988,-27.5101],[-61.938,-27.5978],[-62.4096,-27.6565],[-62.4272,-27.6566],[-62.4303,-27.6574]],[[-61.0768,-27.1114],[-61.0777,-27.1124],[-61.0808,-27.1161]],[[-61.302,-27.3611],[-61.2959,-27.3589]],[[-61.2758,-27.3362],[-61.2763,-27.3371]],[[-61.2746,-27.3351],[-61.2754,-27.3357]]]}},{"type":"Feature","properties":{"ref":"RN 93"},"geometry":{"type":"MultiLineString","coordinates":[[[-61.3365,-33.8075],[-61.3365,-33.8072],[-61.3366,-33.8072],[-61.3369,-33.8072],[-61.3369,-33.8075],[-61.3365,-33.8075]]]}},{"type":"Feature","properties":{"ref":"RN 95"},"geometry":{"type":"MultiLineString","coordinates":[[[-60.4187,-26.8119],[-60.4177,-26.8109],[-60.4052,-26.7825],[-60.4034,-26.7782],[-60.3417,-26.6376],[-60.3051,-26.5532],[-60.3026,-26.3428],[-60.3026,-26.3421],[-60.3024,-26.3395]],[[-60.419,-26.8128],[-60.4191,-26.8141],[-60.4181,-26.8131]],[[-60.6996,-27.5088],[-60.6998,-27.508],[-60.6993,-27.3532],[-60.6686,-27.2847],[-60.6678,-27.2832],[-60.6678,-27.2831],[-60.6677,-27.2829],[-60.6672,-27.2818],[-60.5996,-27.1377],[-60.5995,-27.1374],[-60.5082,-27.0156],[-60.4191,-26.8141]],[[-61.7427,-29.2202],[-61.7434,-29.2196],[-61.7434,-29.2186],[-61.7409,-29.1303],[-61.6736,-29.0718],[-61.585,-28.9551],[-61.5605,-28.8288],[-61.4859,-28.4411],[-61.4813,-28.4174],[-61.4474,-28.2489],[-61.3773,-28.2004],[-61.3761,-28.0914],[-61.1891,-28.0884],[-61.1845,-28.0664],[-61.1843,-28.0261],[-61.1842,-28.0185],[-61.1784,-27.9061],[-61.1332,-27.85],[-61.0829,-27.7968],[-60.9408,-27.7025],[-60.8894,-27.6905],[-60.8893,-27.6901],[-60.8869,-27.6671],[-60.8868,-27.6669],[-60.8533,-27.6436],[-60.8531,-27.6435],[-60.8134,-27.6187],[-60.8132,-27.6186],[-60.7546,-27.6166],[-60.7544,-27.6165],[-60.7458,-27.5792],[-60.7458,-27.5755],[-60.7458,-27.5718],[-60.7457,-27.5701],[-60.7456,-27.5546],[-60.7456,-27.5545],[-60.7323,-27.5373],[-60.7322,-27.5373],[-60.6998,-27.51],[-60.7001,-27.5093]],[[-61.8045,-29.781],[-61.8022,-29.7006],[-61.8016,-29.6098],[-61.8031,-29.4679],[-61.8028,-29.3344],[-61.7554,-29.2915],[-61.7448,-29.275],[-61.7448,-29.2747],[-61.7448,-29.2745],[-61.7448,-29.2744],[-61.7435,-29.2231],[-61.7435,-29.2208],[-61.7442,-29.2203]],[[-60.4177,-26.8122],[-60.4177,-26.8109]],[[-60.3029,-26.3394],[-60.3058,-26.3392],[-60.307,-26.3392],[-60.4037,-26.3382],[-60.4141,-26.3202],[-60.4227,-26.3194],[-60.5321,-26.1199],[-60.5808,-26.0291],[-60.5978,-25.9603],[-60.5978,-25.9601],[-60.5978,-25.9595],[-60.5978,-25.9587],[-60.5978,-25.9586],[-60.5975,-25.9404],[-60.5975,-25.9402],[-60.5975,-25.9394],[-60.5975,-25.9388],[-60.5975,-25.9377],[-60.5975,-25.9374],[-60.5971,-25.912],[-60.5955,-25.912],[-60.5565,-25.9115],[-60.4642,-25.8637],[-60.4639,-25.8636],[-60.4381,-25.8509],[-60.3965,-25.831],[-60.2508,-25.7776],[-60.1919,-25.7623],[-60.1869,-25.7516],[-60.1865,-25.7508],[-60.1755,-25.7275],[-60.1749,-25.727],[-60.1754,-25.7266],[-60.1755,-25.7275]],[[-61.7435,-29.2208],[-61.7435,-29.2203],[-61.7435,-29.2202],[-61.7435,-29.2196],[-61.7443,-29.2202]],[[-61.7434,-29.2196],[-61.7434,-29.2202],[-61.7434,-29.2203],[-61.7434,-29.2209],[-61.7426,-29.2203]],[[-60.3029,-26.3395],[-60.3026,-26.3421]],[[-60.3029,-26.339],[-60.3058,-26.3392]],[[-61.7434,-29.2186],[-61.7435,-29.2196]],[[-61.7435,-29.2231],[-61.7434,-29.2209]],[[-60.6998,-27.51],[-60.6996,-27.5094]],[[-60.6998,-27.508],[-60.7001,-27.5088]],[[-60.7458,-27.5755],[-60.7458,-27.5718]],[[-60.6672,-27.2818],[-60.6679,-27.2831],[-60.6679,-27.2832],[-60.6686,-27.2847]],[[-59.5825,-24.938],[-59.5819,-24.9367],[-59.5812,-24.9352],[-59.5818,-24.9367],[-59.5825,-24.938],[-59.5871,-24.9472],[-59.5873,-24.9476],[-59.6219,-25.0231],[-59.6222,-25.0238],[-59.6291,-25.04],[-59.6291,-25.0408],[-59.6292,-25.0427],[-59.6292,-25.0434],[-59.6488,-25.1079],[-59.6792,-25.148],[-59.6797,-25.1491],[-59.7158,-25.2246],[-59.7159,-25.2248],[-59.7465,-25.2695],[-59.7465,-25.2696],[-59.7503,-25.2748],[-59.7504,-25.2749],[-59.7512,-25.2761],[-59.7515,-25.277],[-59.7515,-25.2772],[-59.7518,-25.2776],[-59.752,-25.2776],[-59.7527,-25.278],[-59.7983,-25.3426],[-59.8314,-25.4153],[-59.8316,-25.4158],[-59.9521,-25.4602],[-59.977,-25.4893],[-59.9771,-25.4894],[-60.0044,-25.5225],[-60.0045,-25.5226],[-60.0259,-25.5485],[-60.0799,-25.6142],[-60.0802,-25.6146],[-60.1165,-25.6393],[-60.1167,-25.6394],[-60.1232,-25.6436],[-60.1281,-25.6512],[-60.1296,-25.6553],[-60.1742,-25.7258],[-60.1749,-25.7262],[-60.1744,-25.7265],[-60.1742,-25.7258]],[[-59.5012,-24.759],[-59.5734,-24.9182],[-59.5812,-24.9352]],[[-60.5971,-25.9125],[-60.5966,-25.912]],[[-60.5955,-25.912],[-60.5971,-25.912]],[[-59.7512,-25.2761],[-59.752,-25.2766],[-59.7521,-25.2766],[-59.7525,-25.2771],[-59.7525,-25.2773],[-59.7527,-25.278]],[[-60.1749,-25.727],[-60.1744,-25.7265]],[[-60.1749,-25.7262],[-60.1754,-25.7266]],[[-59.7515,-25.277],[-59.752,-25.2766]],[[-59.7525,-25.2773],[-59.752,-25.2776]]]}},{"type":"Feature","properties":{"ref":"RN 98"},"geometry":{"type":"MultiLineString","coordinates":[[[-61.785,-29.229],[-61.7789,-29.229],[-61.7788,-29.2201],[-61.7725,-29.2201],[-61.7685,-29.2201],[-61.758,-29.2201],[-61.7451,-29.2202],[-61.7443,-29.2202],[-61.7435,-29.2196]],[[-62.2654,-28.8951],[-62.2637,-28.8948],[-62.2654,-28.8946],[-62.2661,-28.8953],[-62.268,-28.8957],[-62.2664,-28.8948]],[[-62.6507,-29.139],[-62.5773,-29.107],[-62.5763,-29.1061],[-62.5128,-29.0972],[-62.5143,-29.0206],[-62.4982,-29.002],[-62.3274,-28.9888],[-62.325,-28.9889],[-62.3234,-28.9886]],[[-61.7434,-29.2209],[-61.7426,-29.2203],[-61.7414,-29.2203],[-61.5539,-29.2242],[-61.4114,-29.204],[-61.0222,-29.2616],[-60.9408,-29.2863],[-60.8005,-29.3397],[-60.5517,-29.3896],[-60.5477,-29.3881],[-60.5464,-29.3875],[-60.3946,-29.4006],[-60.3158,-29.4491],[-60.2414,-29.4617],[-60.241,-29.462],[-60.2405,-29.4624],[-60.2129,-29.4844],[-60.2117,-29.4847]],[[-62.3227,-28.9872],[-62.3202,-28.9412],[-62.2788,-28.8997],[-62.2764,-28.8988],[-62.274,-28.8979],[-62.2735,-28.8977],[-62.268,-28.8957]],[[-62.2654,-28.8946],[-62.2656,-28.8945],[-62.2657,-28.8945],[-62.2659,-28.8944],[-62.2661,-28.8953]],[[-60.2115,-29.4834],[-60.2124,-29.4845]],[[-60.2122,-29.4846],[-60.2119,-29.4857]],[[-61.7451,-29.2202],[-61.7442,-29.2203],[-61.7435,-29.2208]],[[-61.7443,-29.2202],[-61.7435,-29.2202],[-61.7434,-29.2202],[-61.7427,-29.2202],[-61.7434,-29.2196]],[[-62.325,-28.9889],[-62.3234,-28.9891]],[[-62.2637,-28.8948],[-62.1352,-28.9879],[-62.1345,-28.9885],[-62.1325,-28.99],[-62.1297,-28.9921],[-62.1243,-28.9955],[-61.95,-29.1211],[-61.9306,-29.1301],[-61.9018,-29.1319],[-61.9017,-29.132],[-61.9016,-29.132]],[[-61.7442,-29.2203],[-61.7435,-29.2203],[-61.7434,-29.2203],[-61.7426,-29.2203]],[[-61.7414,-29.2203],[-61.7427,-29.2202]],[[-62.2735,-28.8977],[-62.2788,-28.8997]],[[-60.2117,-29.4846],[-60.2129,-29.4844]],[[-62.1345,-28.9885],[-62.1339,-28.989],[-62.1325,-28.99]]]}},{"type":"Feature","properties":{"ref":"RN 101"},"geometry":{"type":"MultiLineString","coordinates":[[[-53.7436,-26.0557],[-53.7452,-26.0555],[-53.7438,-26.0562]],[[-53.642,-26.2491],[-53.6419,-26.249],[-53.6414,-26.2467],[-53.6418,-26.2465],[-53.6419,-26.2465],[-53.642,-26.2465],[-53.6437,-26.2459],[-53.6452,-26.2432],[-53.659,-26.2403],[-53.6877,-26.1636],[-53.746,-26.1145],[-53.7403,-26.064],[-53.7429,-26.0575],[-53.7436,-26.0563]],[[-53.6442,-26.2547],[-53.6443,-26.2545],[-53.645,-26.2518],[-53.6473,-26.2494],[-53.6458,-26.2476],[-53.6457,-26.2477],[-53.6423,-26.2493],[-53.6423,-26.2494],[-53.6423,-26.2493]],[[-53.7429,-26.0575],[-53.7432,-26.0562]],[[-53.7452,-26.0555],[-53.8527,-26.0227],[-53.8888,-25.9948],[-53.8889,-25.9568],[-53.9083,-25.9364],[-53.9104,-25.9326],[-53.9533,-25.9136],[-53.9536,-25.913],[-53.958,-25.8994],[-53.9772,-25.8692],[-53.9795,-25.8647],[-53.9798,-25.8643],[-54.0161,-25.8059],[-54.0204,-25.7968],[-54.0745,-25.7312],[-54.0802,-25.7226],[-54.0805,-25.7218]],[[-53.6421,-26.2491],[-53.6474,-26.2495],[-53.6451,-26.2519],[-53.6443,-26.2545]],[[-53.6419,-26.2493],[-53.6418,-26.2491],[-53.6414,-26.2467]],[[-54.0815,-25.721],[-54.0817,-25.7205],[-54.0841,-25.7164],[-54.1339,-25.6836],[-54.1341,-25.6835],[-54.1434,-25.6823],[-54.1608,-25.6808],[-54.162,-25.6809],[-54.168,-25.6806],[-54.1682,-25.6807],[-54.2976,-25.6727],[-54.3601,-25.7061],[-54.3852,-25.7165],[-54.4066,-25.7228],[-54.421,-25.7255],[-54.4412,-25.7146],[-54.462,-25.7136],[-54.4624,-25.7135],[-54.4678,-25.7066],[-54.4778,-25.6912],[-54.4784,-25.6904],[-54.4813,-25.6869],[-54.4834,-25.6844],[-54.4917,-25.6744],[-54.4925,-25.6738],[-54.495,-25.6718],[-54.4968,-25.6705],[-54.4981,-25.6695],[-54.4987,-25.669]],[[-54.0812,-25.7209],[-54.0817,-25.7205]],[[-54.0807,-25.722],[-54.0802,-25.7226]],[[-54.4968,-25.6705],[-54.4987,-25.6689]]]}},{"type":"Feature","properties":{"ref":"RN 105"},"geometry":{"type":"MultiLineString","coordinates":[[[-55.8844,-27.3794],[-55.8846,-27.3793],[-55.8849,-27.3794],[-55.8847,-27.3804],[-55.8852,-27.3826],[-55.8876,-27.3866],[-55.8921,-27.4003],[-55.8919,-27.4024],[-55.8918,-27.4031],[-55.8923,-27.403],[-55.892,-27.4024],[-55.8921,-27.4003],[-55.8875,-27.3867],[-55.8855,-27.3834],[-55.8846,-27.3805],[-55.8842,-27.3798],[-55.8844,-27.3794],[-55.884,-27.3791],[-55.884,-27.3784],[-55.8841,-27.3766],[-55.8841,-27.3759],[-55.8829,-27.3761],[-55.8826,-27.3762],[-55.8821,-27.3763],[-55.8819,-27.3763],[-55.8817,-27.3763],[-55.8809,-27.3762],[-55.8806,-27.3762],[-55.8814,-27.3759],[-55.8818,-27.3758]],[[-55.8266,-27.6031],[-55.8288,-27.6007],[-55.8295,-27.5998],[-55.8311,-27.5978],[-55.8316,-27.5973],[-55.8319,-27.5968],[-55.8315,-27.5972],[-55.8311,-27.5978],[-55.8294,-27.5998],[-55.8286,-27.6007],[-55.8275,-27.602],[-55.8265,-27.6032],[-55.8158,-27.6215],[-55.8164,-27.6298],[-55.8265,-27.6032]],[[-55.781,-27.746],[-55.7813,-27.7458],[-55.7819,-27.745],[-55.7825,-27.7438],[-55.7827,-27.7435],[-55.7833,-27.7419],[-55.7858,-27.736],[-55.7859,-27.7358],[-55.8039,-27.6958],[-55.804,-27.6957],[-55.8043,-27.6952],[-55.8086,-27.6873],[-55.8145,-27.6717],[-55.8154,-27.6625],[-55.8158,-27.6454],[-55.8159,-27.6442],[-55.8159,-27.6441],[-55.8161,-27.6423],[-55.8165,-27.638],[-55.8165,-27.6377],[-55.8165,-27.6314],[-55.8164,-27.6298]],[[-55.8414,-27.5856],[-55.8379,-27.5898],[-55.836,-27.592],[-55.8322,-27.5965],[-55.8319,-27.5968],[-55.832,-27.5966],[-55.836,-27.592],[-55.8378,-27.5898],[-55.8414,-27.5856],[-55.8443,-27.5822],[-55.8455,-27.5807],[-55.8456,-27.5806],[-55.846,-27.5802],[-55.8463,-27.5797],[-55.8476,-27.5614],[-55.8478,-27.5611],[-55.848,-27.5608],[-55.8505,-27.5529],[-55.8506,-27.5527],[-55.853,-27.542],[-55.8574,-27.5296],[-55.8602,-27.512],[-55.8606,-27.5102],[-55.8607,-27.5099],[-55.8608,-27.5092],[-55.8618,-27.5039],[-55.8629,-27.4989],[-55.8637,-27.4952],[-55.8645,-27.4904],[-55.8641,-27.4868],[-55.8637,-27.4817],[-55.8635,-27.4797],[-55.8634,-27.479],[-55.8632,-27.4703],[-55.8631,-27.4679],[-55.863,-27.4666],[-55.863,-27.4659],[-55.8631,-27.4653],[-55.8629,-27.4644]],[[-55.8923,-27.403],[-55.8923,-27.4037],[-55.8922,-27.4038],[-55.8919,-27.4046],[-55.8919,-27.4047],[-55.8915,-27.4074],[-55.8915,-27.4075],[-55.8909,-27.4098],[-55.889,-27.4126],[-55.8868,-27.4146],[-55.8844,-27.416],[-55.8831,-27.4171],[-55.877,-27.4223],[-55.8616,-27.4345],[-55.8558,-27.4384],[-55.8527,-27.4404],[-55.851,-27.4415],[-55.8499,-27.4423],[-55.8493,-27.4427],[-55.849,-27.4429],[-55.8483,-27.4438],[-55.8483,-27.4444],[-55.8488,-27.4452],[-55.8503,-27.4462],[-55.8512,-27.4469],[-55.8532,-27.4486],[-55.8571,-27.4516],[-55.8575,-27.4517],[-55.8598,-27.4524],[-55.8603,-27.4527],[-55.8612,-27.4533],[-55.8617,-27.4535],[-55.8611,-27.4539],[-55.8609,-27.4534],[-55.8599,-27.4526],[-55.8574,-27.4518],[-55.8571,-27.4517],[-55.851,-27.4469],[-55.8499,-27.4461],[-55.8495,-27.4458],[-55.8487,-27.4453],[-55.8477,-27.4446],[-55.8476,-27.4437],[-55.8485,-27.4431],[-55.8493,-27.4426],[-55.851,-27.4414],[-55.8833,-27.4168],[-55.8865,-27.4141],[-55.8914,-27.4075],[-55.8918,-27.4046],[-55.8918,-27.4037],[-55.8922,-27.4038]],[[-55.8617,-27.4535],[-55.8619,-27.4536],[-55.8626,-27.4546],[-55.8626,-27.4548],[-55.8629,-27.4608],[-55.863,-27.4621],[-55.8637,-27.4632],[-55.8636,-27.4646],[-55.8631,-27.4653]],[[-55.863,-27.4659],[-55.8631,-27.4666],[-55.8632,-27.4679],[-55.8633,-27.4703],[-55.8635,-27.479],[-55.8643,-27.4868],[-55.8646,-27.4904],[-55.8638,-27.4952],[-55.863,-27.4989],[-55.8617,-27.5046],[-55.8608,-27.5099],[-55.8607,-27.5102],[-55.8533,-27.5411],[-55.8515,-27.5488],[-55.8507,-27.5527],[-55.8506,-27.5529],[-55.8481,-27.5608],[-55.8479,-27.5612],[-55.8463,-27.5797]],[[-55.7819,-27.745],[-55.7815,-27.7461]],[[-55.8628,-27.4634],[-55.8626,-27.4588],[-55.8618,-27.4551],[-55.8617,-27.455],[-55.861,-27.454],[-55.8611,-27.4539]],[[-55.8819,-27.3758],[-55.882,-27.3758],[-55.8823,-27.3758],[-55.8824,-27.3757],[-55.8829,-27.3759],[-55.8835,-27.3758],[-55.8838,-27.3758],[-55.8841,-27.3759]],[[-55.8637,-27.4632],[-55.8636,-27.4646]],[[-55.8634,-27.3698],[-55.8798,-27.3762],[-55.88,-27.3762],[-55.8806,-27.3762]],[[-55.8626,-27.4548],[-55.8618,-27.4551]],[[-55.8842,-27.3798],[-55.8839,-27.3792],[-55.8833,-27.3779],[-55.8832,-27.3778],[-55.8819,-27.3768]],[[-55.8918,-27.4037],[-55.8918,-27.4031]],[[-55.8841,-27.3769],[-55.8828,-27.3771],[-55.8833,-27.3775],[-55.8835,-27.3777],[-55.8837,-27.3779],[-55.884,-27.3776],[-55.8838,-27.3775],[-55.8836,-27.3773],[-55.8833,-27.377]],[[-55.8839,-27.3776],[-55.8838,-27.3775],[-55.8836,-27.3773],[-55.8832,-27.377],[-55.8835,-27.3773],[-55.8838,-27.3775],[-55.8839,-27.3777],[-55.8837,-27.3775],[-55.8835,-27.3774],[-55.8831,-27.377],[-55.8835,-27.3774],[-55.8837,-27.3776],[-55.8838,-27.3777],[-55.8837,-27.3776],[-55.8834,-27.3774],[-55.8831,-27.377]],[[-55.8829,-27.3771],[-55.8833,-27.3775],[-55.8836,-27.3777],[-55.8837,-27.3778],[-55.8836,-27.3777],[-55.8834,-27.3775],[-55.8829,-27.377]],[[-55.8838,-27.3778],[-55.8836,-27.3776],[-55.8834,-27.3774],[-55.883,-27.377]],[[-55.8841,-27.3792],[-55.8844,-27.3777]],[[-55.8158,-27.6454],[-55.8158,-27.6461],[-55.8155,-27.6495],[-55.8153,-27.6548],[-55.8156,-27.6626],[-55.8145,-27.6717]],[[-55.8828,-27.3771],[-55.8826,-27.3771],[-55.8809,-27.3762]],[[-55.8839,-27.3792],[-55.8837,-27.3779]],[[-55.8086,-27.6873],[-55.8043,-27.6952]]]}},{"type":"Feature","properties":{"ref":"RN 117"},"geometry":{"type":"MultiLineString","coordinates":[[[-57.1034,-29.7326],[-57.1029,-29.7323],[-57.1034,-29.732],[-57.1034,-29.7326],[-57.1027,-29.7333],[-57.1023,-29.7333],[-57.1023,-29.7331],[-57.1023,-29.7328],[-57.1026,-29.7324],[-57.1029,-29.7323]],[[-57.0979,-29.738],[-57.0996,-29.7363],[-57.1003,-29.7355],[-57.1011,-29.7347],[-57.1017,-29.7337],[-57.1018,-29.7336],[-57.1023,-29.7331]],[[-57.1027,-29.7333],[-57.1021,-29.7339],[-57.102,-29.734],[-57.1011,-29.7347]],[[-57.1034,-29.732],[-57.1292,-29.7218],[-57.199,-29.7187],[-57.2035,-29.7159],[-57.2058,-29.7143],[-57.208,-29.7122],[-57.2041,-29.7157],[-57.2036,-29.716],[-57.1996,-29.7185],[-57.199,-29.7188],[-57.1292,-29.7218]]]}},{"type":"Feature","properties":{"ref":"RN 118"},"geometry":{"type":"MultiLineString","coordinates":[[[-57.1497,-27.554],[-57.1939,-27.6757],[-57.2671,-27.7653],[-57.2682,-27.7685],[-57.2805,-27.7797],[-57.2808,-27.7798],[-57.2814,-27.78],[-57.2853,-27.7816],[-57.3581,-27.8367],[-57.383,-27.8594],[-57.4542,-27.9155],[-57.4948,-27.9251],[-57.5082,-27.9288],[-57.5194,-27.9335],[-57.6003,-27.9853],[-57.6012,-27.9859],[-57.605,-27.9883],[-57.6067,-27.9894],[-57.6607,-28.0239],[-57.6608,-28.0239],[-57.6715,-28.0307],[-57.9311,-28.1393],[-57.9534,-28.1618],[-57.9463,-28.1896],[-57.9926,-28.2198],[-58.0877,-28.2467],[-58.111,-28.2595],[-58.1226,-28.2671],[-58.1232,-28.2675],[-58.1244,-28.2683],[-58.1403,-28.2777],[-58.2152,-28.28],[-58.285,-28.319],[-58.358,-28.3656],[-58.3888,-28.358],[-58.4033,-28.353],[-58.4373,-28.3411],[-58.4596,-28.3344],[-58.4608,-28.3344],[-58.4616,-28.3344],[-58.4621,-28.3344],[-58.5146,-28.3321],[-58.6074,-28.2932],[-58.6076,-28.2931],[-58.6302,-28.2828],[-58.6591,-28.2666],[-58.6627,-28.2647],[-58.6617,-28.2652],[-58.661,-28.2656],[-58.6609,-28.2656],[-58.6604,-28.2659],[-58.6591,-28.2666]],[[-58.7003,-28.2481],[-58.7043,-28.2469]],[[-58.6627,-28.2647],[-58.7035,-28.2488]],[[-57.605,-27.9883],[-57.603,-27.9871],[-57.6012,-27.9859]]]}},{"type":"Feature","properties":{"ref":"RN 119"},"geometry":{"type":"MultiLineString","coordinates":[[[-58.1127,-29.1504],[-58.1121,-29.151],[-58.1121,-29.1518],[-58.112,-29.1542],[-58.1107,-29.1674],[-58.1096,-29.1729],[-58.1083,-29.1787],[-58.1124,-29.2164],[-58.1125,-29.2165],[-58.1235,-29.2331],[-58.1236,-29.2334],[-58.1445,-29.2764],[-58.1484,-29.2843],[-58.1485,-29.2845],[-58.1924,-29.4026],[-58.1924,-29.4027],[-58.201,-29.4253],[-58.1823,-29.4996],[-58.1773,-29.5444],[-58.1187,-29.6129],[-58.1185,-29.6132],[-58.1083,-29.6392],[-58.1082,-29.6393],[-58.0992,-29.6597],[-58.0991,-29.6599],[-58.0772,-29.7235],[-58.0773,-29.724],[-58.0866,-29.7663],[-58.0866,-29.7666],[-58.0873,-29.7847],[-58.0873,-29.785],[-58.0875,-29.7893],[-58.0876,-29.7935],[-58.0882,-29.8088],[-58.0883,-29.8111],[-58.0882,-29.8088]],[[-58.0882,-29.8135],[-58.0884,-29.8122],[-58.0884,-29.8116],[-58.0884,-29.8115],[-58.0883,-29.8111],[-58.0883,-29.8115],[-58.0883,-29.8116],[-58.0883,-29.8122],[-58.0882,-29.8135],[-58.0882,-29.8136],[-58.0882,-29.8138],[-58.0706,-29.8589],[-58.0706,-29.859],[-58.0676,-29.8656],[-58.0675,-29.8659],[-58.0671,-29.8668],[-58.0559,-29.8912],[-58.054,-29.8997],[-58.0468,-29.9512],[-58.0046,-30.0717],[-58.0047,-30.0746],[-58.0049,-30.076],[-58.0044,-30.0757],[-58.0039,-30.0758],[-58.0047,-30.0746]],[[-58.1121,-29.1518],[-58.1121,-29.1513],[-58.1121,-29.1505],[-58.1121,-29.151]],[[-58.1121,-29.1513],[-58.1113,-29.1509]],[[-58.0049,-30.076],[-58.0051,-30.0762],[-58.005,-30.077],[-58.0046,-30.0773],[-58.0035,-30.0771],[-58.0039,-30.0758]]]}},{"type":"Feature","properties":{"ref":"RN 120"},"geometry":{"type":"MultiLineString","coordinates":[[[-56.3968,-27.6179],[-56.3327,-27.728],[-56.3325,-27.7283],[-56.2588,-27.8244],[-56.2575,-27.8247],[-56.1351,-27.8701],[-56.0193,-27.9579],[-56.0193,-27.958],[-56.0096,-27.9668],[-56.0085,-27.9675],[-56.0096,-27.9668]],[[-56.7124,-27.4823],[-56.7123,-27.4823],[-56.7031,-27.4823],[-56.6861,-27.4872],[-56.6622,-27.5544],[-56.662,-27.5546],[-56.6357,-27.5847],[-56.6355,-27.5851],[-56.6354,-27.5852]]]}},{"type":"Feature","properties":{"ref":"RN 121"},"geometry":{"type":"MultiLineString","coordinates":[[[-56.079,-28.5661],[-56.0783,-28.5662],[-56.0768,-28.5669],[-56.0752,-28.5674],[-56.0561,-28.5747],[-56.0549,-28.5753]],[[-56.0543,-28.5752],[-56.0531,-28.5758],[-56.0511,-28.5765],[-56.0338,-28.5895],[-56.0337,-28.5896],[-56.0326,-28.5917],[-56.0325,-28.5919],[-56.0298,-28.5939],[-56.0261,-28.598],[-56.0187,-28.6062],[-56.0145,-28.6108]],[[-56.0298,-28.5939],[-56.0307,-28.593],[-56.032,-28.5915],[-56.0321,-28.5914],[-56.0337,-28.5896]],[[-56.0548,-28.575],[-56.0561,-28.5747]],[[-56.0793,-28.5666],[-56.0786,-28.5662]],[[-56.0786,-28.566],[-56.0788,-28.5655]],[[-56.0783,-28.5662],[-56.079,-28.5659]],[[-56.0544,-28.5755],[-56.0531,-28.5758]]]}},{"type":"Feature","properties":{"ref":"RN 122"},"geometry":{"type":"MultiLineString","coordinates":[[[-56.8163,-29.464],[-56.8459,-29.4226],[-56.8466,-29.4223]],[[-56.8455,-29.4221],[-56.8459,-29.4226],[-56.846,-29.4222]]]}},{"type":"Feature","properties":{"ref":"RN 123"},"geometry":{"type":"MultiLineString","coordinates":[[[-59.0102,-28.7566],[-58.9589,-28.7659],[-58.9573,-28.7666],[-58.9088,-28.7948],[-58.8455,-28.8343],[-58.8384,-28.8387],[-58.8332,-28.8403],[-58.8309,-28.8411],[-58.8297,-28.8415],[-58.8209,-28.8444],[-58.8196,-28.8448],[-58.7357,-28.8587],[-58.7351,-28.8594],[-58.735,-28.8595],[-58.7342,-28.8599],[-58.7341,-28.8598],[-58.7332,-28.8599],[-58.6749,-28.8997],[-58.6722,-28.9012],[-58.5971,-28.9459],[-58.5914,-28.9501],[-58.5826,-28.9566],[-58.5817,-28.9573],[-58.5809,-28.9579],[-58.5799,-28.9586],[-58.579,-28.9593],[-58.5767,-28.9617],[-58.5763,-28.9633],[-58.5778,-28.9677],[-58.5797,-28.9731],[-58.5725,-28.985],[-58.5724,-28.9852],[-58.5651,-28.9949],[-58.5648,-28.9949],[-58.5614,-28.9946],[-58.5572,-28.994],[-58.5077,-29.0106],[-58.3664,-29.1063],[-58.2962,-29.1003],[-58.2256,-29.1139],[-58.136,-29.1437],[-58.1165,-29.1493],[-58.1151,-29.1497],[-58.115,-29.1498],[-58.1142,-29.15],[-58.1127,-29.1504],[-58.1113,-29.1509],[-58.1089,-29.1515],[-58.1066,-29.1523],[-58.0876,-29.1581],[-58.0875,-29.1581],[-58.0857,-29.1587],[-58.0855,-29.1588],[-58.0821,-29.1598],[-58.0683,-29.1641],[-58.0681,-29.1641],[-58.067,-29.1645],[-58.0667,-29.1646],[-58.0332,-29.1841],[-58.0312,-29.1864],[-58.0324,-29.1851],[-58.0332,-29.1841]],[[-58.0312,-29.1864],[-58.029,-29.1889],[-58.0195,-29.233],[-57.9773,-29.2632],[-57.9076,-29.3005],[-57.8068,-29.3231],[-57.8065,-29.3232],[-57.6586,-29.3814],[-57.6059,-29.4342],[-57.6057,-29.4343],[-57.5349,-29.5549],[-57.5104,-29.5616],[-57.5095,-29.5612],[-57.5055,-29.5603],[-57.5053,-29.5602],[-57.4799,-29.5537],[-57.2241,-29.6329],[-57.221,-29.6313]],[[-57.2241,-29.6329],[-57.2208,-29.6373]],[[-58.1089,-29.1515],[-58.1106,-29.151],[-58.1121,-29.1505],[-58.1142,-29.15]],[[-58.7332,-28.8599],[-58.734,-28.8591],[-58.734,-28.859],[-58.7349,-28.8586],[-58.735,-28.8587],[-58.7351,-28.8594]],[[-58.735,-28.8587],[-58.7357,-28.8587]],[[-58.7341,-28.8598],[-58.734,-28.8591]],[[-59.0104,-28.7572],[-59.0095,-28.7568],[-59.0099,-28.756]]]}},{"type":"Feature","properties":{"ref":"RN 127"},"geometry":{"type":"MultiLineString","coordinates":[[[-59.2612,-31.2874],[-59.2606,-31.288],[-59.2597,-31.2874],[-59.2602,-31.2868],[-59.261,-31.2872],[-59.2612,-31.2874],[-59.263,-31.289],[-59.2607,-31.288]],[[-59.263,-31.289],[-59.2854,-31.3029],[-59.2855,-31.3029],[-59.2873,-31.3041],[-59.3267,-31.3284],[-59.3268,-31.3285],[-59.3398,-31.3365],[-59.3399,-31.3366],[-59.4287,-31.3925],[-59.4288,-31.3926],[-59.4289,-31.3926],[-59.4341,-31.3949],[-59.4578,-31.4058],[-59.4579,-31.4059],[-59.458,-31.406],[-59.5178,-31.4408],[-59.5733,-31.4727],[-59.6263,-31.5048],[-59.6539,-31.5205],[-59.659,-31.5232],[-59.6594,-31.5234],[-59.7474,-31.5493],[-59.7513,-31.5503],[-59.7516,-31.5504],[-59.7568,-31.5518],[-59.7774,-31.5569],[-59.7774,-31.557],[-59.7933,-31.5609],[-59.8132,-31.5658],[-59.8133,-31.5658],[-59.8384,-31.572],[-59.8779,-31.579],[-59.8856,-31.5777],[-59.8916,-31.5767],[-59.9458,-31.5679],[-59.9461,-31.5679],[-59.951,-31.567],[-59.9578,-31.5664]],[[-58.7896,-30.9552],[-58.7945,-30.9576],[-58.7947,-30.9577],[-58.7954,-30.958],[-58.8351,-30.977],[-58.8352,-30.9771],[-58.8353,-30.9771],[-59.0271,-31.0678],[-59.0487,-31.0785],[-59.0634,-31.0895],[-59.0635,-31.0895],[-59.0636,-31.0896],[-59.0684,-31.0934],[-59.0938,-31.126],[-59.0941,-31.1263],[-59.1665,-31.2139],[-59.1689,-31.2156],[-59.1691,-31.2158],[-59.2204,-31.2542],[-59.2205,-31.2543],[-59.2312,-31.2637],[-59.2375,-31.2692],[-59.2377,-31.2694],[-59.2579,-31.2858],[-59.2601,-31.2868]],[[-59.2597,-31.2874],[-59.2579,-31.2858]],[[-59.8779,-31.579],[-59.8856,-31.5777]],[[-58.7806,-30.947],[-58.7779,-30.9429],[-58.7808,-30.9469]],[[-58.4585,-30.5826],[-58.4587,-30.5833],[-58.4581,-30.5828],[-58.4585,-30.5826],[-58.4586,-30.5824],[-58.4584,-30.582],[-58.4583,-30.5819],[-58.4578,-30.5814],[-58.3974,-30.4515],[-58.3278,-30.3552],[-58.2395,-30.2725],[-58.2394,-30.2724],[-58.212,-30.2472],[-58.2119,-30.2471],[-58.0596,-30.1091],[-58.0579,-30.1076],[-58.0291,-30.0826],[-58.0062,-30.0769],[-58.005,-30.077],[-58.0051,-30.0762],[-58.0062,-30.0769]],[[-58.4581,-30.5828],[-58.4578,-30.5822],[-58.4578,-30.5814]],[[-58.7779,-30.9429],[-58.7751,-30.9375],[-58.7741,-30.9365],[-58.7738,-30.9361],[-58.7661,-30.928],[-58.766,-30.928],[-58.7263,-30.8863],[-58.7206,-30.8801],[-58.7064,-30.8645],[-58.7062,-30.8643],[-58.6894,-30.8462],[-58.6892,-30.846],[-58.593,-30.7414],[-58.5648,-30.683],[-58.4893,-30.6201],[-58.4891,-30.6199],[-58.4694,-30.6036],[-58.4642,-30.5951],[-58.4587,-30.5833]],[[-58.005,-30.077],[-58.0046,-30.0773],[-58.0035,-30.0771],[-58.0039,-30.0758],[-58.0044,-30.0757],[-58.0049,-30.076],[-58.0051,-30.0762]],[[-58.7894,-30.9551],[-58.7873,-30.9534],[-58.7852,-30.9514],[-58.7851,-30.9513],[-58.7849,-30.9511],[-58.7848,-30.951],[-58.7822,-30.9485],[-58.7809,-30.9471]],[[-58.7822,-30.9485],[-58.7808,-30.9472],[-58.7807,-30.9472]],[[-58.7873,-30.9534],[-58.7895,-30.9549]],[[-58.7897,-30.955],[-58.7946,-30.9576],[-58.7947,-30.9576],[-58.7954,-30.958]],[[-58.4578,-30.5822],[-58.4583,-30.5819]]]}},{"type":"Feature","properties":{"ref":"RN 130"},"geometry":{"type":"MultiLineString","coordinates":[[[-58.9984,-31.8881],[-58.9951,-31.8887],[-58.9481,-31.9079],[-58.9415,-31.914],[-58.9411,-31.9144],[-58.9333,-31.9211],[-58.8867,-31.9323],[-58.8286,-31.9411],[-58.8285,-31.9411],[-58.8258,-31.9416],[-58.8256,-31.9416],[-58.7933,-31.9538],[-58.7229,-32.0158],[-58.6971,-32.0189],[-58.6969,-32.0189],[-58.6922,-32.0192],[-58.6918,-32.0193],[-58.5872,-32.0703],[-58.5868,-32.0705],[-58.4925,-32.1037],[-58.4921,-32.1039],[-58.4912,-32.1042],[-58.4904,-32.1046],[-58.4895,-32.105],[-58.4892,-32.1051],[-58.4508,-32.1212],[-58.4507,-32.1213],[-58.4449,-32.1259],[-58.4428,-32.1276],[-58.4412,-32.1289],[-58.4403,-32.1297],[-58.4391,-32.1307],[-58.4385,-32.1312],[-58.4385,-32.1313],[-58.438,-32.1317],[-58.4367,-32.1328],[-58.4194,-32.1473],[-58.4179,-32.1485],[-58.4157,-32.1504],[-58.4123,-32.1532],[-58.4117,-32.1536],[-58.401,-32.1627],[-58.4002,-32.1627],[-58.3964,-32.1596],[-58.3945,-32.158],[-58.3939,-32.1574],[-58.3922,-32.156],[-58.388,-32.1547],[-58.3832,-32.1547],[-58.251,-32.1546],[-58.2435,-32.1557],[-58.2416,-32.1563],[-58.2399,-32.157],[-58.2395,-32.1573],[-58.2393,-32.1573],[-58.2387,-32.1575]],[[-58.401,-32.1627],[-58.4012,-32.1628],[-58.4012,-32.1636],[-58.4011,-32.1638],[-58.4001,-32.1637],[-58.3999,-32.1636],[-58.4,-32.1629],[-58.3994,-32.1624],[-58.3964,-32.1596]],[[-58.4123,-32.1532],[-58.4119,-32.1537],[-58.4117,-32.1538],[-58.4012,-32.1628]],[[-58.2393,-32.1573],[-58.2389,-32.1578]],[[-58.9951,-31.8887],[-58.9985,-31.8878]],[[-58.4,-32.1629],[-58.4002,-32.1627]]]}},{"type":"Feature","properties":{"ref":"RN 131"},"geometry":{"type":"MultiLineString","coordinates":[[[-60.2702,-32.0393],[-60.2709,-32.0402],[-60.2696,-32.0398]],[[-60.2709,-32.0402],[-60.3211,-32.0472],[-60.3224,-32.0473],[-60.3276,-32.048],[-60.4573,-32.0732],[-60.4597,-32.0751],[-60.4615,-32.0763],[-60.4629,-32.0769],[-60.4899,-32.0839],[-60.4908,-32.0841],[-60.497,-32.0856],[-60.497,-32.0857],[-60.5178,-32.0869],[-60.5183,-32.0868],[-60.5489,-32.0814],[-60.5491,-32.0813],[-60.594,-32.0826],[-60.5957,-32.0822],[-60.5958,-32.0822],[-60.5973,-32.082],[-60.5958,-32.0823],[-60.5957,-32.0823],[-60.594,-32.0826]],[[-60.6243,-32.077],[-60.6239,-32.075],[-60.6239,-32.0749],[-60.6237,-32.0747],[-60.6212,-32.065]],[[-60.6442,-32.0609],[-60.6432,-32.0562]],[[-60.6241,-32.0769],[-60.624,-32.077],[-60.6241,-32.0766],[-60.6238,-32.0752],[-60.6238,-32.075],[-60.6237,-32.0747]],[[-60.6241,-32.077],[-60.6237,-32.0771],[-60.624,-32.077]],[[-60.5973,-32.082],[-60.6004,-32.0814],[-60.6113,-32.0794],[-60.6114,-32.0794],[-60.6237,-32.0771]],[[-60.6239,-32.075],[-60.6239,-32.0749]]]}},{"type":"Feature","properties":{"ref":"RN 135"},"geometry":{"type":"MultiLineString","coordinates":[[[-58.2349,-32.2597],[-58.234,-32.2596],[-58.2338,-32.2596],[-58.2224,-32.2558],[-58.222,-32.2557],[-58.163,-32.2373],[-58.1607,-32.2377],[-58.1606,-32.2377],[-58.1586,-32.2381],[-58.1495,-32.2446],[-58.1491,-32.245],[-58.1481,-32.246],[-58.1328,-32.261],[-58.1304,-32.2624],[-58.1328,-32.261]],[[-58.2352,-32.2602],[-58.236,-32.2603],[-58.2366,-32.2604],[-58.2379,-32.2604],[-58.2385,-32.2603],[-58.2395,-32.2601],[-58.2402,-32.2603]],[[-58.2395,-32.2601],[-58.2401,-32.2599]],[[-58.1586,-32.2381],[-58.1606,-32.2376],[-58.1607,-32.2376],[-58.163,-32.2373]],[[-58.2354,-32.2599],[-58.236,-32.2602],[-58.2366,-32.2604]],[[-58.2347,-32.26],[-58.234,-32.2596]],[[-58.1304,-32.2624],[-58.1187,-32.2642]]]}},{"type":"Feature","properties":{"ref":"RN 136"},"geometry":{"type":"MultiLineString","coordinates":[[[-58.5221,-32.9896],[-58.5193,-32.9895],[-58.5221,-32.9895]],[[-58.2535,-33.0773],[-58.2578,-33.0578],[-58.2589,-33.0528],[-58.2578,-33.0578]],[[-58.2589,-33.0528],[-58.3037,-33.0114],[-58.3223,-32.9986],[-58.3439,-32.9839],[-58.3967,-32.9823],[-58.4355,-32.9825],[-58.4358,-32.9826],[-58.4639,-32.9815],[-58.465,-32.9814],[-58.4655,-32.9813],[-58.48,-32.9793],[-58.5012,-32.9797],[-58.5044,-32.9815],[-58.509,-32.9844],[-58.5139,-32.988],[-58.5193,-32.9895]]]}},{"type":"Feature","properties":{"ref":"RN 141"},"geometry":{"type":"MultiLineString","coordinates":[[[-68.1942,-31.6949],[-68.1937,-31.6945],[-68.1944,-31.6945]],[[-66.275,-31.315],[-66.2771,-31.3143],[-66.3541,-31.3019],[-66.3542,-31.3019],[-66.4346,-31.2951],[-66.4348,-31.2951],[-66.45,-31.301],[-66.4501,-31.301],[-66.4604,-31.3082],[-66.4605,-31.3083],[-66.4947,-31.3304],[-66.4949,-31.3304],[-66.5536,-31.3374],[-66.5541,-31.3375],[-66.5546,-31.3375],[-66.5547,-31.3375],[-66.5754,-31.3399],[-66.6004,-31.3427],[-66.6005,-31.3427],[-66.6351,-31.3467],[-66.6354,-31.3468],[-66.6938,-31.3535],[-66.6939,-31.3536],[-66.8358,-31.3574],[-66.9774,-31.3919],[-67.0595,-31.429],[-67.0596,-31.4291],[-67.0827,-31.4363],[-67.0828,-31.4363],[-67.0857,-31.437],[-67.1162,-31.4445],[-67.1984,-31.4646],[-67.1989,-31.4647],[-67.2217,-31.4703],[-67.2218,-31.4703],[-67.3487,-31.4927],[-67.3492,-31.4928],[-67.353,-31.4947],[-67.3541,-31.4956],[-67.3552,-31.4966],[-67.356,-31.4973],[-67.3568,-31.498],[-67.3631,-31.5029],[-67.3632,-31.503],[-67.4362,-31.556],[-67.6435,-31.6059],[-67.6457,-31.6063],[-67.6462,-31.6064],[-67.6475,-31.6066],[-67.648,-31.6067],[-67.6502,-31.6071],[-67.6521,-31.6074],[-67.6527,-31.6075],[-67.6541,-31.6078],[-67.6804,-31.6006],[-67.7233,-31.6121],[-67.7235,-31.6123],[-67.8015,-31.684],[-67.8017,-31.6842],[-67.8059,-31.688],[-67.806,-31.6881],[-67.8069,-31.6889],[-67.807,-31.689],[-67.813,-31.6945],[-67.8133,-31.6948],[-67.8163,-31.6975],[-67.8179,-31.699],[-67.8182,-31.6993],[-67.8223,-31.7031],[-67.8225,-31.7033],[-67.8257,-31.7062],[-67.826,-31.7065],[-67.8359,-31.7155],[-67.8363,-31.7159],[-67.842,-31.721],[-67.8425,-31.7215],[-67.8534,-31.7315],[-67.8537,-31.7318],[-67.8596,-31.7372],[-67.8601,-31.7376],[-67.8749,-31.7515],[-67.8762,-31.7521],[-67.8769,-31.752],[-67.8773,-31.7519],[-67.8774,-31.7518],[-67.8778,-31.7517],[-67.8786,-31.7517],[-67.8796,-31.7524],[-67.8823,-31.7536],[-67.9107,-31.7558],[-67.9121,-31.7554],[-67.9819,-31.7401],[-67.982,-31.74],[-67.9832,-31.7396],[-67.9836,-31.7394],[-67.9844,-31.7391],[-67.9889,-31.7383],[-67.9949,-31.7411],[-68.0297,-31.7495],[-68.0313,-31.7503],[-68.032,-31.7506],[-68.0324,-31.7507],[-68.033,-31.7509],[-68.0346,-31.7514],[-68.0919,-31.7514],[-68.1588,-31.6943],[-68.1832,-31.6943],[-68.1869,-31.6944],[-68.1937,-31.6945]],[[-66.2749,-31.3145],[-66.2771,-31.3143]]]}},{"type":"Feature","properties":{"ref":"RN 142"},"geometry":{"type":"MultiLineString","coordinates":[[[-68.3941,-32.7583],[-68.3942,-32.758],[-68.3943,-32.7583]],[[-68.3942,-32.758],[-68.3491,-32.7074],[-68.3367,-32.6317],[-68.3353,-32.6036],[-68.2926,-32.5912],[-68.2921,-32.5912],[-68.2917,-32.5912],[-68.2558,-32.5759],[-68.25,-32.5738],[-68.2494,-32.5736],[-68.243,-32.5713],[-68.1958,-32.5116],[-68.1502,-32.4814],[-68.0678,-32.4006],[-68.0142,-32.3518],[-68.0143,-32.3272],[-67.9773,-32.313],[-67.92,-32.3259],[-67.8055,-32.2276],[-67.8059,-32.2271],[-67.806,-32.227],[-67.8062,-32.2261],[-67.8066,-32.2252],[-67.807,-32.2243],[-67.8025,-32.2139],[-67.8016,-32.2129]],[[-67.8025,-32.2139],[-67.8015,-32.2129]],[[-67.8055,-32.2276],[-67.8062,-32.2261]]]}},{"type":"Feature","properties":{"ref":"RN 143"},"geometry":{"type":"MultiLineString","coordinates":[[[-65.0743,-37.4461],[-65.0812,-37.4456],[-65.1349,-37.4456],[-65.1919,-37.446],[-65.2613,-37.4267],[-65.3081,-37.4255],[-65.3084,-37.4255],[-65.3092,-37.4255],[-65.3093,-37.4255],[-65.31,-37.4254],[-65.3104,-37.4254],[-65.368,-37.4234],[-65.4729,-37.3714],[-65.5723,-37.3574],[-65.6425,-37.3336],[-65.6534,-37.3338],[-65.654,-37.3338],[-65.6552,-37.3339],[-65.664,-37.3342],[-65.6747,-37.3373],[-65.8791,-37.2918],[-65.9702,-37.2545],[-66.0914,-37.234],[-66.34,-37.2381],[-66.5643,-37.2007],[-66.6719,-37.1608],[-66.7013,-37.1195],[-66.6901,-37.04],[-66.717,-37.0001],[-66.7305,-36.927],[-66.89,-36.7084],[-66.893,-36.7099],[-66.8933,-36.71],[-66.9788,-36.5534],[-67.022,-36.4228],[-67.0623,-36.3882],[-67.0769,-36.382],[-67.0798,-36.3816],[-67.0807,-36.3809],[-67.0787,-36.38],[-66.9325,-36.2498],[-66.928,-36.2458],[-66.9258,-36.2437],[-66.9251,-36.2432],[-66.9244,-36.2425],[-66.9252,-36.2419],[-66.9251,-36.2431],[-66.9258,-36.2437]],[[-67.3304,-35.7125],[-67.3295,-35.7134],[-67.1476,-36.0297],[-67.0206,-36.1838],[-66.9537,-36.2267],[-66.9512,-36.2277],[-66.9448,-36.2305],[-66.9261,-36.2413],[-66.9252,-36.2419]],[[-66.9261,-36.2413],[-66.9243,-36.2424],[-66.9244,-36.2424],[-66.9251,-36.2431]],[[-66.9244,-36.2425],[-66.9243,-36.2424]],[[-68.2375,-34.7009],[-68.2378,-34.7007],[-68.3792,-34.6546],[-68.3784,-34.6528],[-68.3778,-34.6517],[-68.3763,-34.649],[-68.3749,-34.6464],[-68.3739,-34.6446],[-68.373,-34.6427],[-68.3499,-34.6218],[-68.3489,-34.6211],[-68.3478,-34.6202],[-68.3468,-34.6193],[-68.3464,-34.619],[-68.3397,-34.6135],[-68.3393,-34.6133],[-68.3392,-34.6131],[-68.3387,-34.6131]],[[-69.0749,-33.9531],[-69.0738,-33.9551],[-69.071,-33.9619],[-69.0708,-33.9621],[-69.0359,-34.0132],[-69.0357,-34.0134],[-69.0125,-34.0166],[-69.0122,-34.0166],[-68.9829,-34.0328],[-68.9827,-34.0329],[-68.7657,-34.1762],[-68.7194,-34.1852],[-68.6954,-34.2291],[-68.6739,-34.2432],[-68.6737,-34.2439],[-68.6736,-34.2441],[-68.5893,-34.3228],[-68.589,-34.3231],[-68.548,-34.3585],[-68.5478,-34.3589],[-68.4794,-34.4278],[-68.4794,-34.4285],[-68.4771,-34.4792],[-68.4771,-34.4795],[-68.4727,-34.5724],[-68.4732,-34.5739]],[[-68.4725,-34.5748],[-68.4706,-34.5753],[-68.4721,-34.5741]],[[-68.3556,-34.6073],[-68.3562,-34.6073],[-68.3568,-34.607],[-68.4521,-34.5816],[-68.4525,-34.5814],[-68.4559,-34.5803],[-68.4625,-34.578],[-68.4706,-34.5753]],[[-68.3562,-34.6073],[-68.3558,-34.6076]],[[-67.6892,-34.9779],[-67.6892,-34.9706],[-67.6908,-34.958],[-67.6894,-34.9688],[-67.6894,-34.9706],[-67.6895,-34.9779]],[[-67.6895,-34.9782],[-67.6895,-34.9825],[-67.6894,-35.003],[-67.6892,-34.9827],[-67.6892,-34.9782]],[[-67.6908,-34.958],[-67.6931,-34.9545],[-67.6953,-34.9511],[-67.7078,-34.9323],[-67.7245,-34.9068],[-67.7247,-34.9065],[-67.7426,-34.8975],[-67.7463,-34.8946],[-67.7883,-34.855],[-67.813,-34.8611],[-67.8136,-34.8613],[-67.8295,-34.8665],[-67.8296,-34.8665],[-67.8394,-34.8688],[-67.8579,-34.8611],[-67.9502,-34.8023],[-68.0242,-34.7826],[-68.0248,-34.782],[-68.0272,-34.7624],[-68.0272,-34.7585],[-68.0283,-34.7563],[-68.0299,-34.7553],[-68.0322,-34.7543],[-68.0336,-34.7537],[-68.0432,-34.7494],[-68.2202,-34.7475],[-68.2369,-34.7016],[-68.2369,-34.7012]],[[-68.3551,-34.6078],[-68.3495,-34.6096],[-68.3466,-34.6106],[-68.3395,-34.6129],[-68.3394,-34.6133],[-68.3392,-34.6131],[-68.3392,-34.613],[-68.3395,-34.6129],[-68.355,-34.6075]],[[-68.4722,-34.5739],[-68.4727,-34.5724]],[[-68.3393,-34.6133],[-68.339,-34.6131],[-68.3392,-34.6131],[-68.3392,-34.613],[-68.3395,-34.6129]],[[-67.3295,-35.7134],[-67.5471,-35.475],[-67.5472,-35.4748],[-67.5954,-35.4199],[-67.6655,-35.2713],[-67.6633,-35.1631],[-67.6912,-35.1107],[-67.6912,-35.1104],[-67.6894,-35.003]],[[-67.6953,-34.9511],[-67.6941,-34.953],[-67.694,-34.9532],[-67.6931,-34.9545]],[[-67.7426,-34.8975],[-67.7463,-34.8946]],[[-68.3394,-34.6133],[-68.3397,-34.6135]],[[-67.6943,-34.9533],[-67.694,-34.953]],[[-69.075,-33.9532],[-69.0738,-33.9551]],[[-68.2372,-34.7012],[-68.2369,-34.7016]],[[-68.2373,-34.7007],[-68.2378,-34.7007]]]}},{"type":"Feature","properties":{"ref":"RN 144"},"geometry":{"type":"MultiLineString","coordinates":[[[-68.3784,-34.6528],[-68.3794,-34.6524],[-68.45,-34.6184],[-68.5592,-34.6806],[-68.5596,-34.6812],[-68.5564,-34.6948],[-68.6385,-34.8113],[-68.7215,-34.884],[-68.7809,-34.9113],[-68.932,-34.9142],[-69.3771,-35.0259],[-69.4592,-35.0494],[-69.4634,-35.0506],[-69.4661,-35.0505],[-69.4668,-35.0503],[-69.4677,-35.05],[-69.4667,-35.0503],[-69.4661,-35.0505]]]}},{"type":"Feature","properties":{"ref":"RN 145"},"geometry":{"type":"MultiLineString","coordinates":[[[-69.8079,-35.8623],[-69.8079,-35.8629],[-69.9437,-35.8693],[-69.9442,-35.8692],[-69.9902,-35.8412],[-70.0121,-35.8309],[-70.0124,-35.8299],[-70.0241,-35.8245],[-70.0451,-35.8257],[-70.1008,-35.7958],[-70.1425,-35.7942],[-70.1558,-35.8074],[-70.1852,-35.8372],[-70.1944,-35.8547],[-70.1948,-35.8548],[-70.1961,-35.8694],[-70.1962,-35.8698],[-70.1959,-35.8706],[-70.1956,-35.871],[-70.2308,-35.9585],[-70.2311,-35.9585],[-70.3716,-35.9642],[-70.3941,-35.9818]]]}},{"type":"Feature","properties":{"ref":"RN 146"},"geometry":{"type":"MultiLineString","coordinates":[[[-66.3398,-33.2613],[-66.3396,-33.261],[-66.3533,-33.1999],[-66.3535,-33.1995]],[[-66.3421,-33.3193],[-66.3423,-33.3196],[-66.3487,-33.3235],[-66.3507,-33.3251],[-66.371,-33.3436],[-66.3712,-33.3437],[-66.3718,-33.3442],[-66.3729,-33.345],[-66.3733,-33.3453],[-66.3744,-33.3462],[-66.375,-33.3466],[-66.3754,-33.3469],[-66.4077,-33.3783],[-66.4371,-33.478],[-66.5153,-33.5575],[-66.6371,-33.7593],[-66.6529,-33.8123],[-66.6477,-33.9909],[-66.7058,-34.0862],[-66.7068,-34.0863],[-66.7078,-34.0864],[-66.7079,-34.0864],[-66.7098,-34.0869],[-66.7105,-34.087],[-66.7141,-34.0875],[-66.7168,-34.088],[-66.7177,-34.0881],[-66.7796,-34.0973],[-67.8633,-34.5678],[-67.8647,-34.5702],[-67.8652,-34.5711],[-67.8665,-34.5732],[-67.8668,-34.5735],[-67.8723,-34.588],[-67.8723,-34.5912],[-67.8751,-34.5913],[-67.8773,-34.5913],[-67.8773,-34.5924],[-67.8785,-34.5924],[-67.8799,-34.5924],[-67.8833,-34.5924],[-67.8846,-34.5926],[-68.0033,-34.6401],[-68.0099,-34.6381],[-68.0111,-34.6373],[-68.0238,-34.6022],[-68.0241,-34.6016],[-68.0184,-34.5835],[-68.0674,-34.5671],[-68.0763,-34.5824],[-68.0764,-34.5825],[-68.0887,-34.6015],[-68.0888,-34.6015],[-68.1555,-34.6337],[-68.2456,-34.6318],[-68.286,-34.6309],[-68.2873,-34.6305],[-68.2902,-34.6294]],[[-68.339,-34.6131],[-68.3381,-34.6134],[-68.3387,-34.6131],[-68.3395,-34.6129]],[[-68.3287,-34.6166],[-68.3172,-34.6205],[-68.3048,-34.6247],[-68.2911,-34.6293],[-68.2907,-34.6295]],[[-68.2906,-34.6292],[-68.291,-34.6292]],[[-68.2903,-34.6297],[-68.2876,-34.6307]],[[-66.338,-33.2797],[-66.338,-33.2795],[-66.3382,-33.278],[-66.3385,-33.2747],[-66.3386,-33.2734],[-66.3388,-33.2724],[-66.339,-33.2704],[-66.3393,-33.2671],[-66.3397,-33.2633],[-66.3396,-33.263]],[[-66.3532,-33.1991],[-66.3534,-33.1988],[-66.3612,-33.129],[-66.3632,-33.1028],[-66.368,-33.0021],[-66.3681,-33.0019],[-66.3735,-32.9701],[-66.3736,-32.9696],[-66.3809,-32.9266],[-66.3813,-32.9241],[-66.3813,-32.924],[-66.3817,-32.9217],[-66.3815,-32.9234],[-66.3814,-32.9241],[-66.3809,-32.9266]],[[-66.3817,-32.9217],[-66.3912,-32.8629],[-66.3668,-32.7999],[-66.3668,-32.7998],[-66.3131,-32.6624],[-66.2559,-32.5715],[-66.2558,-32.5713],[-66.2558,-32.571],[-66.236,-32.5492],[-66.197,-32.526],[-66.1321,-32.5169],[-66.1314,-32.5164],[-66.1265,-32.5132],[-66.1257,-32.5126],[-66.0708,-32.4778],[-66.0699,-32.4774],[-65.9554,-32.3732],[-65.9538,-32.3715],[-65.9554,-32.3732]],[[-67.8846,-34.5926],[-67.8832,-34.5927],[-67.8785,-34.5925],[-67.8773,-34.5925]],[[-66.3534,-33.1988],[-66.3536,-33.1992]],[[-66.3533,-33.1999],[-66.3532,-33.1995]],[[-68.3361,-34.6141],[-68.3348,-34.6146],[-68.3336,-34.615],[-68.3324,-34.6154],[-68.3312,-34.6158],[-68.33,-34.6162],[-68.3299,-34.6162],[-68.3298,-34.6161],[-68.3299,-34.6161],[-68.3312,-34.6157],[-68.3324,-34.6153],[-68.3336,-34.6149],[-68.3348,-34.6145],[-68.3361,-34.6141],[-68.3373,-34.6137],[-68.3381,-34.6134]],[[-68.2874,-34.6308],[-68.2871,-34.6309],[-68.286,-34.6309]],[[-66.3187,-33.3075],[-66.3184,-33.3073],[-66.3153,-33.3043]],[[-66.3415,-33.3194],[-66.3412,-33.319],[-66.3379,-33.3176],[-66.3332,-33.3151],[-66.3293,-33.3135],[-66.3226,-33.31],[-66.3193,-33.3077],[-66.3191,-33.3076],[-66.3188,-33.3075]],[[-66.3191,-33.3076],[-66.3188,-33.3076]],[[-66.3186,-33.3076],[-66.3184,-33.3073]],[[-67.8723,-34.5923],[-67.8751,-34.5924]],[[-66.3396,-33.2614],[-66.3396,-33.261]],[[-66.34,-33.2627],[-66.3398,-33.2624],[-66.3398,-33.2622],[-66.3398,-33.262],[-66.3397,-33.2617]],[[-66.3399,-33.2616],[-66.3398,-33.262]],[[-66.34,-33.263],[-66.3397,-33.2633]],[[-66.3396,-33.2627],[-66.3398,-33.2624]],[[-66.3423,-33.3196],[-66.3419,-33.3196]],[[-66.3412,-33.319],[-66.3417,-33.3191]]]}},{"type":"Feature","properties":{"ref":"RN 147"},"geometry":{"type":"MultiLineString","coordinates":[[[-66.3744,-33.2464],[-66.34,-33.2622],[-66.3397,-33.2623],[-66.3316,-33.2661],[-66.3314,-33.2662],[-66.3179,-33.2725],[-66.3176,-33.2726],[-66.3091,-33.2765],[-66.3088,-33.2767],[-66.3032,-33.2819],[-66.3026,-33.284],[-66.3009,-33.2939],[-66.3009,-33.2944],[-66.3007,-33.2967]],[[-66.3,-33.2966],[-66.2998,-33.2967],[-66.3,-33.2966],[-66.3003,-33.2964],[-66.3008,-33.2944],[-66.3008,-33.2939],[-66.3025,-33.284],[-66.3031,-33.2818],[-66.3087,-33.2766],[-66.3091,-33.2764],[-66.3177,-33.2725],[-66.3179,-33.2723],[-66.3314,-33.2661],[-66.3316,-33.2659],[-66.3396,-33.2622],[-66.34,-33.2621],[-66.3741,-33.246]],[[-66.3749,-33.2456],[-66.3756,-33.2455],[-66.3964,-33.2359],[-66.4578,-33.1826],[-66.5128,-33.1312],[-66.5145,-33.1297],[-66.5179,-33.1265],[-66.6198,-33.0477],[-66.7281,-32.9361],[-66.7394,-32.9044],[-66.7394,-32.9042],[-66.7654,-32.8275],[-66.8814,-32.6979],[-66.9095,-32.6323],[-66.8932,-32.5756],[-66.8933,-32.5755],[-66.9056,-32.5507],[-66.9057,-32.5506],[-66.9144,-32.5435],[-66.9418,-32.5117],[-66.9418,-32.5115],[-66.9557,-32.4691],[-66.9564,-32.4681],[-66.9576,-32.4664],[-66.9605,-32.4643],[-66.9612,-32.464],[-66.9693,-32.46],[-67.0097,-32.3912],[-67.0107,-32.3895]],[[-66.3756,-33.2455],[-66.3751,-33.246]],[[-67.0097,-32.3912],[-67.0107,-32.3894]],[[-66.9576,-32.4664],[-66.9557,-32.4691]],[[-66.3586,-33.2536],[-66.3583,-33.2534]],[[-66.3592,-33.253],[-66.3594,-33.2533]]]}},{"type":"Feature","properties":{"ref":"RN 148"},"geometry":{"type":"MultiLineString","coordinates":[[[-65.1621,-31.9541],[-65.1625,-31.9541],[-65.1625,-31.9546],[-65.1621,-31.9541],[-65.1621,-31.9537],[-65.1623,-31.9534],[-65.1621,-31.9511],[-65.1617,-31.9504],[-65.1623,-31.9503],[-65.162,-31.9499],[-65.1617,-31.95],[-65.1616,-31.9501],[-65.1617,-31.9504]],[[-65.1623,-31.9503],[-65.1622,-31.9511],[-65.1625,-31.9534],[-65.1625,-31.9537],[-65.1626,-31.9537],[-65.1626,-31.9541],[-65.1625,-31.9541]],[[-65.1625,-31.9546],[-65.1626,-31.955],[-65.1641,-31.9865],[-65.1642,-31.9879],[-65.1642,-31.9883],[-65.1643,-31.9889]],[[-65.1644,-31.9894],[-65.1642,-31.9902],[-65.1667,-32.0911],[-65.173,-32.3217]],[[-65.1642,-31.9902],[-65.164,-31.9894]],[[-65.164,-31.9889],[-65.1642,-31.9883]],[[-65.1621,-31.9537],[-65.1625,-31.9537]]]}},{"type":"Feature","properties":{"ref":"RN 149"},"geometry":{"type":"MultiLineString","coordinates":[[[-69.348,-32.5915],[-69.3478,-32.5906],[-69.3476,-32.59],[-69.3379,-32.5685],[-69.3383,-32.5684],[-69.3695,-32.5046],[-69.3637,-32.469],[-69.3883,-32.3933],[-69.389,-32.3774],[-69.3695,-32.2631],[-69.3385,-32.1883],[-69.3712,-32.0976],[-69.3598,-32.0806],[-69.3584,-31.9941],[-69.4356,-31.8525],[-69.44,-31.8395],[-69.44,-31.8393],[-69.4489,-31.816],[-69.4504,-31.8128],[-69.4522,-31.8035],[-69.4768,-31.7545],[-69.4495,-31.7294],[-69.4691,-31.6707],[-69.468,-31.6673],[-69.4656,-31.6567],[-69.4642,-31.6537],[-69.4736,-31.6506],[-69.475,-31.6501],[-69.4755,-31.6499],[-69.4746,-31.6491],[-69.4725,-31.6441],[-69.4745,-31.649],[-69.4745,-31.6491],[-69.4747,-31.6494],[-69.475,-31.6501]],[[-69.2168,-30.3931],[-69.2174,-30.3932],[-69.2238,-30.4042],[-69.2242,-30.4075],[-69.2242,-30.4077],[-69.2223,-30.4169],[-69.2221,-30.4174],[-69.2274,-30.4226],[-69.2353,-30.4328],[-69.2354,-30.4332],[-69.2358,-30.4338],[-69.236,-30.4342],[-69.2361,-30.4345],[-69.239,-30.4414],[-69.239,-30.4418],[-69.2724,-30.4901],[-69.273,-30.4908],[-69.2889,-30.5564],[-69.4515,-30.6713],[-69.4201,-30.7171],[-69.4174,-30.8264],[-69.4202,-30.8791],[-69.4226,-30.9686],[-69.4795,-31.0625],[-69.4843,-31.0568],[-69.4953,-31.056],[-69.4964,-31.0571],[-69.4964,-31.0695],[-69.4842,-31.0771],[-69.479,-31.0912],[-69.4706,-31.1355],[-69.4706,-31.1356],[-69.4559,-31.1695],[-69.4586,-31.2276],[-69.4587,-31.2295],[-69.4586,-31.2314],[-69.4467,-31.2529],[-69.4461,-31.2539],[-69.4339,-31.2683],[-69.4483,-31.303],[-69.4306,-31.3146],[-69.4248,-31.3308],[-69.4234,-31.3339],[-69.4212,-31.3337],[-69.421,-31.3339],[-69.4208,-31.3339],[-69.4208,-31.3338],[-69.4209,-31.3337],[-69.4212,-31.3337]],[[-69.4711,-31.6407],[-69.4725,-31.6441],[-69.4718,-31.6422],[-69.4711,-31.6407],[-69.471,-31.6405],[-69.4694,-31.6348],[-69.461,-31.6165],[-69.4463,-31.5818],[-69.447,-31.5738],[-69.4469,-31.5733],[-69.4438,-31.5625],[-69.4316,-31.5471],[-69.4127,-31.5164],[-69.4127,-31.516],[-69.3984,-31.4677],[-69.4093,-31.4028],[-69.4094,-31.4027],[-69.4122,-31.3966],[-69.4124,-31.3964],[-69.4121,-31.332],[-69.4124,-31.3319],[-69.4122,-31.3318],[-69.4122,-31.3317],[-69.4123,-31.3315],[-69.4126,-31.3316],[-69.4126,-31.3318],[-69.4129,-31.3317],[-69.413,-31.3317],[-69.4155,-31.3321],[-69.4161,-31.3322],[-69.4193,-31.3328],[-69.4209,-31.3337],[-69.421,-31.3339]],[[-69.4489,-31.816],[-69.4504,-31.8128]],[[-69.4208,-31.3338],[-69.4193,-31.3329],[-69.4161,-31.3322]],[[-69.44,-31.8395],[-69.44,-31.8393]],[[-69.4586,-31.2314],[-69.4586,-31.2295],[-69.4586,-31.2276]],[[-69.4126,-31.3316],[-69.4129,-31.3317]],[[-69.4121,-31.332],[-69.4122,-31.3318]],[[-69.4126,-31.3318],[-69.4124,-31.3319]],[[-69.4207,-31.3336],[-69.4209,-31.3337]],[[-69.3482,-32.591],[-69.3478,-32.5906]],[[-69.2178,-30.3923],[-69.217,-30.3928],[-69.2174,-30.3932],[-69.2174,-30.3927],[-69.2178,-30.3923],[-69.2021,-30.3293],[-69.2023,-30.329],[-69.2031,-30.328],[-69.2104,-30.3235],[-69.2107,-30.3235],[-69.2231,-30.3256],[-69.224,-30.3253]],[[-69.2231,-30.3256],[-69.2234,-30.3249]],[[-69.2174,-30.3927],[-69.2171,-30.3929]]]}},{"type":"Feature","properties":{"ref":"RN 150"},"geometry":{"type":"MultiLineString","coordinates":[[[-69.2238,-30.3242],[-69.2241,-30.3237],[-69.2298,-30.3059],[-69.2288,-30.2819],[-69.2261,-30.2766],[-69.1564,-30.2186],[-69.1471,-30.2081],[-69.147,-30.208],[-69.1417,-30.2059],[-69.1416,-30.2058],[-69.1222,-30.1945],[-69.1215,-30.1938],[-69.1211,-30.1934],[-69.12,-30.1928],[-69.1107,-30.1911],[-69.1065,-30.1909],[-69.0996,-30.1976],[-69.1016,-30.2007],[-69.1016,-30.201],[-69.0017,-30.2196],[-69.0015,-30.2196],[-68.9768,-30.2197],[-68.9761,-30.2194],[-68.9433,-30.2269],[-68.9431,-30.227],[-68.932,-30.2273],[-68.9318,-30.2274],[-68.8817,-30.2105],[-68.8814,-30.2106],[-68.8091,-30.2012],[-68.8089,-30.2013],[-68.7731,-30.225],[-68.772,-30.2256],[-68.7661,-30.227],[-68.7659,-30.227],[-68.7645,-30.227],[-68.7632,-30.2271],[-68.7619,-30.2272],[-68.7606,-30.2273],[-68.7457,-30.234],[-68.7409,-30.2368],[-68.7405,-30.2372],[-68.7403,-30.2373],[-68.7402,-30.2373],[-68.7379,-30.2385],[-68.7401,-30.2372],[-68.7402,-30.2373]],[[-66.8757,-30.0381],[-66.8763,-30.0381],[-66.8772,-30.0382],[-66.8803,-30.0388],[-66.8809,-30.0394],[-66.8811,-30.0398],[-66.8811,-30.0402],[-66.8857,-30.0489],[-66.8865,-30.0493],[-66.8867,-30.0494],[-66.8878,-30.0499],[-66.8972,-30.0544],[-66.8973,-30.0545],[-66.9078,-30.0596],[-66.9079,-30.0596],[-66.9179,-30.0644],[-66.918,-30.0645],[-66.927,-30.0688],[-66.9271,-30.0689],[-66.9293,-30.0699],[-66.9294,-30.0699],[-66.9322,-30.0713],[-66.9323,-30.0714],[-66.9411,-30.0756],[-66.9412,-30.0756],[-66.951,-30.0804],[-66.9511,-30.0804],[-66.9969,-30.1024],[-66.9969,-30.1025],[-67.0789,-30.1419],[-67.079,-30.1419],[-67.1978,-30.1987],[-67.1979,-30.1988],[-67.2029,-30.2011],[-67.203,-30.2012],[-67.216,-30.2074],[-67.217,-30.2079],[-67.2753,-30.2178],[-67.2754,-30.2178],[-67.2824,-30.2139],[-67.2849,-30.2126],[-67.2885,-30.2088],[-67.2885,-30.2087],[-67.3691,-30.2021],[-67.3692,-30.2021],[-67.4177,-30.1897],[-67.4178,-30.1897],[-67.4218,-30.1918],[-67.4219,-30.1919],[-67.4225,-30.1925],[-67.4236,-30.1936],[-67.4375,-30.1986],[-67.4376,-30.1987],[-67.4417,-30.2007],[-67.4418,-30.2007],[-67.4689,-30.2036],[-67.469,-30.2036],[-67.4779,-30.2045],[-67.478,-30.2045],[-67.537,-30.2106],[-67.5372,-30.2107],[-67.5763,-30.2064],[-67.5766,-30.2064],[-67.6006,-30.2127],[-67.6007,-30.2128],[-67.6079,-30.2194],[-67.608,-30.2195],[-67.6111,-30.2223],[-67.6112,-30.2223],[-67.6127,-30.2236],[-67.6128,-30.2237],[-67.6408,-30.226],[-67.641,-30.2259],[-67.6652,-30.2079],[-67.6653,-30.2078],[-67.6703,-30.2039],[-67.6748,-30.2072],[-67.675,-30.2074],[-67.6782,-30.2097],[-67.686,-30.2151],[-67.687,-30.2158],[-67.6919,-30.2192],[-67.6965,-30.2221],[-67.697,-30.2223],[-67.6982,-30.2229],[-67.6987,-30.2233],[-67.6991,-30.2235],[-67.6998,-30.2239],[-67.7009,-30.2244],[-67.701,-30.2245],[-67.7016,-30.2248],[-67.703,-30.2241],[-67.705,-30.223],[-67.7873,-30.1816],[-67.83,-30.1802],[-67.8304,-30.1803],[-67.8341,-30.1815],[-67.8357,-30.1821],[-67.9036,-30.1852],[-67.904,-30.185],[-67.9646,-30.1562],[-67.9822,-30.1506],[-67.9829,-30.1513],[-67.9807,-30.1391],[-67.9822,-30.1378],[-67.9833,-30.1339],[-67.9857,-30.1327],[-67.991,-30.1327],[-67.9927,-30.1339],[-67.9947,-30.1319],[-67.9946,-30.131],[-67.9922,-30.1286],[-68.0049,-30.1323],[-68.0086,-30.1358],[-68.0096,-30.1365],[-68.0133,-30.1387],[-68.0164,-30.1376],[-68.0169,-30.1369],[-68.0201,-30.1365],[-68.0256,-30.1357],[-68.0266,-30.1359],[-68.028,-30.1366],[-68.0283,-30.1372],[-68.0318,-30.1435],[-68.0322,-30.1443],[-68.0343,-30.1466],[-68.0354,-30.1488],[-68.0355,-30.1496],[-68.0464,-30.1552],[-68.0467,-30.1554],[-68.0564,-30.1655],[-68.0564,-30.1657],[-68.0729,-30.1898],[-68.0771,-30.1899],[-68.1,-30.1901],[-68.1049,-30.1902],[-68.119,-30.1903],[-68.1193,-30.1903],[-68.1351,-30.1905],[-68.1379,-30.1905],[-68.1413,-30.1905],[-68.1418,-30.1905],[-68.2548,-30.2095],[-68.318,-30.217],[-68.3183,-30.217],[-68.3687,-30.2049],[-68.3692,-30.2048],[-68.3784,-30.2056],[-68.3792,-30.2061],[-68.4099,-30.2291],[-68.4551,-30.2192],[-68.4559,-30.2191],[-68.4785,-30.2043],[-68.4787,-30.204],[-68.4848,-30.1967],[-68.4865,-30.195],[-68.4874,-30.1941],[-68.495,-30.1928],[-68.4965,-30.1931],[-68.5004,-30.1954]],[[-69.2246,-30.3251],[-69.2253,-30.3252],[-69.2355,-30.3284],[-69.2364,-30.3286],[-69.3943,-30.368],[-69.4679,-30.359],[-69.5418,-30.3952],[-69.6155,-30.3781],[-69.632,-30.376],[-69.6323,-30.3759],[-69.6357,-30.376],[-69.6363,-30.3761],[-69.6382,-30.3756],[-69.6388,-30.3753],[-69.6437,-30.3751],[-69.644,-30.3748],[-69.6435,-30.3763],[-69.645,-30.3754],[-69.6456,-30.3749],[-69.6461,-30.3745],[-69.6462,-30.3744],[-69.649,-30.3726],[-69.6494,-30.3723],[-69.6578,-30.3685],[-69.654,-30.3698],[-69.675,-30.3636],[-69.6727,-30.3662],[-69.6889,-30.3578],[-69.6925,-30.3557],[-69.6917,-30.3578],[-69.695,-30.3555],[-69.696,-30.3566],[-69.7075,-30.3518],[-69.7472,-30.3251],[-69.7472,-30.3249],[-69.7806,-30.2879],[-69.7957,-30.2688],[-69.8009,-30.1908],[-69.8066,-30.2271],[-69.8003,-30.215],[-69.8251,-30.1927]],[[-68.7379,-30.2385],[-68.7378,-30.2386],[-68.7377,-30.2387],[-68.7036,-30.2562],[-68.6962,-30.2605],[-68.696,-30.2606],[-68.7006,-30.2801],[-68.7049,-30.2868],[-68.7058,-30.2885],[-68.7078,-30.296],[-68.7082,-30.2974],[-68.7086,-30.2991],[-68.7093,-30.3008],[-68.7094,-30.3012],[-68.7089,-30.3013],[-68.7088,-30.3013],[-68.7087,-30.3008],[-68.7087,-30.2995],[-68.7073,-30.301]],[[-66.8757,-30.038],[-66.8763,-30.0381],[-66.8772,-30.0382]],[[-66.8811,-30.0402],[-66.8809,-30.0399],[-66.8806,-30.0395],[-66.8803,-30.0388]],[[-69.1222,-30.1945],[-69.1213,-30.1936],[-69.12,-30.1928]],[[-69.2241,-30.3237],[-69.2243,-30.3242]],[[-68.7405,-30.2372],[-68.7404,-30.237],[-68.7409,-30.2368]],[[-68.7087,-30.2995],[-68.7086,-30.2991]],[[-68.5005,-30.1954],[-68.5013,-30.1946],[-68.5041,-30.1976]],[[-68.5013,-30.1946],[-68.4996,-30.1938],[-68.4993,-30.1937],[-68.4973,-30.1932],[-68.4965,-30.1931]],[[-68.4874,-30.1941],[-68.4859,-30.1956],[-68.4848,-30.1967]],[[-67.703,-30.2241],[-67.7025,-30.2244],[-67.7017,-30.2249],[-67.7016,-30.2248],[-67.701,-30.2245]],[[-67.7013,-30.2246],[-67.702,-30.2246]],[[-68.7401,-30.2372],[-68.7401,-30.2371],[-68.7403,-30.237],[-68.7404,-30.237]],[[-68.7087,-30.3008],[-68.7093,-30.3008]],[[-69.2248,-30.3248],[-69.2253,-30.3252]],[[-66.8806,-30.0395],[-66.8809,-30.0394]],[[-66.8811,-30.0398],[-66.8809,-30.0399]]]}},{"type":"Feature","properties":{"ref":"RN 151"},"geometry":{"type":"MultiLineString","coordinates":[[[-68.0129,-38.934],[-68.0129,-38.9323],[-68.013,-38.9305],[-68.0129,-38.9319],[-68.0128,-38.9323],[-68.0128,-38.9327],[-68.0129,-38.934],[-68.0129,-38.9352],[-68.0129,-38.936],[-68.0128,-38.9391],[-68.0124,-38.9404],[-68.0114,-38.9417],[-68.0111,-38.9421],[-68.011,-38.9427]],[[-68.0736,-38.8314],[-68.0741,-38.8314],[-68.0739,-38.8322],[-68.0736,-38.8314],[-68.0741,-38.8306],[-68.0741,-38.8314]],[[-67.8435,-37.8851],[-67.8421,-37.8843],[-67.8395,-37.8821],[-67.7962,-37.851],[-67.7932,-37.8499],[-67.7926,-37.8497],[-67.792,-37.8495],[-67.7911,-37.8491],[-67.7908,-37.849],[-67.7886,-37.8479],[-67.7854,-37.8458],[-67.7445,-37.7953],[-67.7445,-37.7952],[-67.7691,-37.732],[-67.7701,-37.7298],[-67.7683,-37.724],[-67.7669,-37.7233],[-67.7646,-37.7225],[-67.7637,-37.7218]],[[-68.1672,-38.7098],[-68.1675,-38.7108],[-68.1673,-38.712],[-68.1663,-38.7131],[-68.1666,-38.7116],[-68.1669,-38.7109],[-68.1672,-38.7098],[-68.1671,-38.7088],[-68.1595,-38.693],[-68.1544,-38.6826],[-68.1459,-38.6656],[-68.0389,-38.4331],[-68.0386,-38.4323],[-68.0074,-38.326],[-68.0071,-38.3252],[-68.0069,-38.3243],[-67.9782,-38.2158],[-67.9779,-38.2148],[-67.9609,-38.1897],[-67.9318,-38.1236],[-67.9084,-37.9824],[-67.864,-37.9045],[-67.8466,-37.8882],[-67.8451,-37.8869],[-67.8435,-37.8859]],[[-67.843,-37.8853],[-67.8421,-37.8843]],[[-67.8441,-37.8858],[-67.8451,-37.8869]],[[-68.1616,-38.7265],[-68.1622,-38.727],[-68.1599,-38.7275],[-68.1616,-38.7265],[-68.1621,-38.7258],[-68.1624,-38.7248],[-68.1625,-38.7238],[-68.1626,-38.7233],[-68.163,-38.7209],[-68.1634,-38.7198],[-68.164,-38.7183],[-68.1663,-38.7131]],[[-67.7628,-37.7216],[-67.7626,-37.7205],[-67.7634,-37.7215]],[[-67.7475,-37.6671],[-67.7477,-37.6669],[-67.7481,-37.6656],[-67.7481,-37.6653],[-67.7475,-37.6671],[-67.7617,-37.7167],[-67.762,-37.7178],[-67.7623,-37.7191],[-67.7626,-37.7205]],[[-68.0741,-38.8306],[-68.0743,-38.8303],[-68.0747,-38.8293],[-68.0756,-38.8275],[-68.0769,-38.8248],[-68.0769,-38.824],[-68.0773,-38.8241],[-68.0769,-38.8248]],[[-68.0737,-38.8324],[-68.0729,-38.8332],[-68.0732,-38.8323]],[[-68.0769,-38.824],[-68.0773,-38.8231],[-68.0777,-38.8233],[-68.0779,-38.8222],[-68.0773,-38.8231]],[[-68.0106,-38.9425],[-68.0111,-38.9421]],[[-68.1624,-38.7248],[-68.1627,-38.7258],[-68.1625,-38.7267],[-68.1622,-38.727]],[[-68.013,-38.9305],[-68.0133,-38.9253],[-68.0147,-38.9224],[-68.0171,-38.9181],[-68.0181,-38.9169],[-68.0184,-38.9159],[-68.0188,-38.9144],[-68.0192,-38.9136],[-68.0221,-38.9079],[-68.0243,-38.9034],[-68.0397,-38.8853],[-68.0434,-38.8811],[-68.0594,-38.863],[-68.0639,-38.8513],[-68.0654,-38.8487],[-68.0683,-38.8431],[-68.0686,-38.8423],[-68.0693,-38.8408],[-68.0694,-38.8406],[-68.0695,-38.8404],[-68.0696,-38.8402],[-68.0729,-38.8332]],[[-68.0777,-38.8233],[-68.0773,-38.8241]],[[-68.0779,-38.8222],[-68.0838,-38.7871],[-68.0847,-38.7842],[-68.0959,-38.7662],[-68.098,-38.7631],[-68.1011,-38.7587],[-68.1036,-38.755],[-68.1011,-38.7587]],[[-68.1621,-38.7258],[-68.1627,-38.7258]],[[-67.7481,-37.6653],[-67.7487,-37.6632],[-67.7496,-37.6604],[-67.7503,-37.6579],[-67.7516,-37.6538],[-67.758,-37.6298],[-67.693,-37.4394],[-67.6328,-37.3563],[-67.6296,-37.3515],[-67.6282,-37.3493],[-67.6213,-37.3392],[-67.6192,-37.3346],[-67.4667,-36.8994],[-67.3483,-36.7132],[-67.2828,-36.592],[-67.2373,-36.5494],[-67.235,-36.5482],[-67.2278,-36.5432],[-67.212,-36.5329],[-67.1485,-36.4104],[-67.1452,-36.409],[-67.1426,-36.4079],[-67.1416,-36.4075],[-67.1391,-36.4064],[-67.1383,-36.406],[-67.1358,-36.4049],[-67.086,-36.3832],[-67.0807,-36.3809]],[[-68.0147,-38.9224],[-68.016,-38.9195],[-68.0166,-38.9182],[-68.0172,-38.9167],[-68.0177,-38.9159],[-68.0186,-38.9146],[-68.0192,-38.9136]],[[-67.7646,-37.7225],[-67.7633,-37.7222]],[[-68.1036,-38.755],[-68.1043,-38.7539],[-68.1107,-38.7484],[-68.1419,-38.7285],[-68.1457,-38.7272],[-68.1488,-38.7271],[-68.1495,-38.7272],[-68.1576,-38.7276],[-68.1589,-38.7276],[-68.1599,-38.7275]],[[-68.0102,-38.9428],[-68.0105,-38.9425],[-68.011,-38.9428],[-68.0107,-38.9432],[-68.0102,-38.9428]],[[-68.0181,-38.9169],[-68.0172,-38.9167]],[[-68.0177,-38.9159],[-68.0184,-38.9159]],[[-68.1673,-38.712],[-68.1666,-38.7116]],[[-68.1669,-38.7109],[-68.1675,-38.7108]]]}},{"type":"Feature","properties":{"ref":"RN 152"},"geometry":{"type":"MultiLineString","coordinates":[[[-64.288,-37.3086],[-64.2893,-37.3113],[-64.2955,-37.3136],[-64.2893,-37.3154],[-64.2883,-37.318]],[[-64.5636,-37.3623],[-64.562,-37.3621],[-64.5612,-37.362],[-64.5605,-37.3619],[-64.559,-37.3616],[-64.5605,-37.3617],[-64.5612,-37.3619],[-64.562,-37.362],[-64.5624,-37.362],[-64.5636,-37.3623],[-64.5915,-37.3657],[-64.5974,-37.3664],[-64.5987,-37.3666],[-64.5993,-37.3668],[-64.5997,-37.3671],[-64.6003,-37.3672],[-64.6008,-37.367],[-64.6033,-37.3672],[-64.6053,-37.3675],[-64.6061,-37.3675],[-64.6072,-37.3676],[-64.6185,-37.3692],[-64.6254,-37.3716],[-64.6282,-37.3727],[-64.6468,-37.3802],[-64.7417,-37.4018],[-64.8537,-37.4176],[-64.9505,-37.432],[-64.9635,-37.434],[-64.9679,-37.4347],[-65.045,-37.4451],[-65.0597,-37.4456],[-65.0743,-37.4461],[-65.0805,-37.4483],[-65.3831,-37.7901],[-65.4083,-37.7985],[-65.4113,-37.8217],[-65.5847,-38.0168],[-65.7383,-38.1058],[-65.8142,-38.1447],[-65.9073,-38.1455],[-65.9077,-38.1454],[-66.0757,-38.1381],[-66.087,-38.1416],[-66.0885,-38.1422],[-67.1204,-38.1561],[-67.1436,-38.1555],[-67.1454,-38.1576],[-67.1458,-38.1583],[-67.1458,-38.1584],[-67.1459,-38.1587],[-67.1461,-38.1587],[-67.1466,-38.159],[-67.1464,-38.1586],[-67.1461,-38.1587]],[[-67.1466,-38.159],[-67.1468,-38.1593],[-67.1943,-38.2163],[-67.1945,-38.2165]],[[-67.1454,-38.1576],[-67.146,-38.1581],[-67.1463,-38.1582],[-67.1465,-38.1584],[-67.1464,-38.1586]],[[-64.2955,-37.3136],[-64.2993,-37.3144],[-64.5458,-37.3595],[-64.559,-37.3616]],[[-66.087,-38.1416],[-66.0886,-38.1422]],[[-64.5993,-37.3668],[-64.5999,-37.3669],[-64.6003,-37.3669],[-64.6008,-37.367]],[[-67.1458,-38.1583],[-67.146,-38.1581]],[[-64.6033,-37.3672],[-64.6046,-37.3673],[-64.6053,-37.3674],[-64.6072,-37.3676]],[[-64.5997,-37.3671],[-64.5999,-37.3669]],[[-64.6003,-37.3669],[-64.6003,-37.3672]]]}},{"type":"Feature","properties":{"ref":"RN 153"},"geometry":{"type":"MultiLineString","coordinates":[[[-68.4394,-31.9794],[-68.4395,-31.9794],[-68.4402,-31.9794],[-68.4434,-31.9793],[-68.4578,-31.979],[-68.4581,-31.979],[-68.5465,-31.9835],[-68.5477,-31.9833],[-68.5507,-31.9833],[-68.5515,-31.9839],[-68.6232,-31.9555],[-68.6264,-31.9564],[-68.6267,-31.9565],[-68.6522,-31.9546],[-68.6555,-31.95],[-68.6677,-31.9533],[-68.6951,-31.9863],[-68.6955,-31.9866],[-68.696,-31.9869],[-68.7222,-31.9908],[-68.7224,-31.9909],[-68.7447,-31.9911],[-68.7744,-32.0085],[-68.7748,-32.0084],[-68.7761,-32.0078],[-68.8616,-32.0519],[-68.8606,-32.0639],[-68.9483,-32.0948],[-68.9611,-32.1167],[-68.9808,-32.1254],[-68.9817,-32.1282],[-68.9846,-32.1341],[-68.9853,-32.1352],[-68.9936,-32.1345],[-68.9948,-32.1344],[-69.0034,-32.1364],[-69.0048,-32.1384],[-69.0082,-32.141],[-69.0097,-32.1413],[-69.0118,-32.1401],[-69.0146,-32.1416],[-69.0143,-32.1442],[-69.0132,-32.146],[-69.0495,-32.1693],[-69.0956,-32.1651],[-69.1183,-32.1934],[-69.1327,-32.2013],[-69.273,-32.1648],[-69.3598,-32.0804]]]}},{"type":"Feature","properties":{"ref":"RN 154"},"geometry":{"type":"MultiLineString","coordinates":[[[-64.0754,-38.97],[-64.0755,-38.9692],[-64.0748,-38.8033],[-64.0715,-38.4296],[-64.0719,-38.332],[-64.0712,-38.3055],[-64.0711,-38.2826],[-64.071,-38.2494],[-64.0703,-38.166],[-64.0703,-38.1589],[-64.0702,-38.1589],[-64.0702,-38.1536],[-64.0695,-38.0691],[-64.0691,-38.0242],[-64.0674,-37.8168],[-64.0281,-37.7544],[-64.0258,-37.7504]]]}},{"type":"Feature","properties":{"ref":"RN 157"},"geometry":{"type":"MultiLineString","coordinates":[[[-64.9204,-29.511],[-64.9214,-29.5098],[-65.0466,-29.2939],[-65.0501,-29.2833],[-65.0621,-29.2667],[-65.063,-29.2611],[-65.0635,-29.258],[-65.0798,-29.16],[-65.0805,-29.1503],[-65.0883,-29.1036],[-65.09,-29.0932],[-65.1059,-28.6667],[-65.1058,-28.6658],[-65.1099,-28.6439],[-65.1125,-28.6405],[-65.1162,-28.6358],[-65.1221,-28.6285],[-65.1228,-28.628]],[[-65.101,-28.191],[-65.1012,-28.1905],[-65.1605,-27.9698],[-65.1601,-27.9677],[-65.1607,-27.9536],[-65.1701,-27.9352],[-65.2381,-27.6689],[-65.2392,-27.6671],[-65.2404,-27.6657],[-65.241,-27.665],[-65.2444,-27.6575],[-65.2447,-27.6564],[-65.2462,-27.6339],[-65.2464,-27.6337],[-65.2469,-27.6331],[-65.2474,-27.6326],[-65.249,-27.6313],[-65.2685,-27.5595],[-65.2685,-27.5591],[-65.2667,-27.5217],[-65.2678,-27.5208],[-65.2713,-27.4329],[-65.2715,-27.4322],[-65.3016,-27.3997],[-65.3175,-27.3364],[-65.3174,-27.3357],[-65.3448,-27.2829],[-65.3449,-27.2827],[-65.3489,-27.2723],[-65.3499,-27.2629],[-65.3502,-27.2606],[-65.3502,-27.2599],[-65.3516,-27.2555],[-65.3534,-27.2492],[-65.3588,-27.1963],[-65.3589,-27.1958],[-65.3571,-27.1822],[-65.3569,-27.1792],[-65.3564,-27.1724],[-65.3564,-27.1722],[-65.3507,-27.141],[-65.3498,-27.1373],[-65.342,-27.1237],[-65.3416,-27.1231],[-65.3406,-27.1214]],[[-65.1012,-28.1905],[-65.1014,-28.191]],[[-65.1013,-28.1914],[-65.1011,-28.1919],[-65.101,-28.1914]],[[-65.3379,-27.1169],[-65.296,-27.0405],[-65.2946,-27.0358],[-65.2945,-27.0128],[-65.284,-26.9864],[-65.2743,-26.9633],[-65.2728,-26.9592],[-65.2726,-26.9585],[-65.2717,-26.9553],[-65.2713,-26.9536],[-65.2693,-26.9493],[-65.2691,-26.9491],[-65.2688,-26.9486],[-65.2637,-26.9404],[-65.2633,-26.9397],[-65.2319,-26.8987],[-65.2321,-26.8981],[-65.2321,-26.8975],[-65.2296,-26.8883],[-65.2294,-26.8872]],[[-65.123,-28.6269],[-65.1237,-28.6265],[-65.1235,-28.6271]],[[-65.1237,-28.6265],[-65.1261,-28.6193],[-65.1258,-28.6184],[-65.1177,-28.5904],[-65.1177,-28.5901],[-65.1148,-28.5762],[-65.1147,-28.5759],[-65.0909,-28.4094],[-65.091,-28.4082],[-65.0913,-28.4027],[-65.0981,-28.2773],[-65.1011,-28.1919]],[[-65.1221,-28.6285],[-65.1223,-28.6277]],[[-65.1625,-27.9568],[-65.1628,-27.9568]],[[-65.3502,-27.2599],[-65.3505,-27.258],[-65.3516,-27.2555]],[[-65.296,-27.0405],[-65.295,-27.0372],[-65.2946,-27.0358]],[[-65.3507,-27.141],[-65.3498,-27.1373]]]}},{"type":"Feature","properties":{"ref":"RN 158"},"geometry":{"type":"MultiLineString","coordinates":[[[-64.3233,-33.093],[-64.322,-33.0924],[-64.3232,-33.0932],[-64.3234,-33.093],[-64.3236,-33.0932],[-64.3234,-33.0934],[-64.3233,-33.0934],[-64.3232,-33.0932]],[[-63.3137,-32.4272],[-63.313,-32.4268],[-63.3111,-32.4254],[-63.3109,-32.4253],[-63.3097,-32.4245],[-63.3033,-32.4199],[-63.3025,-32.4194],[-63.3017,-32.4189],[-63.2947,-32.4141],[-63.2944,-32.4138],[-63.2943,-32.4138],[-63.2931,-32.4132],[-63.2917,-32.4129],[-63.2872,-32.412],[-63.2821,-32.4112],[-63.2781,-32.4109],[-63.2752,-32.4108],[-63.2735,-32.4107],[-63.2729,-32.4106],[-63.2717,-32.4106],[-63.2714,-32.4105],[-63.2643,-32.4101],[-63.2607,-32.4099],[-63.2597,-32.4098],[-63.2574,-32.4094],[-63.2566,-32.4091],[-63.2532,-32.407],[-63.2521,-32.4062],[-63.2512,-32.4057],[-63.2505,-32.4052],[-63.2457,-32.4021],[-63.2452,-32.4018],[-63.245,-32.4016],[-63.2449,-32.4015]],[[-63.2418,-32.3901],[-63.2412,-32.3886],[-63.2411,-32.3883],[-63.241,-32.3878],[-63.2423,-32.39],[-63.2419,-32.3903],[-63.2418,-32.3901]],[[-63.238,-32.3582],[-63.2377,-32.3584],[-63.2375,-32.359],[-63.2371,-32.3585],[-63.2359,-32.3574],[-63.236,-32.3571],[-63.237,-32.3569],[-63.238,-32.3576],[-63.2381,-32.3579],[-63.238,-32.3582]],[[-63.5675,-32.601],[-63.5685,-32.6017],[-63.5696,-32.6025],[-63.5707,-32.6033],[-63.5726,-32.6044],[-63.5708,-32.6032],[-63.5702,-32.6028],[-63.5697,-32.6025],[-63.5697,-32.6024],[-63.5693,-32.6022],[-63.5685,-32.6017],[-63.5675,-32.601],[-63.5658,-32.5998],[-63.5186,-32.5676],[-63.5185,-32.5675],[-63.4875,-32.5463],[-63.4861,-32.5453],[-63.4748,-32.5384],[-63.4737,-32.5377],[-63.4706,-32.5348],[-63.4694,-32.5339],[-63.468,-32.5329],[-63.4087,-32.4923],[-63.407,-32.4918],[-63.4057,-32.4911],[-63.3997,-32.487],[-63.3988,-32.4863],[-63.3973,-32.4846],[-63.3896,-32.4793],[-63.3893,-32.4791],[-63.3595,-32.4586],[-63.351,-32.4528],[-63.3492,-32.4516],[-63.3431,-32.4473],[-63.3387,-32.4443],[-63.3187,-32.4307],[-63.3179,-32.4301],[-63.3165,-32.4291],[-63.3156,-32.4285],[-63.3145,-32.4278],[-63.3138,-32.4277]],[[-63.2451,-32.4015],[-63.2458,-32.402],[-63.2462,-32.4023],[-63.2506,-32.4051],[-63.2513,-32.4056],[-63.2516,-32.4057],[-63.2534,-32.4068],[-63.2568,-32.409],[-63.2572,-32.4092],[-63.2574,-32.4094]],[[-63.2449,-32.4013],[-63.2436,-32.3961],[-63.2433,-32.3952],[-63.242,-32.3905],[-63.2421,-32.3905],[-63.2423,-32.3904],[-63.2434,-32.3951],[-63.2437,-32.3963],[-63.2451,-32.4012]],[[-63.2375,-32.359],[-63.2374,-32.3603],[-63.237,-32.3609],[-63.2366,-32.3615],[-63.2363,-32.362],[-63.2355,-32.3632],[-63.2352,-32.3638],[-63.2351,-32.3639],[-63.235,-32.3643],[-63.2347,-32.364],[-63.2345,-32.3636],[-63.235,-32.3634],[-63.2355,-32.3632]],[[-63.2359,-32.3577],[-63.2338,-32.3562],[-63.2331,-32.3555],[-63.2325,-32.3548],[-63.2321,-32.3541],[-63.2315,-32.3525],[-63.2333,-32.3308],[-63.2334,-32.3291],[-63.2334,-32.3276],[-63.2335,-32.3261],[-63.2334,-32.3241],[-63.2337,-32.3116],[-63.2338,-32.3071],[-63.234,-32.3013],[-63.2339,-32.2997],[-63.234,-32.2969],[-63.2286,-32.2872],[-63.228,-32.2866],[-63.2279,-32.2865],[-63.2275,-32.2859],[-63.1666,-32.2087],[-63.1643,-32.206],[-63.1633,-32.2049],[-63.1603,-32.201],[-63.1589,-32.1988],[-63.1571,-32.1964],[-63.1557,-32.1946],[-63.0604,-32.1206],[-63.0579,-32.1189],[-63.0529,-32.1153],[-63.0378,-32.1043],[-63.0335,-32.1017],[-63.0334,-32.1017],[-63.0279,-32.0977],[-63.0275,-32.0973],[-63.0335,-32.1016],[-63.0335,-32.1017]],[[-64.322,-33.0924],[-64.3206,-33.0924],[-64.3113,-33.0925],[-64.2889,-33.0898],[-64.2829,-33.0851],[-64.2454,-33.0599],[-64.2436,-33.0587],[-64.1888,-33.0219],[-64.1885,-33.0217],[-64.1763,-33.0134],[-64.1752,-33.0127],[-64.1742,-33.012],[-64.1661,-33.0073],[-64.1634,-33.0048],[-64.1618,-33.0037],[-64.1605,-33.0028],[-64.1634,-33.0048]],[[-63.577,-32.608],[-63.5781,-32.6086],[-63.5769,-32.6085]],[[-62.124,-31.425],[-62.1242,-31.4255],[-62.126,-31.4335],[-62.1301,-31.4519],[-62.1313,-31.4572],[-62.1323,-31.4611],[-62.1324,-31.4616],[-62.1325,-31.4618],[-62.1337,-31.4643],[-62.1341,-31.4648],[-62.1451,-31.4696],[-62.2216,-31.5449],[-62.2246,-31.5544],[-62.229,-31.5538],[-62.233,-31.5532],[-62.2366,-31.5546],[-62.2442,-31.5591],[-62.2464,-31.5606],[-62.2833,-31.5828],[-62.2836,-31.583],[-62.3624,-31.6313],[-62.3627,-31.6316],[-62.3672,-31.6343],[-62.3678,-31.6345],[-62.4745,-31.699],[-62.4751,-31.6993],[-62.4824,-31.7038],[-62.4899,-31.7083],[-62.4904,-31.7085],[-62.4912,-31.7088],[-62.6143,-31.7979],[-62.6223,-31.8038],[-62.6351,-31.8131],[-62.7079,-31.8673],[-62.7076,-31.8684],[-62.7077,-31.8689]],[[-62.7084,-31.869],[-62.7086,-31.8694],[-62.7111,-31.8712],[-62.7119,-31.8718],[-62.7135,-31.873],[-62.7156,-31.8745],[-62.7177,-31.876],[-62.7187,-31.8767],[-62.7197,-31.8774],[-62.7235,-31.8803],[-62.7236,-31.8803],[-62.7255,-31.8817],[-62.726,-31.8821],[-62.7279,-31.8833],[-62.7287,-31.8838],[-62.7297,-31.884],[-62.7298,-31.884],[-62.7288,-31.8838],[-62.7279,-31.8833]],[[-63.5781,-32.6086],[-63.5907,-32.6173],[-63.591,-32.6175],[-63.592,-32.6182],[-63.5928,-32.6186],[-63.5936,-32.6187],[-63.5964,-32.6206],[-63.6146,-32.633],[-63.6148,-32.6332],[-63.6966,-32.6889],[-63.7017,-32.6924],[-63.7084,-32.697],[-63.709,-32.6981],[-63.7095,-32.6984],[-63.7097,-32.6986],[-63.7105,-32.6991],[-63.711,-32.6995],[-63.7118,-32.7],[-63.7123,-32.7003],[-63.7133,-32.7011],[-63.7089,-32.6981],[-63.7087,-32.6979],[-63.7084,-32.697]],[[-63.777,-32.7447],[-63.7759,-32.744],[-63.775,-32.7429],[-63.7734,-32.7412],[-63.7746,-32.7422],[-63.7751,-32.7429],[-63.776,-32.7439],[-63.777,-32.7447],[-63.7844,-32.7498],[-63.7906,-32.7539],[-63.7946,-32.7567],[-63.7947,-32.7567],[-63.8001,-32.7604],[-63.8014,-32.7613],[-63.8022,-32.7619],[-63.8024,-32.762],[-63.8106,-32.7678],[-63.814,-32.769],[-63.8164,-32.7705],[-63.8179,-32.7715],[-63.8208,-32.7735],[-63.855,-32.7967],[-63.8553,-32.7969],[-63.8559,-32.7973],[-63.8571,-32.7982],[-63.8628,-32.802],[-63.8638,-32.8029],[-63.8644,-32.8037],[-63.8815,-32.8156],[-63.8872,-32.8186],[-63.8874,-32.8187],[-63.8875,-32.8188],[-63.8886,-32.82]],[[-63.8894,-32.8201],[-63.8911,-32.8212],[-64.0207,-32.9089],[-64.0208,-32.9091],[-64.0211,-32.9095],[-64.0296,-32.9149],[-64.0303,-32.9152],[-64.0305,-32.9153],[-64.0327,-32.9168],[-64.1572,-33.0006],[-64.1596,-33.0023],[-64.1604,-33.0028],[-64.1605,-33.0028],[-64.1572,-33.0006]],[[-62.1341,-31.4648],[-62.1334,-31.4641],[-62.1331,-31.4638],[-62.1324,-31.4619],[-62.1323,-31.4617],[-62.1322,-31.4611],[-62.1313,-31.4572]],[[-63.5726,-32.6044],[-63.5739,-32.6053],[-63.5753,-32.6065],[-63.5755,-32.6066],[-63.5756,-32.6068],[-63.5766,-32.6078]],[[-63.7133,-32.7011],[-63.7139,-32.7031],[-63.7143,-32.7042],[-63.715,-32.7048],[-63.7161,-32.7052]],[[-63.8875,-32.8188],[-63.889,-32.8198]],[[-63.8911,-32.8212],[-63.8892,-32.8205]],[[-63.3141,-32.4274],[-63.3145,-32.4277],[-63.3156,-32.4285]],[[-63.3133,-32.4274],[-63.313,-32.4269],[-63.3111,-32.4254]],[[-63.5762,-32.6081],[-63.5756,-32.6068]],[[-63.2406,-32.3863],[-63.2408,-32.387],[-63.2409,-32.3876],[-63.241,-32.3878],[-63.241,-32.3877],[-63.241,-32.3876],[-63.2409,-32.3873],[-63.2406,-32.3863],[-63.235,-32.3643]],[[-63.7166,-32.7056],[-63.718,-32.7054],[-63.7199,-32.7054],[-63.7211,-32.7057],[-63.769,-32.7383],[-63.7731,-32.7411],[-63.7734,-32.7412]],[[-63.2321,-32.3541],[-63.2353,-32.3567],[-63.2362,-32.3569]],[[-62.7298,-31.884],[-62.7344,-31.885],[-62.9108,-32.0129],[-62.919,-32.0189],[-62.9232,-32.0219],[-62.9278,-32.0248],[-62.9295,-32.026],[-63.02,-32.0913],[-63.0221,-32.0928],[-63.0275,-32.0973]],[[-62.7086,-31.8694],[-62.7081,-31.8692]],[[-62.7076,-31.8684],[-62.7079,-31.8687]],[[-63.3069,-32.4302],[-63.3084,-32.4237],[-63.3087,-32.4229],[-63.3093,-32.4186],[-63.3093,-32.4152],[-63.3078,-32.3881],[-63.2821,-32.3711],[-63.2813,-32.3706],[-63.2331,-32.3555]],[[-63.2334,-32.3556],[-63.2815,-32.3704],[-63.2823,-32.3709],[-63.3077,-32.3874],[-63.3096,-32.4152],[-63.3096,-32.4186],[-63.3089,-32.423],[-63.3086,-32.4239],[-63.3071,-32.43]],[[-63.3095,-32.4346],[-63.3074,-32.431]],[[-63.3077,-32.4309],[-63.3098,-32.4345]],[[-63.7166,-32.7053],[-63.718,-32.7054]],[[-63.716,-32.7055],[-63.715,-32.7048]],[[-63.2333,-32.3308],[-63.2333,-32.3299],[-63.2334,-32.3251],[-63.2334,-32.3241]],[[-62.1243,-31.425],[-62.1242,-31.4255]],[[-63.2423,-32.39],[-63.2423,-32.3904]],[[-63.242,-32.3905],[-63.2419,-32.3903]],[[-63.2351,-32.3639],[-63.2347,-32.364]],[[-63.235,-32.3634],[-63.2352,-32.3638]],[[-63.2377,-32.3584],[-63.2371,-32.3585]]]}},{"type":"Feature","properties":{"ref":"RN 168"},"geometry":{"type":"MultiLineString","coordinates":[[[-60.3908,-31.762],[-60.3968,-31.7607],[-60.4,-31.7558],[-60.4001,-31.7554],[-60.4052,-31.7478],[-60.4271,-31.7418],[-60.4277,-31.7417],[-60.4493,-31.7383],[-60.4859,-31.7307],[-60.4892,-31.7317],[-60.4914,-31.7302],[-60.4918,-31.73],[-60.4982,-31.727],[-60.5018,-31.7254],[-60.5035,-31.7235],[-60.5033,-31.7224],[-60.5033,-31.7221],[-60.5032,-31.7206],[-60.5032,-31.7205],[-60.5025,-31.7175],[-60.5022,-31.7167],[-60.5022,-31.7165],[-60.5019,-31.7156],[-60.5018,-31.7152],[-60.5017,-31.715],[-60.5015,-31.714],[-60.5018,-31.7126],[-60.5057,-31.6913],[-60.5061,-31.6896],[-60.5098,-31.6874],[-60.512,-31.6873],[-60.5121,-31.6873],[-60.5241,-31.6871],[-60.5254,-31.6869],[-60.5485,-31.684],[-60.5517,-31.6828],[-60.5768,-31.6738],[-60.5796,-31.671],[-60.5816,-31.6693],[-60.5827,-31.6686],[-60.5943,-31.661],[-60.5996,-31.6595],[-60.6051,-31.6585],[-60.6033,-31.6583],[-60.6034,-31.6582]],[[-60.7145,-31.6669],[-60.7126,-31.6664],[-60.7069,-31.659],[-60.7066,-31.6585],[-60.7051,-31.6533],[-60.7054,-31.652],[-60.7051,-31.6509],[-60.705,-31.6507],[-60.7045,-31.6497],[-60.7039,-31.6478],[-60.702,-31.647],[-60.7015,-31.6468],[-60.6966,-31.6459],[-60.6956,-31.6455],[-60.6944,-31.6453],[-60.6935,-31.6453],[-60.6892,-31.6445],[-60.6881,-31.6441],[-60.6874,-31.6435],[-60.6865,-31.6428],[-60.6851,-31.6418],[-60.6848,-31.641],[-60.6834,-31.6404],[-60.6831,-31.6405],[-60.6788,-31.6413],[-60.6778,-31.6415],[-60.6751,-31.6419],[-60.6657,-31.6407],[-60.665,-31.6406],[-60.6584,-31.6401],[-60.6548,-31.6399],[-60.6543,-31.6399],[-60.652,-31.6397],[-60.6384,-31.6399],[-60.6361,-31.6397],[-60.6352,-31.6397],[-60.6302,-31.6403]],[[-60.4859,-31.7307],[-60.4878,-31.7327],[-60.4881,-31.733],[-60.4852,-31.736]],[[-60.3934,-31.7637],[-60.3937,-31.7634],[-60.3968,-31.7607]],[[-60.5018,-31.7152],[-60.502,-31.7155],[-60.5024,-31.7165],[-60.5025,-31.7166],[-60.5027,-31.7175],[-60.5033,-31.7204],[-60.5033,-31.7206],[-60.5034,-31.7221],[-60.5034,-31.7224],[-60.5037,-31.7248],[-60.5037,-31.7251],[-60.4999,-31.7263],[-60.4918,-31.7301],[-60.4914,-31.7303],[-60.4893,-31.7318],[-60.4877,-31.7332],[-60.488,-31.7331],[-60.4877,-31.7328],[-60.486,-31.7309],[-60.4491,-31.7385],[-60.4278,-31.7418],[-60.4273,-31.7419],[-60.4064,-31.7475],[-60.4003,-31.7554],[-60.4001,-31.7558],[-60.3959,-31.7617],[-60.3939,-31.7635],[-60.3935,-31.7638]],[[-60.7303,-31.6682],[-60.7297,-31.669],[-60.7296,-31.6692],[-60.7179,-31.6694],[-60.7168,-31.6677],[-60.7151,-31.6671]],[[-60.6841,-31.6398],[-60.6849,-31.641],[-60.6854,-31.6419],[-60.6873,-31.6433],[-60.6875,-31.6434],[-60.6882,-31.644],[-60.6893,-31.6444],[-60.6909,-31.6447],[-60.6912,-31.6447],[-60.6935,-31.6452],[-60.6944,-31.6452],[-60.6945,-31.6452],[-60.6956,-31.6454],[-60.698,-31.6461],[-60.7015,-31.6467],[-60.7019,-31.6468],[-60.7032,-31.6471],[-60.704,-31.6477],[-60.7046,-31.6497],[-60.7053,-31.6509],[-60.7056,-31.652],[-60.7054,-31.6553],[-60.7067,-31.6584],[-60.707,-31.659],[-60.7089,-31.6645],[-60.7126,-31.6663],[-60.7149,-31.6659]],[[-60.7168,-31.6677],[-60.7157,-31.6668],[-60.7153,-31.6666],[-60.7147,-31.6665],[-60.7143,-31.6664],[-60.7126,-31.6664]],[[-60.7126,-31.6663],[-60.7143,-31.6663],[-60.7148,-31.6664],[-60.7153,-31.6665],[-60.7157,-31.6667],[-60.7167,-31.6674],[-60.7155,-31.6661]],[[-60.7167,-31.6674],[-60.718,-31.6693],[-60.7296,-31.6689],[-60.7296,-31.668]],[[-60.7298,-31.6677],[-60.7304,-31.667],[-60.7308,-31.6659],[-60.7317,-31.6639],[-60.7318,-31.6636],[-60.732,-31.6632],[-60.7321,-31.6629]],[[-60.7322,-31.6629],[-60.7321,-31.6632],[-60.7319,-31.6636],[-60.7318,-31.6638],[-60.7309,-31.6659],[-60.7306,-31.6669],[-60.7304,-31.6678]],[[-60.6578,-31.6394],[-60.6562,-31.6399],[-60.6548,-31.6398],[-60.6543,-31.6398],[-60.652,-31.6396],[-60.6385,-31.6398],[-60.6361,-31.6396],[-60.6343,-31.6395],[-60.6259,-31.6418],[-60.6265,-31.6383]],[[-60.6303,-31.6402],[-60.63,-31.6397]],[[-60.6562,-31.6399],[-60.6646,-31.6404],[-60.665,-31.6405],[-60.6658,-31.6406],[-60.6778,-31.6413],[-60.6787,-31.6412],[-60.6829,-31.6404]],[[-60.605,-31.6603],[-60.6085,-31.6574],[-60.5997,-31.6597],[-60.5944,-31.6612],[-60.5828,-31.6687],[-60.5818,-31.6694],[-60.5798,-31.6711],[-60.5769,-31.6739],[-60.5519,-31.6829],[-60.5486,-31.6842],[-60.5254,-31.6871],[-60.5241,-31.6872],[-60.5121,-31.6875],[-60.512,-31.6875],[-60.5098,-31.6874]],[[-60.6584,-31.64],[-60.6597,-31.6397]],[[-60.6619,-31.6402],[-60.6598,-31.6405]],[[-60.6293,-31.6408],[-60.6276,-31.6406]],[[-60.6051,-31.6585],[-60.6092,-31.6567],[-60.6094,-31.6565],[-60.6117,-31.6544],[-60.6184,-31.6484],[-60.6188,-31.648],[-60.6211,-31.646],[-60.6259,-31.6418]],[[-60.6352,-31.6397],[-60.6263,-31.6415],[-60.6189,-31.6481],[-60.6185,-31.6485],[-60.6095,-31.6566],[-60.6093,-31.6567],[-60.6085,-31.6574]],[[-60.6054,-31.6598],[-60.6032,-31.6589]],[[-60.6024,-31.6589],[-60.6032,-31.6584],[-60.6031,-31.6583]],[[-60.6602,-31.6398],[-60.6618,-31.6401]],[[-60.5571,-31.6811],[-60.557,-31.6812],[-60.557,-31.6808],[-60.5615,-31.6804]],[[-60.6054,-31.6601],[-60.6053,-31.66]],[[-60.7296,-31.6689],[-60.7298,-31.6682],[-60.7301,-31.6676],[-60.7304,-31.667]],[[-60.7306,-31.6669],[-60.7303,-31.6677],[-60.73,-31.6683],[-60.7297,-31.669]],[[-60.6594,-31.6403],[-60.6584,-31.6401]],[[-60.6289,-31.6396],[-60.6292,-31.6398]]]}},{"type":"Feature","properties":{"ref":"RN 173"},"geometry":{"type":"MultiLineString","coordinates":[[[-60.9277,-32.2381],[-60.9718,-32.2296],[-60.9727,-32.2294],[-60.9752,-32.229],[-60.9803,-32.2281]]]}},{"type":"Feature","properties":{"ref":"RN 174"},"geometry":{"type":"MultiLineString","coordinates":[[[-60.7005,-32.8729],[-60.6888,-32.8706],[-60.6825,-32.8698],[-60.6572,-32.8663],[-60.6561,-32.8661],[-60.6542,-32.8659],[-60.6535,-32.8658],[-60.6525,-32.8657],[-60.6512,-32.8655],[-60.6492,-32.8651],[-60.64,-32.8638],[-60.6345,-32.863],[-60.6179,-32.8587],[-60.6165,-32.858],[-60.615,-32.8573],[-60.6075,-32.8537],[-60.6015,-32.8508],[-60.5166,-32.8073],[-60.5162,-32.8072],[-60.5152,-32.8067],[-60.5144,-32.8063],[-60.5137,-32.806],[-60.5062,-32.8026],[-60.499,-32.7994],[-60.4695,-32.7861],[-60.4646,-32.7839],[-60.4471,-32.776],[-60.4466,-32.7757],[-60.4455,-32.7753],[-60.4446,-32.7748],[-60.444,-32.7746],[-60.4341,-32.7679],[-60.4286,-32.7629],[-60.396,-32.7428],[-60.3903,-32.7396],[-60.3567,-32.7219],[-60.3483,-32.7185],[-60.2999,-32.6933],[-60.2995,-32.693],[-60.2987,-32.6925],[-60.292,-32.6877],[-60.2827,-32.6813],[-60.2528,-32.6653],[-60.2481,-32.6629],[-60.2422,-32.6599],[-60.2418,-32.6597],[-60.2409,-32.6593],[-60.2401,-32.6588],[-60.2396,-32.6586],[-60.2347,-32.6561],[-60.2289,-32.6532],[-60.2072,-32.6385],[-60.2027,-32.6328],[-60.1944,-32.624],[-60.1906,-32.6206],[-60.1714,-32.6074],[-60.171,-32.6071],[-60.1705,-32.6067],[-60.1696,-32.6058],[-60.1695,-32.6054],[-60.1692,-32.6052],[-60.1688,-32.6051],[-60.1676,-32.6046],[-60.1684,-32.6055],[-60.1684,-32.6057],[-60.1689,-32.6061],[-60.1692,-32.6061],[-60.1705,-32.6067]],[[-60.154,-32.5948],[-60.1561,-32.5931],[-60.1576,-32.5936]],[[-60.1676,-32.6046],[-60.1608,-32.5968],[-60.1605,-32.5964],[-60.1592,-32.5946],[-60.1564,-32.594]],[[-60.161,-32.5925],[-60.1594,-32.595]],[[-60.1592,-32.5946],[-60.1583,-32.5935],[-60.1581,-32.5932],[-60.1561,-32.5931]],[[-60.6492,-32.8651],[-60.6497,-32.8652],[-60.6512,-32.8654],[-60.6525,-32.8656],[-60.6535,-32.8657],[-60.6572,-32.8662],[-60.6825,-32.8697],[-60.6888,-32.8705],[-60.7005,-32.8728]],[[-60.1684,-32.6055],[-60.1688,-32.6051]],[[-60.1696,-32.6058],[-60.1692,-32.6061]]]}},{"type":"Feature","properties":{"ref":"RN 175"},"geometry":{"type":"MultiLineString","coordinates":[[[-60.7279,-32.718],[-60.729,-32.7179],[-60.7301,-32.7177],[-60.7311,-32.7175],[-60.7323,-32.7173],[-60.7374,-32.7164],[-60.7384,-32.7163],[-60.7406,-32.7159],[-60.7418,-32.7157],[-60.7423,-32.7156],[-60.749,-32.7144],[-60.7525,-32.7138],[-60.7546,-32.7135],[-60.7558,-32.7133],[-60.7564,-32.7132],[-60.7567,-32.7134],[-60.7568,-32.7134]],[[-60.7563,-32.7139],[-60.7563,-32.7134],[-60.7558,-32.7133]],[[-60.7564,-32.7132],[-60.7573,-32.7127]],[[-60.7563,-32.7134],[-60.7567,-32.7134],[-60.7568,-32.7135]]]}},{"type":"Feature","properties":{"ref":"RN 177"},"geometry":{"type":"MultiLineString","coordinates":[[[-60.3802,-33.2858],[-60.38,-33.2856],[-60.3798,-33.2853],[-60.3779,-33.2835],[-60.3695,-33.2754],[-60.3669,-33.2729],[-60.3663,-33.2724],[-60.3639,-33.2701],[-60.3633,-33.2694],[-60.355,-33.2613],[-60.3527,-33.2591],[-60.3512,-33.2577],[-60.3461,-33.2527],[-60.3445,-33.2511],[-60.3383,-33.2452],[-60.3358,-33.2429],[-60.3356,-33.2427],[-60.3298,-33.2377],[-60.3273,-33.2359],[-60.3257,-33.2346],[-60.3241,-33.2334]]]}},{"type":"Feature","properties":{"ref":"RN 178"},"geometry":{"type":"MultiLineString","coordinates":[[[-61.585,-32.461],[-61.5853,-32.4623],[-61.5855,-32.4633],[-61.5904,-32.4818],[-61.5647,-32.492],[-61.5644,-32.4924],[-61.5641,-32.4928],[-61.5622,-32.497],[-61.5621,-32.4972],[-61.5488,-32.5728],[-61.5487,-32.5731],[-61.5469,-32.6068],[-61.5467,-32.6108],[-61.5292,-32.6654],[-61.529,-32.6656],[-61.5292,-32.6746],[-61.5232,-32.6878],[-61.5236,-32.691],[-61.5457,-32.7827],[-61.5463,-32.7838]],[[-61.3225,-33.2],[-61.3222,-33.2004],[-61.3212,-33.2018],[-61.2656,-33.2708],[-61.2653,-33.271],[-61.2204,-33.3052],[-61.2195,-33.3057],[-61.1757,-33.3685],[-61.1767,-33.3728],[-61.1891,-33.3797],[-61.1894,-33.3816],[-61.1886,-33.3827],[-61.1871,-33.3845],[-61.184,-33.3886],[-61.1288,-33.4593],[-61.1286,-33.4595],[-61.0885,-33.5109],[-61.0883,-33.5112],[-61.0743,-33.5293],[-61.074,-33.53],[-61.0741,-33.53],[-61.0741,-33.5304],[-61.0738,-33.5306],[-61.0729,-33.5311],[-61.0536,-33.5652],[-61.0533,-33.5656],[-61.04,-33.604],[-60.99,-33.6686],[-60.9883,-33.6709],[-60.9868,-33.6727],[-60.9882,-33.6709],[-60.99,-33.6686]],[[-60.9232,-33.7346],[-60.9228,-33.7355],[-60.9225,-33.7357],[-60.9221,-33.736],[-60.9209,-33.7369],[-60.902,-33.7487],[-60.8906,-33.7578],[-60.8901,-33.7582],[-60.8614,-33.7812],[-60.7999,-33.8189],[-60.799,-33.8192],[-60.6408,-33.8711],[-60.6404,-33.8712],[-60.6127,-33.8795],[-60.6091,-33.8808],[-60.602,-33.8831],[-60.601,-33.8834],[-60.5972,-33.8847],[-60.5966,-33.8849],[-60.5962,-33.885],[-60.5958,-33.8852],[-60.5953,-33.8853],[-60.5952,-33.8854],[-60.5945,-33.8856],[-60.5939,-33.8858],[-60.5936,-33.8859],[-60.593,-33.8861],[-60.5922,-33.8864],[-60.5913,-33.8867],[-60.5904,-33.887],[-60.5895,-33.8873],[-60.5886,-33.8876],[-60.5877,-33.8879],[-60.5869,-33.8882],[-60.5859,-33.8885],[-60.5849,-33.8888],[-60.5839,-33.8891],[-60.583,-33.8895],[-60.582,-33.8898],[-60.5811,-33.8901],[-60.5801,-33.8904],[-60.5788,-33.8908],[-60.5777,-33.8912],[-60.5776,-33.8913],[-60.5767,-33.8916],[-60.5756,-33.8919],[-60.5746,-33.8923],[-60.5741,-33.8924],[-60.5735,-33.8926],[-60.5724,-33.893],[-60.5712,-33.8934],[-60.5701,-33.8938],[-60.5693,-33.894],[-60.5683,-33.8944],[-60.567,-33.8948],[-60.5657,-33.8952],[-60.5647,-33.8956],[-60.5637,-33.8959],[-60.5628,-33.8962],[-60.5625,-33.8963],[-60.5621,-33.8964],[-60.5616,-33.8966],[-60.5606,-33.8969],[-60.56,-33.8971],[-60.559,-33.8974],[-60.5581,-33.8977],[-60.5571,-33.898],[-60.5562,-33.8984],[-60.5553,-33.8987],[-60.555,-33.8987],[-60.5542,-33.899]],[[-60.9868,-33.6727],[-60.9827,-33.6781],[-60.9826,-33.6782],[-60.9807,-33.6806],[-60.9806,-33.6807],[-60.9806,-33.6808],[-60.9265,-33.7326],[-60.9254,-33.7334],[-60.925,-33.7337],[-60.9248,-33.7339],[-60.9243,-33.7347]],[[-61.5459,-32.7847],[-61.5465,-32.7857],[-61.5476,-32.7904],[-61.5476,-32.7913],[-61.5483,-32.7958],[-61.5483,-32.7962],[-61.5491,-32.7989],[-61.5503,-32.8018],[-61.5536,-32.815],[-61.5543,-32.8182],[-61.5545,-32.8187],[-61.5549,-32.8202],[-61.5552,-32.8216],[-61.5548,-32.8569],[-61.4876,-32.9447],[-61.486,-32.9466],[-61.4853,-32.9475],[-61.4846,-32.9484],[-61.4846,-32.9485],[-61.4839,-32.9495],[-61.4414,-33.0058],[-61.4375,-33.0135],[-61.4371,-33.0144],[-61.4162,-33.0394],[-61.4152,-33.0407],[-61.4147,-33.0413],[-61.3965,-33.0649],[-61.3959,-33.0657],[-61.3901,-33.0731],[-61.3898,-33.0735],[-61.3618,-33.1088],[-61.3617,-33.109],[-61.3614,-33.1116],[-61.3628,-33.1124]],[[-61.5456,-32.784],[-61.5457,-32.7827]],[[-61.5465,-32.7845],[-61.5465,-32.7857]],[[-61.3617,-33.109],[-61.3615,-33.1092],[-61.36,-33.1113],[-61.3599,-33.1114],[-61.3592,-33.1122],[-61.3581,-33.1137],[-61.3419,-33.1333],[-61.3382,-33.1371],[-61.3274,-33.1511],[-61.3232,-33.1564],[-61.3231,-33.1566],[-61.314,-33.1683],[-61.3082,-33.1758],[-61.3073,-33.177],[-61.3065,-33.178],[-61.3059,-33.1788]],[[-61.3604,-33.1117],[-61.3613,-33.1116],[-61.3599,-33.1114],[-61.3592,-33.1123],[-61.3581,-33.1137],[-61.3592,-33.1122],[-61.3598,-33.1114],[-61.3589,-33.1109],[-61.3594,-33.1114]],[[-61.3573,-33.1108],[-61.3588,-33.1108],[-61.3625,-33.108]],[[-61.0729,-33.5311],[-61.0732,-33.5304],[-61.0732,-33.5303],[-61.0733,-33.5299],[-61.0735,-33.5298],[-61.0743,-33.5293]],[[-60.9238,-33.7342],[-60.9248,-33.7339]],[[-60.9237,-33.7351],[-60.9228,-33.7355]],[[-61.3229,-33.1996],[-61.3232,-33.1999],[-61.323,-33.2002],[-61.3225,-33.1997],[-61.3229,-33.1996]],[[-61.3227,-33.2002],[-61.3222,-33.2004]],[[-61.3589,-33.1109],[-61.3587,-33.1112],[-61.3587,-33.1113]],[[-61.3586,-33.1113],[-61.3586,-33.1112],[-61.3588,-33.1108]],[[-61.3611,-33.112],[-61.3611,-33.1119],[-61.3613,-33.1116]],[[-61.3614,-33.1116],[-61.3612,-33.112],[-61.3612,-33.1121]],[[-61.5469,-32.6068],[-61.5467,-32.6108]],[[-61.4876,-32.9447],[-61.4865,-32.9462],[-61.4862,-32.9466],[-61.4854,-32.9476],[-61.485,-32.9481],[-61.4842,-32.9491],[-61.4839,-32.9495]],[[-61.5853,-32.4623],[-61.5849,-32.461]],[[-61.0738,-33.5306],[-61.0732,-33.5304]],[[-61.0735,-33.5298],[-61.074,-33.53]]]}},{"type":"Feature","properties":{"ref":"RN 188"},"geometry":{"type":"MultiLineString","coordinates":[[[-60.7091,-34.191],[-60.7084,-34.1901],[-60.6425,-34.0944],[-60.6424,-34.0942],[-60.6402,-34.082],[-60.6331,-33.999],[-60.6032,-33.9427],[-60.5938,-33.9344],[-60.5902,-33.9313],[-60.5815,-33.9236],[-60.5728,-33.9168],[-60.5714,-33.916],[-60.57,-33.9152],[-60.5691,-33.9147],[-60.5688,-33.9145],[-60.5687,-33.9145],[-60.5684,-33.9143],[-60.5684,-33.9142],[-60.5678,-33.9135],[-60.5677,-33.9133],[-60.5675,-33.9132],[-60.5665,-33.9119],[-60.5664,-33.9117],[-60.566,-33.9113],[-60.5658,-33.911],[-60.5654,-33.9105],[-60.5651,-33.9101],[-60.5649,-33.9098],[-60.5644,-33.9092],[-60.5642,-33.909],[-60.5636,-33.9083],[-60.563,-33.9078],[-60.5628,-33.9075],[-60.5626,-33.9073],[-60.5617,-33.9065],[-60.5614,-33.9062],[-60.5608,-33.9057],[-60.5606,-33.9055],[-60.5599,-33.9048],[-60.5596,-33.9046],[-60.5588,-33.9039],[-60.5581,-33.9032],[-60.5574,-33.9025],[-60.5568,-33.9019],[-60.5561,-33.9012],[-60.5555,-33.9005],[-60.5549,-33.8998],[-60.5542,-33.899],[-60.5541,-33.8987],[-60.5541,-33.8986],[-60.554,-33.8981],[-60.5536,-33.8972],[-60.5528,-33.8965],[-60.5525,-33.8963],[-60.5519,-33.8958],[-60.5518,-33.8957],[-60.5513,-33.8952],[-60.5504,-33.8944],[-60.5489,-33.8931],[-60.5486,-33.8927],[-60.5472,-33.8915],[-60.547,-33.8913],[-60.5461,-33.8905],[-60.5454,-33.8898],[-60.5445,-33.8891],[-60.5427,-33.8874],[-60.54,-33.8849],[-60.5388,-33.8838],[-60.5367,-33.8819],[-60.5352,-33.8805],[-60.5314,-33.8772],[-60.531,-33.8768],[-60.5278,-33.8739],[-60.5258,-33.8721],[-60.524,-33.8704],[-60.5238,-33.8703],[-60.52,-33.8668],[-60.5163,-33.8634],[-60.5125,-33.86],[-60.512,-33.8596],[-60.5058,-33.8539],[-60.4889,-33.8341],[-60.4877,-33.8318],[-60.4872,-33.8311],[-60.4855,-33.8279],[-60.485,-33.8271],[-60.4795,-33.8178],[-60.4795,-33.8177],[-60.4605,-33.7833],[-60.4604,-33.7832],[-60.4469,-33.7605],[-60.4463,-33.7595],[-60.4459,-33.7586],[-60.4437,-33.7563],[-60.4405,-33.7505],[-60.4394,-33.748],[-60.4394,-33.747],[-60.4012,-33.6786],[-60.4006,-33.6777],[-60.4008,-33.6766],[-60.3982,-33.671],[-60.3966,-33.6685],[-60.3817,-33.6413],[-60.3816,-33.6411],[-60.3684,-33.6172],[-60.3683,-33.6171],[-60.3628,-33.6075],[-60.3602,-33.6026],[-60.3602,-33.6025],[-60.3585,-33.5993],[-60.3552,-33.5933],[-60.3536,-33.5906],[-60.3531,-33.5897],[-60.3191,-33.5279],[-60.3187,-33.5272],[-60.3181,-33.5261],[-60.3151,-33.5208],[-60.3133,-33.5176],[-60.2953,-33.4852],[-60.2934,-33.4817],[-60.2918,-33.4772],[-60.2918,-33.4765],[-60.2908,-33.4746],[-60.2894,-33.4722],[-60.2885,-33.4706],[-60.286,-33.4682],[-60.2839,-33.4644],[-60.2716,-33.4424],[-60.2481,-33.4165],[-60.2455,-33.4136],[-60.2398,-33.4075],[-60.235,-33.4024],[-60.2291,-33.3967],[-60.2285,-33.3962],[-60.2241,-33.3922],[-60.2235,-33.3915],[-60.2214,-33.3896],[-60.2205,-33.3888],[-60.2186,-33.387],[-60.2172,-33.3857],[-60.216,-33.3846],[-60.2144,-33.3831],[-60.2129,-33.3817],[-60.2081,-33.3772],[-60.2067,-33.3759],[-60.2059,-33.3752],[-60.2002,-33.3699],[-60.1991,-33.3689],[-60.1981,-33.368],[-60.1955,-33.3658],[-60.1954,-33.3657],[-60.1933,-33.3636],[-60.1903,-33.3606],[-60.1892,-33.3596],[-60.1898,-33.3594],[-60.1903,-33.3606]],[[-60.9911,-34.5833],[-60.9927,-34.5837],[-60.9965,-34.5869],[-60.9993,-34.5894],[-60.9997,-34.5897],[-61.0002,-34.5901],[-61.0013,-34.5911],[-61.0023,-34.592],[-61.0031,-34.5927],[-61.0047,-34.5942],[-61.0052,-34.5946],[-61.0065,-34.5958],[-61.0073,-34.5964],[-61.0674,-34.645],[-61.0699,-34.6471],[-61.0701,-34.6472],[-61.0708,-34.6479],[-61.071,-34.6481],[-61.0717,-34.6486],[-61.0718,-34.6487],[-61.0743,-34.6508],[-61.2303,-34.7781],[-61.4957,-34.8406],[-61.498,-34.8415]],[[-60.9917,-34.5828],[-60.9927,-34.5837]],[[-60.9904,-34.5827],[-60.9894,-34.582],[-60.9909,-34.5822]],[[-61.4989,-34.841],[-61.5006,-34.8417],[-61.6091,-34.8344],[-61.6283,-34.8317],[-61.6563,-34.8277],[-61.9046,-34.7942],[-62.2082,-34.8052],[-62.3876,-34.8474],[-62.4475,-34.8615],[-62.4595,-34.8643],[-62.4627,-34.8649],[-62.4664,-34.8659],[-62.4999,-34.8738],[-62.502,-34.8743],[-62.5043,-34.8748],[-62.6793,-34.9158],[-62.6955,-34.9196],[-62.8583,-34.9692],[-62.8816,-34.9768],[-62.8985,-34.9823],[-62.9262,-34.9914],[-62.9863,-35.0347],[-62.9874,-35.0356],[-62.9875,-35.0356],[-62.9886,-35.0366],[-62.9874,-35.0357],[-62.9873,-35.0356],[-62.9863,-35.0347]],[[-61.4957,-34.8406],[-61.4978,-34.8409]],[[-61.5006,-34.8417],[-61.4991,-34.8415]],[[-67.8637,-34.9534],[-67.8638,-34.9903],[-67.8639,-35.0088],[-67.9199,-35.0533],[-68.0069,-35.1368],[-68.2351,-35.2918],[-68.2705,-35.2973],[-68.3213,-35.3356],[-68.3442,-35.3314],[-68.5026,-35.3115],[-68.5919,-35.3264],[-68.7336,-35.391],[-68.8986,-35.3976],[-68.9675,-35.4305],[-69.0297,-35.4278],[-69.0538,-35.3998],[-69.1821,-35.4013],[-69.19,-35.4244],[-69.2284,-35.4251],[-69.3115,-35.467],[-69.4359,-35.4721],[-69.4361,-35.472],[-69.4426,-35.4711],[-69.4427,-35.4712],[-69.5554,-35.4728],[-69.5598,-35.4756],[-69.5622,-35.4738],[-69.5663,-35.474],[-69.5852,-35.4745],[-69.5854,-35.4745],[-69.5881,-35.4746],[-69.5921,-35.4747]],[[-67.6892,-34.9782],[-67.6804,-34.9782],[-67.6704,-34.9782],[-67.6701,-34.9781],[-67.6691,-34.9779],[-67.6804,-34.978],[-67.6892,-34.9779]],[[-65.9368,-35.1487],[-65.9392,-35.1486],[-66.4957,-35.1687],[-66.4965,-35.1687],[-66.4988,-35.1686],[-66.5004,-35.1686],[-66.5722,-35.1671],[-66.8402,-35.1049],[-67.1248,-35.0382],[-67.3137,-34.9936],[-67.4578,-34.978],[-67.4579,-34.978],[-67.5401,-34.9781],[-67.6258,-34.978],[-67.6259,-34.978],[-67.6691,-34.9779]],[[-60.2172,-33.3857],[-60.2177,-33.3861],[-60.2218,-33.3897],[-60.2241,-33.3922]],[[-69.5854,-35.4746],[-69.5852,-35.4746],[-69.5663,-35.474]],[[-60.1756,-33.3516],[-60.1803,-33.3544],[-60.1872,-33.3608]],[[-60.9706,-34.5739],[-60.971,-34.5742],[-60.9724,-34.5748],[-60.9736,-34.5753],[-60.9757,-34.5762],[-60.9811,-34.5784],[-60.9829,-34.5792],[-60.9894,-34.582]],[[-65.9359,-35.1487],[-65.9351,-35.1485],[-65.9359,-35.1483]],[[-65.9368,-35.1484],[-65.9392,-35.1486]],[[-62.9886,-35.0366],[-62.9901,-35.0378],[-62.9902,-35.0379],[-62.9904,-35.038],[-62.9931,-35.0402],[-63.0128,-35.0564],[-63.0153,-35.0584],[-63.0212,-35.0605],[-63.1147,-35.0638],[-63.1191,-35.0635],[-63.1368,-35.061],[-63.265,-35.0427],[-63.2714,-35.0417],[-63.3687,-35.0274],[-63.3857,-35.0249],[-63.3859,-35.0249],[-63.3895,-35.0247],[-63.3946,-35.0252],[-63.3995,-35.0257],[-63.4039,-35.0261],[-63.4077,-35.0265],[-63.418,-35.0275],[-63.4207,-35.0278],[-63.4236,-35.0281],[-63.4276,-35.0285],[-63.4294,-35.0286],[-63.4314,-35.0288],[-63.4421,-35.0299],[-63.4431,-35.03],[-63.4716,-35.0335],[-63.4794,-35.0345],[-63.5291,-35.0409],[-63.5546,-35.0414],[-63.5605,-35.0415],[-63.5797,-35.0418],[-63.5816,-35.0418],[-63.5827,-35.0419],[-63.5835,-35.0419],[-63.587,-35.0419],[-63.5921,-35.042],[-63.6038,-35.0422],[-63.6073,-35.0423],[-63.6084,-35.0423],[-63.6095,-35.0423],[-63.6104,-35.0424],[-63.6113,-35.0424],[-63.6151,-35.0425],[-63.6183,-35.0425],[-63.672,-35.044],[-63.6829,-35.0445],[-63.6855,-35.0445],[-63.6882,-35.0445],[-63.6908,-35.0445],[-63.6934,-35.0445],[-63.696,-35.0445],[-63.6984,-35.0445],[-63.7073,-35.0445],[-63.7153,-35.0445],[-63.8804,-35.0464],[-63.9043,-35.0463],[-63.9085,-35.0463],[-63.9116,-35.0463],[-63.9147,-35.0463],[-63.9154,-35.0463],[-63.9178,-35.0463],[-63.9326,-35.0463],[-63.934,-35.0463],[-63.9349,-35.0463],[-63.9354,-35.0463],[-63.9365,-35.0464],[-63.9372,-35.0464],[-63.9387,-35.0464],[-63.9401,-35.0465],[-64.0406,-35.05],[-64.0421,-35.05],[-64.0435,-35.0501],[-64.0444,-35.0501],[-64.0451,-35.0501],[-64.0466,-35.0502],[-64.0481,-35.0502],[-64.1397,-35.0542],[-64.148,-35.0542],[-64.2083,-35.054],[-64.2102,-35.054],[-64.2121,-35.054],[-64.214,-35.054],[-64.2152,-35.0541],[-64.2156,-35.0541],[-64.2163,-35.0542],[-64.217,-35.0542],[-64.2177,-35.0541],[-64.2188,-35.0541],[-64.2192,-35.0541],[-64.2436,-35.0539],[-64.2445,-35.0539],[-64.2455,-35.0539],[-64.2532,-35.0538],[-64.2541,-35.0538],[-64.2625,-35.0538],[-64.2635,-35.0538],[-64.2643,-35.0536]],[[-60.9702,-34.5738],[-60.9701,-34.5739],[-60.9698,-34.5737],[-60.9702,-34.5738],[-60.9706,-34.5738],[-60.9702,-34.5741],[-60.9701,-34.5739]],[[-61.0073,-34.5964],[-61.0064,-34.5958],[-61.0051,-34.5947],[-61.0029,-34.5928],[-61.0026,-34.5924],[-61.0022,-34.5921],[-61.0012,-34.5912],[-61.0002,-34.5901]],[[-60.71,-34.1912],[-60.7106,-34.1924],[-60.7251,-34.2157],[-60.725,-34.2164],[-60.7248,-34.2174],[-60.7248,-34.2175],[-60.746,-34.3164],[-60.7464,-34.318],[-60.7801,-34.42],[-60.8753,-34.5084],[-60.8792,-34.515],[-60.8943,-34.526],[-60.9212,-34.5481],[-60.9294,-34.5548],[-60.9308,-34.5559],[-60.931,-34.556],[-60.9312,-34.5561],[-60.9314,-34.5564],[-60.9318,-34.5568],[-60.9334,-34.5581],[-60.9349,-34.5592],[-60.9383,-34.5608],[-60.9436,-34.563],[-60.9458,-34.5638],[-60.9466,-34.5642],[-60.9482,-34.5649],[-60.9486,-34.5651]],[[-65.2529,-35.1029],[-65.2544,-35.1034],[-65.2549,-35.1034],[-65.2556,-35.1035],[-65.2571,-35.1036],[-65.3934,-35.1178],[-65.3953,-35.118],[-65.3954,-35.118],[-65.3973,-35.1183],[-65.396,-35.1181],[-65.3953,-35.1181],[-65.3952,-35.118],[-65.3946,-35.118],[-65.3934,-35.1178]],[[-64.2649,-35.0536],[-64.2657,-35.0538],[-64.2666,-35.0538],[-64.2678,-35.0538],[-64.271,-35.0534],[-64.3876,-35.0552],[-64.3885,-35.0553],[-64.4799,-35.0656],[-64.4809,-35.0656],[-64.481,-35.0656],[-64.4821,-35.0656],[-64.681,-35.0828],[-64.685,-35.0831],[-64.9214,-35.0867],[-64.9237,-35.0868],[-65.2481,-35.1027],[-65.2492,-35.1028],[-65.2499,-35.1029],[-65.2504,-35.1029],[-65.2519,-35.1034]],[[-65.2504,-35.1029],[-65.252,-35.1029]],[[-65.2544,-35.1034],[-65.2528,-35.1034]],[[-64.2657,-35.0538],[-64.2649,-35.054]],[[-64.2643,-35.054],[-64.2635,-35.0538]],[[-60.991,-34.5822],[-60.9916,-34.5826],[-60.991,-34.5833],[-60.9904,-34.5829],[-60.991,-34.5822]],[[-60.9489,-34.5653],[-60.9494,-34.5654],[-60.95,-34.5656],[-60.9511,-34.566],[-60.9532,-34.5669],[-60.9554,-34.5678],[-60.9555,-34.5678],[-60.9575,-34.5687],[-60.9597,-34.5696],[-60.9617,-34.5704],[-60.9624,-34.5707],[-60.9652,-34.5718],[-60.9659,-34.5721],[-60.9661,-34.5722],[-60.9664,-34.5724],[-60.9682,-34.5731],[-60.9683,-34.5731],[-60.9698,-34.5737]],[[-60.9482,-34.5649],[-60.9486,-34.565]],[[-60.9308,-34.5561],[-60.9308,-34.5559]],[[-60.9314,-34.5564],[-60.9311,-34.5563]],[[-60.7084,-34.1901],[-60.7096,-34.1907]],[[-60.7106,-34.1924],[-60.7095,-34.1915]],[[-60.949,-34.5651],[-60.9494,-34.5654]],[[-60.971,-34.5742],[-60.9705,-34.5741]],[[-65.5711,-35.1324],[-65.5671,-35.1323],[-65.5711,-35.1324],[-65.604,-35.1348],[-65.6049,-35.1349],[-65.6057,-35.135],[-65.9351,-35.1485]],[[-60.931,-34.556],[-60.9312,-34.5561]],[[-65.3973,-35.1183],[-65.5671,-35.1323]],[[-60.1871,-33.3609],[-60.1801,-33.3545]],[[-64.681,-35.0828],[-64.6819,-35.0829],[-64.6839,-35.083],[-64.685,-35.0831]],[[-62.4664,-34.8659],[-62.4626,-34.8651],[-62.4595,-34.8643]],[[-66.4988,-35.1686],[-66.4995,-35.1684],[-66.4997,-35.1684],[-66.5004,-35.1686]],[[-62.5043,-34.8748],[-62.502,-34.8743],[-62.4999,-34.8738]],[[-60.1892,-33.3596],[-60.1891,-33.3595],[-60.1889,-33.3594],[-60.1889,-33.3593],[-60.1895,-33.3588],[-60.1899,-33.3592],[-60.1898,-33.3594]]]}},{"type":"Feature","properties":{"ref":"RN 193"},"geometry":{"type":"MultiLineString","coordinates":[[[-59.3233,-34.3019],[-59.3231,-34.3015],[-59.3223,-34.3004],[-59.3216,-34.2995],[-59.3197,-34.2973],[-59.3216,-34.2992],[-59.3224,-34.3004],[-59.3233,-34.3015],[-59.3235,-34.3019]],[[-59.3197,-34.2973],[-59.3194,-34.297],[-59.317,-34.295],[-59.3165,-34.2946],[-59.3123,-34.2911],[-59.2276,-34.2451],[-59.2241,-34.2431],[-59.2237,-34.2429],[-59.2204,-34.2406],[-59.1861,-34.2176],[-59.186,-34.2175],[-59.1089,-34.1518],[-59.1083,-34.1518],[-59.0753,-34.1451],[-59.0742,-34.1448],[-59.0732,-34.1446],[-59.0633,-34.1421],[-59.0606,-34.1415],[-59.0553,-34.1401],[-59.0526,-34.1388]],[[-59.0527,-34.1387],[-59.0531,-34.1389],[-59.0553,-34.14],[-59.0559,-34.1401],[-59.0578,-34.1407],[-59.0602,-34.1413],[-59.0607,-34.1414],[-59.0633,-34.1421]]]}},{"type":"Feature","properties":{"ref":"RN 205"},"geometry":{"type":"MultiLineString","coordinates":[[[-61.0642,-36.1422],[-61.0637,-36.1431],[-61.063,-36.1417],[-61.0642,-36.1422],[-61.0644,-36.1421],[-61.0655,-36.1423],[-61.0659,-36.1427],[-61.0656,-36.1439],[-61.0637,-36.1431]],[[-59.8399,-35.6509],[-59.8412,-35.6513],[-59.8621,-35.6704],[-60.0123,-35.7183],[-60.1204,-35.791],[-60.1206,-35.7914],[-60.1868,-35.8552],[-60.2788,-35.9059],[-60.2809,-35.9077],[-60.4068,-35.9601],[-60.407,-35.9602],[-60.4334,-35.98],[-60.4336,-35.9801],[-60.462,-36.0018],[-60.5482,-36.0179],[-60.5485,-36.0178],[-60.5516,-36.0168],[-60.5537,-36.0161],[-60.5575,-36.0148],[-60.5577,-36.0148],[-60.5792,-36.0077],[-60.5794,-36.0076],[-60.5847,-36.0059],[-60.5849,-36.0059],[-60.5857,-36.0056],[-60.5859,-36.0055],[-60.9558,-36.1104],[-61.0014,-36.1111],[-61.061,-36.1397],[-61.0623,-36.1408],[-61.063,-36.1417]],[[-58.7658,-35.0441],[-58.7682,-35.0456],[-58.7678,-35.0459],[-58.7658,-35.0441],[-58.7641,-35.0427],[-58.7608,-35.0398],[-58.7603,-35.0395],[-58.7461,-35.0273],[-58.7449,-35.0267],[-58.7447,-35.0267],[-58.744,-35.0258],[-58.7441,-35.0257],[-58.744,-35.0247],[-58.7436,-35.0239],[-58.7425,-35.0219],[-58.7423,-35.0215],[-58.7406,-35.0183],[-58.7152,-34.998],[-58.7146,-34.9977],[-58.712,-34.9936],[-58.7116,-34.993],[-58.6325,-34.9156],[-58.632,-34.9151],[-58.5775,-34.8686],[-58.5772,-34.8683],[-58.5538,-34.8553],[-58.5528,-34.8548],[-58.5519,-34.8543],[-58.5513,-34.854],[-58.5502,-34.8535],[-58.5496,-34.8532],[-58.5438,-34.8501],[-58.5433,-34.8498],[-58.512,-34.8339],[-58.5085,-34.8299],[-58.5085,-34.8297],[-58.5083,-34.8283],[-58.5086,-34.8256],[-58.5086,-34.8254],[-58.5094,-34.8208],[-58.5116,-34.8096],[-58.5143,-34.7977],[-58.5191,-34.7885],[-58.5202,-34.787],[-58.5216,-34.7852]],[[-58.5219,-34.7851],[-58.5096,-34.8208],[-58.5088,-34.8254],[-58.5088,-34.8256],[-58.5088,-34.83],[-58.5097,-34.8317],[-58.5121,-34.8337],[-58.5435,-34.8497],[-58.5439,-34.8499],[-58.5478,-34.8521],[-58.5497,-34.853],[-58.5498,-34.8531],[-58.5512,-34.8537],[-58.5517,-34.854],[-58.5519,-34.8541],[-58.5537,-34.855],[-58.5773,-34.8683],[-58.5776,-34.8685],[-58.6321,-34.915],[-58.6326,-34.9155],[-58.7144,-34.9965],[-58.7405,-35.0176],[-58.7424,-35.0213],[-58.7427,-35.0218],[-58.744,-35.0244],[-58.7448,-35.0253],[-58.7449,-35.0254],[-58.7454,-35.0261],[-58.7454,-35.0262],[-58.7461,-35.0273]],[[-59.0622,-35.1762],[-59.0629,-35.1768],[-59.0651,-35.179],[-59.0634,-35.1774],[-59.0622,-35.1762],[-59.0615,-35.1755],[-58.9899,-35.1143],[-58.9896,-35.1142],[-58.9249,-35.0952],[-58.8639,-35.0755],[-58.8617,-35.0748],[-58.7955,-35.0578],[-58.7894,-35.0563],[-58.7826,-35.0545],[-58.7824,-35.0545],[-58.7738,-35.051],[-58.7726,-35.05],[-58.7715,-35.0491],[-58.7713,-35.0483],[-58.7738,-35.051]],[[-59.0651,-35.179],[-59.0656,-35.1795],[-59.0871,-35.2008],[-59.0919,-35.2046],[-59.0928,-35.2051],[-59.0944,-35.2056],[-59.0984,-35.2063],[-59.0994,-35.2064],[-59.1083,-35.2075],[-59.1124,-35.2081],[-59.1128,-35.2081],[-59.1268,-35.2103],[-59.1272,-35.2104],[-59.1415,-35.2225],[-59.1423,-35.2232],[-59.1738,-35.2494],[-59.1776,-35.2516],[-59.3267,-35.3532],[-59.3303,-35.3565],[-59.3315,-35.3576],[-59.3342,-35.36],[-59.3554,-35.3699],[-59.3572,-35.3711],[-59.3574,-35.3708],[-59.3554,-35.3699]],[[-59.1083,-35.2075],[-59.0994,-35.2065],[-59.0983,-35.2064],[-59.0962,-35.2061],[-59.0958,-35.2061],[-59.0928,-35.2052],[-59.0918,-35.2047],[-59.0871,-35.2008]],[[-59.7783,-35.6253],[-59.7785,-35.6259],[-59.7779,-35.6257]],[[-59.3579,-35.371],[-59.3596,-35.3719],[-59.4072,-35.3974],[-59.4087,-35.3984],[-59.4114,-35.4003],[-59.4094,-35.399],[-59.4072,-35.3974]],[[-59.4114,-35.4003],[-59.4809,-35.413],[-59.575,-35.4597],[-59.5757,-35.46],[-59.6738,-35.5188],[-59.6759,-35.5207],[-59.7773,-35.6248],[-59.7779,-35.625]],[[-59.1738,-35.2494],[-59.1776,-35.2516]],[[-58.7681,-35.0463],[-58.7678,-35.0459],[-58.7713,-35.0489],[-58.7715,-35.0491]],[[-59.7977,-35.6377],[-59.7963,-35.6377],[-59.7927,-35.6368],[-59.7913,-35.6365],[-59.7914,-35.6362],[-59.7909,-35.6364],[-59.7899,-35.6356],[-59.7873,-35.6337],[-59.7866,-35.6329]],[[-59.7988,-35.6379],[-59.8002,-35.6384],[-59.8298,-35.6434],[-59.8302,-35.6435],[-59.8376,-35.6485],[-59.8382,-35.6496]],[[-59.786,-35.6329],[-59.7854,-35.6321],[-59.7863,-35.6326],[-59.7861,-35.633],[-59.7862,-35.6331],[-59.7863,-35.6331],[-59.7873,-35.6337]],[[-59.7818,-35.6291],[-59.7811,-35.6282],[-59.7822,-35.6289]],[[-59.8376,-35.6485],[-59.839,-35.649]],[[-59.8002,-35.6384],[-59.7987,-35.6383]],[[-59.7821,-35.6294],[-59.7831,-35.63],[-59.7833,-35.6302],[-59.784,-35.6308],[-59.7844,-35.6312],[-59.7851,-35.6318],[-59.7854,-35.6321]],[[-59.7775,-35.6252],[-59.7773,-35.6248]],[[-59.7915,-35.6362],[-59.7927,-35.6368]],[[-59.8407,-35.6503],[-59.8412,-35.6513]],[[-59.3574,-35.3708],[-59.3575,-35.3708],[-59.3576,-35.3714],[-59.3596,-35.3719]],[[-58.7682,-35.0456],[-58.7697,-35.0469],[-58.7713,-35.0483]],[[-58.7454,-35.0262],[-58.7449,-35.0267]],[[-59.7811,-35.6282],[-59.7806,-35.6278],[-59.7805,-35.6277],[-59.7797,-35.6269],[-59.7795,-35.6267],[-59.7785,-35.6259]],[[-58.7441,-35.0257],[-58.7448,-35.0253]],[[-59.3576,-35.3714],[-59.3572,-35.3712],[-59.3572,-35.3711]],[[-59.7824,-35.6292],[-59.7831,-35.63]],[[-59.7863,-35.6326],[-59.7864,-35.6327],[-59.7865,-35.6327],[-59.7865,-35.6328],[-59.7863,-35.6331]],[[-59.7899,-35.6356],[-59.7911,-35.6361]],[[-59.7977,-35.6381],[-59.7963,-35.6377]],[[-59.7913,-35.6365],[-59.7911,-35.6365],[-59.791,-35.6364],[-59.7909,-35.6364]]]}},{"type":"Feature","properties":{"ref":"RN 226"},"geometry":{"type":"MultiLineString","coordinates":[[[-57.5827,-37.9799],[-57.5836,-37.9797],[-57.5864,-37.9783],[-57.5904,-37.9762],[-57.5944,-37.9742],[-57.5945,-37.9742],[-57.6025,-37.9701],[-57.6187,-37.9619],[-57.6286,-37.9569],[-57.6346,-37.9531],[-57.6366,-37.9519],[-57.6374,-37.9525],[-57.6391,-37.9508],[-57.6534,-37.9407],[-57.6536,-37.9406],[-57.6815,-37.9286],[-57.6821,-37.9285],[-57.6833,-37.9283],[-57.7429,-37.9153],[-57.7447,-37.9145],[-57.7469,-37.9134],[-57.771,-37.9068],[-57.7984,-37.8962],[-57.7986,-37.8961],[-57.8308,-37.8874],[-57.8311,-37.8871],[-57.8318,-37.8865],[-57.8605,-37.8804],[-57.8606,-37.8805],[-57.8768,-37.8837],[-57.877,-37.8837],[-57.9021,-37.8849],[-57.9021,-37.8848],[-57.9022,-37.8848],[-57.9023,-37.8848],[-57.904,-37.8844],[-57.9049,-37.8842],[-57.907,-37.8838],[-57.9088,-37.8834],[-57.909,-37.8834],[-57.9128,-37.8825],[-57.913,-37.8825],[-57.9424,-37.8677],[-57.9442,-37.8664],[-57.9506,-37.8613],[-57.9507,-37.8613],[-57.9675,-37.8572],[-57.968,-37.8571],[-57.9693,-37.8571],[-57.9715,-37.8569],[-57.9777,-37.8566],[-57.9821,-37.8563],[-57.9829,-37.8563],[-57.9851,-37.8561],[-58.0394,-37.8672],[-58.0396,-37.8672],[-58.0714,-37.8801],[-58.0742,-37.8813],[-58.0761,-37.8822],[-58.1089,-37.8877],[-58.1091,-37.8877],[-58.1205,-37.886],[-58.1222,-37.8854],[-58.1241,-37.8845],[-58.1247,-37.8842],[-58.125,-37.884],[-58.1366,-37.8758],[-58.1368,-37.8757],[-58.1759,-37.848],[-58.1778,-37.8467],[-58.1794,-37.8455],[-58.192,-37.8366],[-58.1958,-37.8338],[-58.1974,-37.8327],[-58.2108,-37.8249],[-58.2121,-37.824],[-58.2137,-37.8229],[-58.2205,-37.8185]],[[-59.0163,-37.3603],[-59.0185,-37.3598],[-59.0169,-37.3608]],[[-59.0161,-37.3613],[-59.0135,-37.3625],[-59.0156,-37.3608]],[[-59.0185,-37.3598],[-59.0206,-37.3588],[-59.021,-37.3586],[-59.0211,-37.3586],[-59.067,-37.3366],[-59.0711,-37.3346],[-59.0731,-37.3331],[-59.0752,-37.3315],[-59.076,-37.3308],[-59.0771,-37.33],[-59.0782,-37.3292],[-59.0789,-37.3288],[-59.0853,-37.3281],[-59.0855,-37.3281],[-59.0891,-37.3282],[-59.0919,-37.328],[-59.0924,-37.3278]],[[-59.9604,-36.8484],[-59.9019,-36.8473],[-59.9015,-36.8476],[-59.8995,-36.8491]],[[-59.8989,-36.8494],[-59.898,-36.8496],[-59.8984,-36.849]],[[-60.2292,-36.9367],[-60.2273,-36.9346],[-60.2089,-36.9199],[-60.2068,-36.9183],[-60.206,-36.9177],[-60.2046,-36.9166],[-60.2026,-36.9149],[-60.1979,-36.9112],[-60.1977,-36.9111],[-60.1493,-36.8826],[-60.147,-36.8807],[-60.1429,-36.8775],[-60.1102,-36.8527],[-60.0774,-36.8571],[-60.0772,-36.8571],[-59.9607,-36.8484]],[[-59.899,-36.8486],[-59.9014,-36.8475],[-59.9019,-36.8472],[-59.9598,-36.8476]],[[-57.6366,-37.9519],[-57.6381,-37.9511],[-57.6517,-37.9413],[-57.6531,-37.9405],[-57.6533,-37.9404],[-57.6794,-37.9287],[-57.6803,-37.9286],[-57.6814,-37.9284],[-57.7398,-37.9162],[-57.7422,-37.9152],[-57.7439,-37.9144],[-57.7707,-37.9065],[-57.7982,-37.8958],[-57.7984,-37.8958],[-57.8291,-37.8878],[-57.8299,-37.8873],[-57.8303,-37.887],[-57.8606,-37.8802],[-57.8608,-37.8802],[-57.8769,-37.8834],[-57.8771,-37.8834],[-57.8988,-37.8854],[-57.9,-37.8852],[-57.9009,-37.885],[-57.9019,-37.8848],[-57.902,-37.8847],[-57.9021,-37.8847],[-57.9022,-37.8847],[-57.9085,-37.8832],[-57.9086,-37.8832],[-57.9127,-37.8823],[-57.9129,-37.8822],[-57.9372,-37.8713],[-57.9389,-37.87],[-57.9417,-37.8679],[-57.9504,-37.8611],[-57.9505,-37.8611],[-57.9642,-37.8571],[-57.9664,-37.857],[-57.9672,-37.8569],[-57.968,-37.8569],[-57.9693,-37.8568],[-57.9746,-37.8565],[-57.9768,-37.8563],[-57.9816,-37.8561],[-58.0396,-37.8669],[-58.0397,-37.867],[-58.0682,-37.8784],[-58.0702,-37.8793],[-58.0727,-37.8804],[-58.1088,-37.8874],[-58.1091,-37.8874],[-58.1164,-37.8865],[-58.1186,-37.8862],[-58.1204,-37.8857],[-58.1246,-37.8839],[-58.1247,-37.8838],[-58.1362,-37.8757],[-58.1364,-37.8756],[-58.173,-37.8497],[-58.1747,-37.8485],[-58.1765,-37.8472],[-58.1892,-37.8382],[-58.1909,-37.837],[-58.1949,-37.8342],[-58.208,-37.8266],[-58.2096,-37.8255],[-58.2108,-37.8246],[-58.2166,-37.8209],[-58.2182,-37.8197],[-58.2202,-37.8182]],[[-58.221,-37.8182],[-58.2218,-37.8173],[-58.2297,-37.812],[-58.2301,-37.8118],[-58.2453,-37.8014],[-58.2454,-37.8014],[-58.3002,-37.7743],[-58.3012,-37.7739],[-58.3026,-37.7732],[-58.3043,-37.7723],[-58.3076,-37.7701],[-58.3507,-37.7385],[-58.3509,-37.7383],[-58.438,-37.6804],[-58.438,-37.6803],[-58.4438,-37.6762],[-58.4451,-37.6753],[-58.4551,-37.6724],[-58.4568,-37.6723],[-58.4703,-37.6717],[-58.4705,-37.6717],[-58.5539,-37.6613],[-58.5542,-37.6611],[-58.6196,-37.6286],[-58.6224,-37.6265],[-58.6714,-37.5879],[-58.7452,-37.5824],[-58.7464,-37.5823],[-58.7536,-37.582],[-58.7464,-37.5823]],[[-58.2207,-37.8179],[-58.2218,-37.8173]],[[-60.3024,-36.8783],[-60.3018,-36.8785],[-60.3005,-36.8795],[-60.2999,-36.88],[-60.298,-36.8815],[-60.2979,-36.8816],[-60.2973,-36.8822],[-60.2966,-36.8827],[-60.2924,-36.8861],[-60.29,-36.8881],[-60.2878,-36.8901]],[[-57.5836,-37.9797],[-57.583,-37.9803]],[[-57.6346,-37.9531],[-57.6356,-37.9541],[-57.6286,-37.9569]],[[-59.1224,-37.3051],[-59.1209,-37.306],[-59.1212,-37.3062],[-59.1224,-37.3051],[-59.1234,-37.3043],[-59.1236,-37.3042],[-59.1263,-37.302],[-59.13,-37.2994]],[[-61.16,-36.2184],[-61.1583,-36.2193],[-61.1595,-36.2181],[-61.1595,-36.218],[-61.1595,-36.2181]],[[-61.1267,-36.2385],[-61.1293,-36.2382],[-61.127,-36.2392]],[[-61.1583,-36.2193],[-61.1522,-36.2241],[-61.1368,-36.2358],[-61.1356,-36.2363],[-61.1313,-36.2376],[-61.1293,-36.2382]],[[-61.1251,-36.239],[-61.1234,-36.2399],[-61.1205,-36.2408],[-61.116,-36.243],[-61.1156,-36.2433],[-61.1155,-36.2434],[-61.1113,-36.2454],[-61.1102,-36.2459],[-61.1069,-36.2478],[-61.0992,-36.2539],[-61.0973,-36.2553],[-61.0961,-36.2563],[-61.0489,-36.2971],[-61.0488,-36.2972],[-60.9559,-36.3703],[-60.9548,-36.3719],[-60.9302,-36.3916],[-60.9299,-36.3918],[-60.8503,-36.4526],[-60.8501,-36.4529],[-60.8066,-36.489],[-60.806,-36.4895],[-60.3155,-36.8673],[-60.3151,-36.8676],[-60.3123,-36.8699],[-60.3099,-36.8719],[-60.3066,-36.8745],[-60.306,-36.875],[-60.3056,-36.8754],[-60.3035,-36.877],[-60.3031,-36.8774],[-60.303,-36.8775],[-60.3023,-36.8778]],[[-61.16,-36.2177],[-61.162,-36.2165],[-61.1604,-36.218]],[[-61.1255,-36.2397],[-61.1234,-36.2399]],[[-59.1046,-37.3187],[-59.1064,-37.3175],[-59.1121,-37.3131],[-59.1136,-37.3117],[-59.114,-37.312],[-59.1121,-37.3131]],[[-59.1136,-37.3117],[-59.1136,-37.3116],[-59.114,-37.3113],[-59.1145,-37.3116],[-59.1157,-37.3103],[-59.1162,-37.3099],[-59.1193,-37.3074],[-59.1206,-37.3062],[-59.1209,-37.3065],[-59.1212,-37.3062]],[[-59.1141,-37.3113],[-59.1157,-37.3103]],[[-59.1046,-37.3192],[-59.1029,-37.3202],[-59.1042,-37.319]],[[-59.1208,-37.3065],[-59.1193,-37.3074]],[[-59.1064,-37.3175],[-59.105,-37.319]],[[-59.1765,-37.2889],[-59.178,-37.2893],[-59.1804,-37.2894],[-59.1769,-37.29],[-59.1765,-37.2889],[-59.1743,-37.2877],[-59.1735,-37.2898],[-59.1685,-37.2893],[-59.1728,-37.2886]],[[-59.898,-36.8496],[-59.801,-36.9232],[-59.8008,-36.9233],[-59.7191,-36.9826],[-59.7188,-36.9827],[-59.6614,-37.0044],[-59.6612,-37.0044],[-59.5389,-37.0811],[-59.5387,-37.0812],[-59.3586,-37.2059],[-59.3579,-37.2065],[-59.2518,-37.2747],[-59.2514,-37.2749],[-59.2031,-37.2895],[-59.1804,-37.2894]],[[-59.1303,-37.2991],[-59.1305,-37.2988],[-59.1306,-37.2987],[-59.1317,-37.2978],[-59.1354,-37.2958],[-59.1382,-37.2944],[-59.1409,-37.293],[-59.1411,-37.2929],[-59.1429,-37.292],[-59.1467,-37.2901],[-59.1564,-37.2893],[-59.1569,-37.2893],[-59.1591,-37.2893],[-59.1665,-37.2893],[-59.1685,-37.2893]],[[-59.13,-37.2989],[-59.1305,-37.2987],[-59.1306,-37.2986],[-59.1317,-37.2978]],[[-58.4451,-37.6753],[-58.4465,-37.6742],[-58.4486,-37.6728],[-58.4551,-37.6724]],[[-60.2748,-36.9009],[-60.2661,-36.9075],[-60.266,-36.9077],[-60.2311,-36.9366]],[[-60.2302,-36.936],[-60.2658,-36.9075],[-60.2659,-36.9074],[-60.2744,-36.9004]],[[-59.0928,-37.3276],[-59.0936,-37.3274],[-59.093,-37.3279],[-59.0927,-37.3281],[-59.0924,-37.3277],[-59.0927,-37.3276],[-59.093,-37.3279]],[[-59.0926,-37.328],[-59.0919,-37.328]],[[-59.0936,-37.3274],[-59.0973,-37.3247],[-59.1004,-37.3222],[-59.1029,-37.3202]],[[-60.2875,-36.8903],[-60.2857,-36.8915],[-60.2753,-36.9004]],[[-60.2748,-36.9001],[-60.2872,-36.8901]],[[-60.3018,-36.8785],[-60.3021,-36.8781]],[[-60.303,-36.8775],[-60.3027,-36.878]],[[-59.1263,-37.302],[-59.1296,-37.2991]],[[-57.5821,-37.9801],[-57.5826,-37.9799],[-57.583,-37.9804],[-57.5825,-37.9806],[-57.5821,-37.9801]],[[-57.6374,-37.9525],[-57.6356,-37.9541]],[[-58.7536,-37.582],[-58.7549,-37.5819],[-58.7598,-37.5809],[-58.7607,-37.5807],[-58.7621,-37.5804],[-58.7626,-37.5803],[-58.763,-37.5801],[-58.7634,-37.58],[-58.7643,-37.5797],[-58.794,-37.5575],[-58.7942,-37.5573],[-58.9206,-37.4625],[-58.9211,-37.4621],[-58.9421,-37.4465],[-58.9424,-37.4463],[-58.9514,-37.4376],[-58.9535,-37.4351],[-58.967,-37.419],[-58.9685,-37.4172],[-59.0135,-37.3625]],[[-59.0789,-37.3288],[-59.0782,-37.3292],[-59.0772,-37.33],[-59.0752,-37.3315]],[[-59.1145,-37.3116],[-59.114,-37.312]],[[-59.1206,-37.3062],[-59.1209,-37.306]],[[-59.9611,-36.8477],[-60.0772,-36.857],[-60.0774,-36.857],[-60.1096,-36.8524],[-60.143,-36.8774],[-60.1471,-36.8807],[-60.1495,-36.8825],[-60.1978,-36.911],[-60.198,-36.9111],[-60.2017,-36.914],[-60.2024,-36.9146],[-60.2041,-36.916],[-60.2047,-36.9165],[-60.2299,-36.9361]],[[-58.3076,-37.7701],[-58.3043,-37.7723]],[[-59.1769,-37.29],[-59.1765,-37.2906],[-59.1748,-37.2907],[-59.1742,-37.2903],[-59.1735,-37.2898]],[[-62.4464,-35.4021],[-62.4464,-35.4012],[-62.4469,-35.4001],[-62.4464,-35.4021],[-62.432,-35.417],[-62.2803,-35.5242],[-62.2381,-35.5865],[-62.0817,-35.7206],[-62.0814,-35.7209],[-61.9737,-35.8084],[-61.9401,-35.8189],[-61.9298,-35.8274],[-61.9062,-35.8467],[-61.9058,-35.847],[-61.9054,-35.8473],[-61.905,-35.8476],[-61.866,-35.8783],[-61.8653,-35.8785],[-61.8647,-35.8786],[-61.7171,-35.9173],[-61.5699,-36.0299],[-61.2092,-36.1794],[-61.162,-36.2165]],[[-60.2875,-36.8899],[-60.29,-36.8881]],[[-62.9848,-35.0394],[-62.9849,-35.0395],[-62.9848,-35.0395],[-62.9841,-35.0396],[-62.9848,-35.0394]],[[-62.9836,-35.0397],[-62.9841,-35.0396],[-62.9836,-35.0397],[-62.9272,-35.0516],[-62.8378,-35.1241],[-62.7939,-35.1331],[-62.7504,-35.1688],[-62.75,-35.1692],[-62.7498,-35.1694],[-62.7496,-35.1695],[-62.7493,-35.1698],[-62.7091,-35.2039],[-62.676,-35.2098],[-62.6386,-35.2223],[-62.6208,-35.2372],[-62.471,-35.3642],[-62.4489,-35.3913],[-62.4469,-35.4001]]]}},{"type":"Feature","properties":{"ref":"RN 228"},"geometry":{"type":"MultiLineString","coordinates":[[[-58.7561,-38.5236],[-58.7573,-38.525],[-58.7658,-38.5318],[-58.7685,-38.5325],[-58.7707,-38.5325],[-59.1577,-38.5363],[-59.1579,-38.5363],[-59.315,-38.5538],[-59.3152,-38.5538],[-59.3702,-38.5598],[-59.371,-38.5599]],[[-58.7573,-38.525],[-58.7555,-38.524]],[[-60.1557,-38.4407],[-60.1574,-38.4408],[-60.1591,-38.4411],[-60.2471,-38.3838],[-60.2474,-38.3836],[-60.2504,-38.3813],[-60.2524,-38.3797],[-60.2557,-38.3772],[-60.256,-38.3769],[-60.2561,-38.3767],[-60.2561,-38.3766],[-60.2565,-38.3769],[-60.2561,-38.3767]],[[-60.2567,-38.3766],[-60.2572,-38.376],[-60.2579,-38.3755],[-60.2583,-38.3752],[-60.2585,-38.3751],[-60.2604,-38.3736],[-60.2623,-38.3721],[-60.2652,-38.3699],[-60.2657,-38.3696],[-60.266,-38.3695],[-60.2662,-38.3693],[-60.266,-38.3693],[-60.266,-38.3692],[-60.266,-38.3691],[-60.2661,-38.369],[-60.2662,-38.369],[-60.2664,-38.3688],[-60.2668,-38.3687],[-60.2672,-38.3684],[-60.276,-38.3617],[-60.278,-38.3601],[-60.279,-38.3594],[-60.281,-38.3578],[-60.2815,-38.357],[-60.2819,-38.3569],[-60.2821,-38.3571],[-60.2822,-38.3572],[-60.2821,-38.3575],[-60.281,-38.3578]],[[-59.3718,-38.5606],[-59.3725,-38.5605],[-59.4753,-38.5447],[-59.4757,-38.5446],[-59.5834,-38.5278],[-59.5835,-38.5278],[-59.6486,-38.5176],[-59.6488,-38.5176],[-59.7057,-38.5086],[-59.7059,-38.5086],[-59.7299,-38.5048],[-59.7302,-38.5048],[-60.15,-38.4406],[-60.1513,-38.4407],[-60.1544,-38.4409],[-60.1553,-38.4411]],[[-59.3719,-38.5602],[-59.3725,-38.5605]],[[-59.3708,-38.5603],[-59.3702,-38.5598]],[[-60.267,-38.3685],[-60.2667,-38.369],[-60.2664,-38.3692],[-60.2664,-38.369],[-60.2662,-38.369]],[[-60.2655,-38.3697],[-60.2656,-38.3694],[-60.266,-38.3692]],[[-60.2563,-38.3769],[-60.2557,-38.3772]],[[-60.2565,-38.3764],[-60.2572,-38.376]],[[-58.7707,-38.5325],[-58.7694,-38.5326],[-58.7685,-38.5326],[-58.7684,-38.5326],[-58.7668,-38.5324],[-58.7658,-38.5318]],[[-60.2821,-38.3575],[-60.2815,-38.357]],[[-60.1591,-38.4411],[-60.1573,-38.4411],[-60.1559,-38.4411]],[[-60.1544,-38.4409],[-60.1553,-38.4408]],[[-60.2657,-38.3696],[-60.266,-38.3693],[-60.2662,-38.3692],[-60.2664,-38.369],[-60.2668,-38.3687]],[[-60.2664,-38.3692],[-60.2663,-38.3693],[-60.2662,-38.3693]]]}},{"type":"Feature","properties":{"ref":"RN 229"},"geometry":{"type":"MultiLineString","coordinates":[[[-62.1759,-38.7578],[-62.1762,-38.7581],[-62.1761,-38.7583],[-62.176,-38.7583],[-62.1756,-38.7583],[-62.1755,-38.7582],[-62.1759,-38.7578],[-62.1751,-38.7571],[-62.1746,-38.7559],[-62.1745,-38.7555],[-62.1744,-38.7552],[-62.1723,-38.7517],[-62.1717,-38.7506],[-62.1697,-38.747],[-62.1688,-38.7455],[-62.1676,-38.7433],[-62.1669,-38.7389],[-62.1671,-38.7381],[-62.1634,-38.7352],[-62.1632,-38.7353],[-62.1671,-38.7381]],[[-62.1164,-38.7775],[-62.1162,-38.7782],[-62.116,-38.779],[-62.1095,-38.803],[-62.1093,-38.8037],[-62.1091,-38.8045],[-62.1086,-38.806],[-62.108,-38.8082],[-62.1076,-38.8095],[-62.1062,-38.8146],[-62.1037,-38.8223],[-62.0947,-38.8404],[-62.0928,-38.8473],[-62.0891,-38.8611],[-62.0878,-38.8658],[-62.0872,-38.868],[-62.0819,-38.8876],[-62.0803,-38.8873],[-62.0855,-38.8681],[-62.0866,-38.8683],[-62.0871,-38.8684]],[[-62.1755,-38.7582],[-62.1754,-38.7578],[-62.1751,-38.7571]],[[-62.0819,-38.8876],[-62.0804,-38.893]],[[-62.0866,-38.8683],[-62.0872,-38.868]],[[-62.1638,-38.7355],[-62.1636,-38.7356]]]}},{"type":"Feature","properties":{"ref":"RN 231"},"geometry":{"type":"MultiLineString","coordinates":[[[-71.8091,-40.729],[-71.8096,-40.7293],[-71.81,-40.7296],[-71.8094,-40.7294],[-71.809,-40.7292],[-71.8085,-40.7288],[-71.8091,-40.729]],[[-71.81,-40.7296],[-71.8114,-40.7304],[-71.8129,-40.7312],[-71.819,-40.7325],[-71.8324,-40.7336],[-71.833,-40.7337],[-71.8613,-40.7459],[-71.8615,-40.7459],[-71.8665,-40.7458],[-71.8668,-40.746],[-71.8686,-40.7466],[-71.8713,-40.7482],[-71.8838,-40.7413],[-71.8863,-40.7404],[-71.8863,-40.7401],[-71.8884,-40.7384],[-71.889,-40.7397],[-71.8911,-40.7391],[-71.8937,-40.737],[-71.8951,-40.737],[-71.918,-40.725],[-71.9182,-40.7251],[-71.9269,-40.7253],[-71.9272,-40.7251],[-71.9278,-40.7251],[-71.9287,-40.7242],[-71.9364,-40.7186],[-71.9445,-40.7125]],[[-71.6968,-40.6918],[-71.6968,-40.6913],[-71.697,-40.6909],[-71.6976,-40.6902],[-71.6982,-40.6896],[-71.7,-40.6884],[-71.7039,-40.6872],[-71.7376,-40.6732],[-71.7737,-40.6798],[-71.7802,-40.7065],[-71.7839,-40.7095],[-71.7902,-40.7125],[-71.7903,-40.7128],[-71.8046,-40.7229],[-71.8054,-40.7239],[-71.8056,-40.7247],[-71.8057,-40.7253],[-71.8059,-40.7262],[-71.8074,-40.7283],[-71.8085,-40.7288]],[[-71.8057,-40.7253],[-71.8056,-40.7247]]]}},{"type":"Feature","properties":{"ref":"RN 232"},"geometry":{"type":"MultiLineString","coordinates":[[[-66.0885,-38.1422],[-66.0903,-38.1429],[-66.0908,-38.143],[-66.1908,-38.2021],[-66.264,-38.3473],[-66.2966,-38.4124],[-66.3002,-38.4198],[-66.4406,-38.7206],[-66.4357,-38.7393],[-66.4351,-38.7449],[-66.4352,-38.746],[-66.435,-38.7481],[-66.4358,-38.9175],[-66.4657,-39.0115],[-66.4997,-39.035],[-66.5141,-39.0857],[-66.5142,-39.0865],[-66.5143,-39.0871],[-66.5142,-39.0872],[-66.5142,-39.0871],[-66.5141,-39.0857]],[[-66.435,-38.7481],[-66.4349,-38.7461]],[[-66.0886,-38.1422],[-66.0903,-38.1429]]]}},{"type":"Feature","properties":{"ref":"RN 234"},"geometry":{"type":"MultiLineString","coordinates":[[[-70.8273,-39.9993],[-70.826,-40.0024],[-70.8234,-39.9996]],[[-70.826,-40.0024],[-70.817,-40.05],[-70.7531,-40.0922],[-70.7415,-40.1241],[-70.6787,-40.1642],[-70.6335,-40.2271],[-70.6349,-40.2752],[-70.6666,-40.3293],[-70.6458,-40.4322],[-70.6458,-40.4327],[-70.6449,-40.4366],[-70.6402,-40.4392],[-70.6396,-40.4395]]]}},{"type":"Feature","properties":{"ref":"RN 237"},"geometry":{"type":"MultiLineString","coordinates":[[[-71.1532,-41.0325],[-71.1531,-41.0324],[-71.153,-41.0318],[-71.1526,-41.0307],[-71.1444,-41.0144],[-71.1443,-41.0144],[-71.0881,-40.9847],[-71.0397,-40.9356],[-71.0396,-40.9354],[-71.0475,-40.8719],[-71.0964,-40.8437],[-71.0968,-40.8436],[-71.1249,-40.7784],[-71.1248,-40.7783],[-71.099,-40.7303],[-71.0939,-40.7254],[-71.0902,-40.724],[-71.089,-40.7236],[-71.0778,-40.7244],[-71.0347,-40.7229],[-71.0269,-40.7077],[-70.9788,-40.6108],[-70.9786,-40.6105],[-70.9686,-40.5938],[-70.9596,-40.5991],[-70.9323,-40.6104],[-70.891,-40.5916],[-70.8746,-40.5775],[-70.7846,-40.574],[-70.7129,-40.5353],[-70.6574,-40.4703],[-70.6628,-40.4592],[-70.6644,-40.4554],[-70.6611,-40.4405],[-70.652,-40.437],[-70.6485,-40.4363],[-70.6477,-40.4361],[-70.6457,-40.4357],[-70.6453,-40.4356],[-70.6451,-40.4356],[-70.6429,-40.4362],[-70.6396,-40.4395],[-70.637,-40.4411],[-70.5494,-40.4036],[-70.5476,-40.4029],[-70.4792,-40.3936],[-70.3793,-40.2739],[-70.3114,-40.2255],[-70.2724,-40.1603],[-70.2098,-40.123],[-70.205,-40.1207],[-70.2035,-40.1203],[-70.1968,-40.1104],[-70.1931,-40.1066],[-70.1268,-40.0744],[-70.1254,-40.0736],[-70.1241,-40.073],[-70.1238,-40.0729],[-70.1231,-40.0725],[-70.1224,-40.0721],[-70.122,-40.072],[-70.121,-40.0714],[-70.1221,-40.0719],[-70.1232,-40.0724],[-70.1254,-40.0736]],[[-71.153,-41.0324],[-71.1529,-41.0319],[-71.1526,-41.0307]],[[-68.5846,-39.0761],[-68.5895,-39.0765],[-68.5895,-39.0771],[-68.5901,-39.0784],[-68.5915,-39.0794],[-68.5933,-39.0806],[-68.5945,-39.0815],[-68.7093,-39.1595],[-68.7817,-39.2304],[-68.7818,-39.2305],[-68.7885,-39.2383],[-68.7934,-39.244],[-68.7969,-39.2465],[-68.7983,-39.2471],[-68.7995,-39.2475],[-68.8147,-39.2528],[-68.8285,-39.2571],[-68.8288,-39.2572],[-68.8361,-39.2587],[-68.8411,-39.2585],[-68.856,-39.2619],[-68.856,-39.2621],[-68.8549,-39.2696],[-68.8713,-39.2866],[-68.8785,-39.2891],[-68.8895,-39.2949],[-68.9464,-39.3181],[-68.9469,-39.3185],[-68.967,-39.3291],[-68.9672,-39.3292],[-68.989,-39.3387],[-68.9894,-39.3389],[-69.0874,-39.3837],[-69.1842,-39.4265],[-69.1844,-39.4267],[-69.1896,-39.4318],[-69.2365,-39.4546],[-69.2367,-39.4547],[-69.2685,-39.4661],[-69.2893,-39.5065],[-69.2909,-39.5096],[-69.2912,-39.5102],[-69.2915,-39.5109],[-69.292,-39.5119],[-69.2939,-39.5155],[-69.2945,-39.5168],[-69.2954,-39.5187],[-69.296,-39.5197],[-69.297,-39.5241],[-69.297,-39.5244],[-69.2974,-39.526],[-69.2976,-39.5272],[-69.303,-39.5363],[-69.3048,-39.5391],[-69.3063,-39.5416],[-69.3056,-39.5402],[-69.3054,-39.5399],[-69.3048,-39.5391]],[[-69.3063,-39.5416],[-69.307,-39.5426],[-69.3074,-39.5433],[-69.3174,-39.5593],[-69.3175,-39.5594],[-69.3224,-39.5671],[-69.3273,-39.5749],[-69.3274,-39.5751],[-69.3316,-39.5817],[-69.3816,-39.6386],[-69.3835,-39.6396],[-69.3836,-39.6397],[-69.5126,-39.7111],[-69.6424,-39.7564],[-69.6604,-39.7843],[-69.9204,-39.9099],[-69.9712,-39.9423],[-70.0004,-39.9591],[-70.0033,-39.961],[-70.0034,-39.961],[-70.0181,-39.9708],[-70.0429,-39.9816],[-70.0441,-40.001],[-70.0496,-40.006],[-70.0508,-40.0091],[-70.0491,-40.026],[-70.0671,-40.0378],[-70.0683,-40.0392],[-70.0689,-40.04],[-70.0839,-40.0547],[-70.085,-40.0555],[-70.0882,-40.0577],[-70.0898,-40.0584],[-70.0938,-40.0596],[-70.094,-40.0597],[-70.12,-40.0709],[-70.121,-40.0714]],[[-69.2939,-39.5155],[-69.2946,-39.5168],[-69.2955,-39.5186],[-69.296,-39.5197]],[[-68.589,-39.077],[-68.5895,-39.0771],[-68.5895,-39.077]],[[-68.5895,-39.0765],[-68.5895,-39.0767],[-68.5895,-39.0765]]]}},{"type":"Feature","properties":{"ref":"RN 242"},"geometry":{"type":"MultiLineString","coordinates":[[[-70.3677,-38.5378],[-70.37,-38.5359],[-70.3706,-38.5355],[-70.3712,-38.535],[-70.3966,-38.5233],[-70.3969,-38.5231],[-70.4536,-38.51],[-70.4539,-38.5097],[-70.4664,-38.506],[-70.5684,-38.5416],[-70.6388,-38.5366],[-70.6773,-38.5554],[-70.686,-38.5775],[-70.6984,-38.5831],[-70.7262,-38.61],[-70.7308,-38.6151],[-70.7327,-38.6195],[-70.7428,-38.6239],[-70.8324,-38.6615],[-70.8379,-38.6665],[-70.839,-38.6671],[-70.8397,-38.6676],[-70.8399,-38.6677],[-70.8405,-38.6682],[-70.8398,-38.6679],[-70.8396,-38.6677],[-70.839,-38.6671]],[[-70.8405,-38.6682],[-70.8417,-38.6682],[-70.844,-38.6678],[-70.8968,-38.6635]]]}},{"type":"Feature","properties":{"ref":"RN 249"},"geometry":{"type":"MultiLineString","coordinates":[[[-62.0554,-38.8892],[-62.0536,-38.8891],[-62.0534,-38.8891],[-62.0522,-38.8891],[-62.0534,-38.8892],[-62.0536,-38.8892],[-62.0554,-38.8892],[-62.0644,-38.8893],[-62.0664,-38.8895],[-62.0709,-38.8861],[-62.0751,-38.8896],[-62.0778,-38.8918],[-62.0804,-38.893]],[[-62.0522,-38.8891],[-62.0491,-38.8891],[-61.9039,-38.7863],[-61.9011,-38.784],[-61.8987,-38.7824],[-61.8983,-38.7817]],[[-61.8987,-38.7824],[-61.8978,-38.7821]],[[-62.0644,-38.8893],[-62.0699,-38.8853],[-62.0709,-38.8861]],[[-62.0751,-38.8896],[-62.0729,-38.8912],[-62.0677,-38.8869]]]}},{"type":"Feature","properties":{"ref":"RN 250"},"geometry":{"type":"MultiLineString","coordinates":[[[-65.6675,-39.2829],[-65.6713,-39.2853],[-65.6757,-39.2885],[-65.6789,-39.2908],[-65.7199,-39.3303],[-65.7218,-39.3312]],[[-64.4743,-40.1093],[-64.4733,-40.1092],[-64.4741,-40.1088]],[[-64.475,-40.1086],[-64.476,-40.1086],[-64.4752,-40.1091]],[[-64.4733,-40.1092],[-64.4039,-40.1175],[-64.1849,-40.2517],[-64.155,-40.2797],[-64.1377,-40.2935],[-64.0652,-40.2918],[-63.9791,-40.3322],[-63.8952,-40.4284],[-63.7304,-40.4803],[-63.6576,-40.5195],[-63.6572,-40.5196],[-63.6055,-40.5444],[-63.5857,-40.5659],[-63.5854,-40.5661],[-63.5852,-40.5663],[-63.585,-40.5664],[-63.482,-40.6905],[-63.4814,-40.6915]],[[-63.4806,-40.691],[-63.482,-40.6905]],[[-65.722,-39.3317],[-65.7214,-39.3327],[-65.7213,-39.3316]],[[-65.7214,-39.3327],[-65.7181,-39.3454],[-65.7181,-39.3456],[-65.7038,-39.3966],[-65.7038,-39.3967],[-65.6898,-39.4148],[-65.689,-39.4154],[-65.6884,-39.4158],[-65.6877,-39.4164],[-65.6887,-39.4162],[-65.6894,-39.4156],[-65.6898,-39.4148]],[[-65.668,-39.2824],[-65.6713,-39.2853]],[[-65.7213,-39.3315],[-65.7199,-39.3303]],[[-65.6877,-39.4164],[-65.664,-39.4347],[-65.6567,-39.4404],[-65.6544,-39.4422],[-65.6466,-39.4481],[-65.6065,-39.4783],[-65.607,-39.4855],[-65.6084,-39.488],[-65.609,-39.4889],[-65.6174,-39.5108],[-65.5867,-39.5564],[-65.49,-39.6339],[-65.4737,-39.6871],[-65.4096,-39.7748],[-65.446,-39.9036],[-65.329,-39.9672],[-65.3279,-39.967],[-65.3273,-39.9668],[-65.3265,-39.9666],[-65.0143,-39.8994],[-64.6542,-40.0652],[-64.476,-40.1086]],[[-65.329,-39.9672],[-65.328,-39.9674],[-65.3274,-39.9677],[-65.3269,-39.9674],[-65.3268,-39.9672],[-65.3265,-39.9666]],[[-65.6887,-39.4162],[-65.6884,-39.4158]],[[-65.689,-39.4154],[-65.6894,-39.4156]],[[-65.3268,-39.9672],[-65.3273,-39.9668]],[[-65.3279,-39.967],[-65.328,-39.9674]]]}},{"type":"Feature","properties":{"ref":"RN 251"},"geometry":{"type":"MultiLineString","coordinates":[[[-64.4742,-40.1087],[-64.4742,-40.1078],[-64.4732,-40.1051],[-64.4723,-40.1028],[-64.4707,-40.1004],[-64.4705,-40.1002],[-64.4669,-40.0974],[-64.4637,-40.0943],[-64.4636,-40.0938],[-64.4636,-40.0932],[-64.4639,-40.0921],[-64.4682,-40.0884],[-64.469,-40.0836],[-64.4686,-40.0832],[-64.4656,-40.0803],[-64.4461,-40.0496],[-64.4385,-39.8739],[-64.4385,-39.8693],[-64.4225,-39.0549],[-64.4225,-39.0543],[-64.4225,-39.054],[-64.4224,-39.0534],[-64.4224,-39.0531],[-64.4224,-39.0521],[-64.4225,-39.0521],[-64.4224,-39.0531]],[[-64.4752,-40.1092],[-64.4751,-40.11],[-64.4908,-40.183],[-64.6373,-40.4837],[-64.7147,-40.5395],[-64.7344,-40.5743],[-64.9909,-40.703],[-64.9932,-40.7035],[-64.9947,-40.704],[-64.997,-40.7059],[-65.0017,-40.7104],[-65.002,-40.7122]],[[-64.997,-40.7059],[-64.9942,-40.7048],[-64.9928,-40.7043],[-64.9909,-40.703]],[[-64.4742,-40.1078],[-64.4749,-40.1085]],[[-64.4751,-40.11],[-64.4745,-40.1094]],[[-65.0017,-40.7104],[-65.0031,-40.7121]],[[-64.9947,-40.704],[-64.9942,-40.7048]],[[-64.9928,-40.7043],[-64.9932,-40.7035]]]}},{"type":"Feature","properties":{"ref":"RN 252"},"geometry":{"type":"MultiLineString","coordinates":[[[-62.2427,-38.7735],[-62.2483,-38.778],[-62.2608,-38.787],[-62.2613,-38.7869],[-62.2624,-38.787],[-62.2642,-38.7876],[-62.2647,-38.7876],[-62.2655,-38.7873]]]}},{"type":"Feature","properties":{"ref":"RN 259"},"geometry":{"type":"MultiLineString","coordinates":[[[-71.3377,-42.9174],[-71.3376,-42.9175],[-71.338,-42.9176],[-71.3377,-42.9174],[-71.3374,-42.9173],[-71.3332,-42.9203],[-71.3334,-42.9205],[-71.3376,-42.9175],[-71.3374,-42.9173]],[[-71.7545,-43.1753],[-71.7497,-43.1739],[-71.7486,-43.1745],[-71.7066,-43.1759],[-71.647,-43.1827],[-71.6391,-43.1822],[-71.617,-43.1809],[-71.6071,-43.1962],[-71.6068,-43.1962],[-71.5819,-43.199],[-71.5816,-43.1991],[-71.5496,-43.1952],[-71.5493,-43.195],[-71.5091,-43.1739],[-71.4985,-43.1686],[-71.4342,-43.1342],[-71.4395,-43.1306],[-71.4403,-43.13],[-71.442,-43.1268],[-71.4423,-43.1266],[-71.4638,-43.1109],[-71.4639,-43.1017],[-71.4639,-43.0897],[-71.464,-43.0798]],[[-71.3081,-42.9079],[-71.3163,-42.9141],[-71.3164,-42.9142],[-71.3163,-42.9143],[-71.3184,-42.9159],[-71.3256,-42.9213],[-71.3287,-42.9236]],[[-71.3164,-42.9142],[-71.3186,-42.9158],[-71.3268,-42.9219],[-71.3288,-42.9235],[-71.332,-42.9212],[-71.333,-42.9204],[-71.3333,-42.9206],[-71.3312,-42.9222],[-71.3291,-42.9237]],[[-71.2157,-42.9489],[-71.2164,-42.9487],[-71.217,-42.9486],[-71.2181,-42.9484],[-71.2332,-42.9453],[-71.2387,-42.9431],[-71.2438,-42.9393],[-71.2439,-42.9393],[-71.2889,-42.9073],[-71.2931,-42.9033],[-71.298,-42.9008],[-71.2984,-42.9009],[-71.2987,-42.9011],[-71.299,-42.9013],[-71.3077,-42.9079],[-71.3079,-42.9081],[-71.3161,-42.9142],[-71.3163,-42.9143]],[[-71.338,-42.9176],[-71.3411,-42.9201],[-71.3526,-42.9284],[-71.3533,-42.9286],[-71.3633,-42.9325],[-71.3955,-42.9642],[-71.3959,-42.9651],[-71.3962,-42.9659],[-71.3967,-42.974],[-71.3965,-42.9743],[-71.46,-43.0675],[-71.4613,-43.0729],[-71.4621,-43.0761],[-71.4621,-43.0764]],[[-71.2156,-42.9488],[-71.2181,-42.9484]],[[-71.4634,-43.0787],[-71.4624,-43.078],[-71.4622,-43.0766]],[[-71.4642,-43.0798],[-71.4641,-43.0897],[-71.4639,-43.1017]],[[-71.4623,-43.0766],[-71.4626,-43.0779],[-71.4635,-43.0786]],[[-71.4621,-43.0761],[-71.4623,-43.0764]],[[-71.4624,-43.078],[-71.4622,-43.0778]],[[-71.2984,-42.9009],[-71.3038,-42.9047],[-71.3079,-42.9078]],[[-71.3334,-42.9205],[-71.3333,-42.9206]],[[-71.333,-42.9204],[-71.3332,-42.9203]],[[-71.3079,-42.9081],[-71.3077,-42.9079]],[[-71.3161,-42.9142],[-71.3163,-42.9141]]]}},{"type":"Feature","properties":{"ref":"RN 260"},"geometry":{"type":"MultiLineString","coordinates":[[[-70.4051,-45.9362],[-70.6024,-45.9595],[-70.6029,-45.9593],[-70.6155,-45.9545],[-70.6157,-45.9544],[-70.6173,-45.9538],[-70.6173,-45.9537],[-70.791,-45.8927],[-70.9157,-45.9088],[-71.0946,-45.8854],[-71.1278,-45.9095],[-71.1515,-45.9161],[-71.1563,-45.9156],[-71.1804,-45.9188],[-71.2009,-45.9275]],[[-71.2657,-45.9365],[-71.2712,-45.9376],[-71.2657,-45.9365],[-71.2645,-45.9364],[-71.2642,-45.9363],[-71.2641,-45.9363],[-71.2625,-45.9354],[-71.2588,-45.9337],[-71.2226,-45.9341],[-71.2588,-45.9337],[-71.3363,-45.9225],[-71.3556,-45.9218],[-71.3778,-45.922],[-71.4984,-45.9424],[-71.5323,-45.9495],[-71.6453,-45.9145],[-71.6459,-45.9143],[-71.646,-45.9142]],[[-71.2712,-45.9376],[-71.2714,-45.9376],[-71.2733,-45.937],[-71.3363,-45.9225]],[[-71.1563,-45.9156],[-71.1804,-45.9188],[-71.2226,-45.9341]],[[-71.1278,-45.9095],[-71.1515,-45.9161]],[[-71.3556,-45.9218],[-71.3778,-45.922]]]}},{"type":"Feature","properties":{"ref":"RN 281"},"geometry":{"type":"MultiLineString","coordinates":[[[-67.2128,-47.1396],[-67.2114,-47.1395],[-67.1518,-47.1811],[-67.1472,-47.1844],[-67.1487,-47.1833],[-67.1491,-47.1829],[-67.1495,-47.1827],[-67.1518,-47.1811]],[[-65.9138,-47.7321],[-65.9141,-47.7325],[-65.922,-47.7494],[-65.9158,-47.751],[-65.9143,-47.7515],[-65.9108,-47.7527],[-65.9083,-47.7536],[-65.9075,-47.7536],[-65.906,-47.7535],[-65.9054,-47.7534],[-65.9052,-47.7533],[-65.9054,-47.7534],[-65.906,-47.7535]],[[-67.1472,-47.1844],[-67.1439,-47.1869],[-67.1385,-47.1903],[-67.063,-47.2425],[-67.0361,-47.263],[-66.9297,-47.343],[-66.7864,-47.3793],[-66.7363,-47.4099],[-66.0419,-47.6441],[-66.0385,-47.6476],[-66.035,-47.6512],[-65.9668,-47.6832],[-65.9134,-47.7311],[-65.9138,-47.7317],[-65.9128,-47.7323],[-65.9126,-47.7318],[-65.9128,-47.7316],[-65.9134,-47.7311]],[[-65.9141,-47.7325],[-65.9133,-47.7324]],[[-67.2114,-47.1395],[-67.2119,-47.1383]],[[-65.9128,-47.7316],[-65.9138,-47.7317]],[[-65.897,-47.7572],[-65.8975,-47.7574]]]}},{"type":"Feature","properties":{"ref":"RN 288"},"geometry":{"type":"MultiLineString","coordinates":[[[-68.9109,-50.0551],[-68.911,-50.0549],[-68.9121,-50.0528],[-68.9175,-50.0087],[-68.9229,-50.002],[-68.9238,-50.0009],[-68.9245,-50.0],[-68.9273,-49.9966],[-68.929,-49.9943],[-68.9294,-49.9933],[-68.93,-49.9934],[-68.929,-49.9943]],[[-68.9294,-49.9933],[-68.9296,-49.9929],[-68.9291,-49.9919]],[[-68.9309,-49.991],[-68.9307,-49.9916],[-68.9308,-49.9915],[-68.9314,-49.9917],[-68.9304,-49.9825],[-68.9299,-49.9827],[-68.9308,-49.9915]],[[-68.9102,-50.0554],[-68.9094,-50.0554],[-68.9063,-50.0552],[-68.5388,-50.0259],[-68.5382,-50.0255],[-68.5365,-50.0243],[-68.5364,-50.0243],[-68.5363,-50.0242],[-68.536,-50.0243],[-68.5363,-50.0245],[-68.5357,-50.0247],[-68.536,-50.0243]],[[-68.5382,-50.0255],[-68.5375,-50.0251],[-68.5371,-50.0248],[-68.5364,-50.0245],[-68.5365,-50.0243]],[[-68.9284,-49.9813],[-68.9286,-49.981],[-68.9282,-49.9804],[-68.9288,-49.9802],[-68.9297,-49.9814],[-68.931,-49.9816],[-68.9303,-49.9823],[-68.9304,-49.9824],[-68.9308,-49.9827]],[[-68.9299,-49.9829],[-68.9297,-49.9825],[-68.929,-49.9815],[-68.9285,-49.9815]],[[-68.9307,-49.9926],[-68.931,-49.9931],[-68.9302,-49.9932]],[[-68.9319,-49.9913],[-68.9313,-49.9918],[-68.93,-49.9934]],[[-68.9293,-49.9807],[-68.9295,-49.9812]],[[-68.9292,-49.9918],[-68.9305,-49.9918],[-68.9296,-49.9929]],[[-68.9304,-49.9824],[-68.9304,-49.9825]],[[-71.4281,-49.5951],[-71.4203,-49.5926],[-71.4008,-49.5851],[-71.4007,-49.585],[-71.3514,-49.5788],[-71.3241,-49.5466],[-71.2245,-49.5069],[-71.101,-49.5127],[-70.865,-49.4787],[-70.7048,-49.4771],[-70.5055,-49.5159],[-70.191,-49.505],[-69.9348,-49.5286],[-69.9163,-49.5241],[-69.7841,-49.5232],[-69.684,-49.5504],[-69.6526,-49.5804],[-69.5857,-49.5768],[-69.5159,-49.5942],[-69.5157,-49.5944],[-69.4738,-49.621],[-69.3254,-49.6615],[-69.3252,-49.6616],[-69.2063,-49.7102],[-69.1153,-49.7166],[-69.0739,-49.8107],[-68.9674,-49.9228],[-68.9676,-49.9712],[-68.931,-49.9816]],[[-68.929,-49.9815],[-68.9286,-49.981]],[[-68.9106,-50.0557],[-68.9101,-50.0555],[-68.9094,-50.0554]],[[-68.9305,-49.9918],[-68.9307,-49.9916]],[[-71.2755,-49.5277],[-71.3251,-49.5478],[-71.3513,-49.5795],[-71.3985,-49.5851],[-71.3988,-49.5853],[-71.4028,-49.5883]],[[-69.5125,-49.5944],[-69.5146,-49.5938],[-69.5151,-49.5937],[-69.5173,-49.5932]],[[-71.4273,-49.5918],[-71.4221,-49.5932]],[[-68.4118,-50.1168],[-68.4171,-50.116],[-68.4581,-50.1095],[-68.51,-50.0732],[-68.5101,-50.073],[-68.5148,-50.0685],[-68.5149,-50.0684],[-68.5282,-50.0308],[-68.5285,-50.03],[-68.535,-50.0251],[-68.5357,-50.0247]],[[-68.5364,-50.0245],[-68.5363,-50.0245]],[[-68.9314,-49.9917],[-68.9313,-49.9918]],[[-69.9353,-49.5285],[-69.9155,-49.5235]]]}},{"type":"Feature","properties":{"ref":"RN 293"},"geometry":{"type":"MultiLineString","coordinates":[[[-72.1838,-51.6596],[-72.2044,-51.662],[-72.2113,-51.6602],[-72.2987,-51.6847]]]}}]}